{
"skeleton": { "hash": "AV6wIqTKcYMvIGd2ylcM1+7o9w8", "spine": "3.6.53", "width": 167, "height": 51, "images": "" },
"bones": [
	{ "name": "root" },
	{ "name": "q2", "parent": "root" },
	{ "name": "q3", "parent": "root" }
],
"slots": [
	{ "name": "q3", "bone": "q3", "attachment": "grab_multi_4" },
	{ "name": "q2", "bone": "q2", "attachment": "grab_multi_4" }
],
"skins": {
	"default": {
		"q2": {
			"grab_multi_1": { "width": 160, "height": 51 },
			"grab_multi_2": { "width": 167, "height": 51 },
			"grab_multi_4": { "width": 167, "height": 51 },
			"q3": { "width": 86, "height": 48 }
		},
		"q3": {
			"grab_multi_1": { "width": 160, "height": 51 },
			"grab_multi_2": { "width": 167, "height": 51 },
			"grab_multi_4": { "width": 167, "height": 51 },
			"q3": { "width": 86, "height": 48 }
		}
	}
},
"animations": {
	"buqiang": {
		"slots": {
			"q2": {
				"attachment": [
					{ "time": 0, "name": "q3" }
				]
			},
			"q3": {
				"color": [
					{ "time": 0.6667, "color": "ffffff27" },
					{ "time": 0.8333, "color": "ffffff09" }
				],
				"attachment": [
					{ "time": 0, "name": null },
					{ "time": 0.6667, "name": "q3" },
					{ "time": 0.8333, "name": null },
					{ "time": 1, "name": null }
				]
			}
		},
		"bones": {
			"q3": {
				"scale": [
					{ "time": 0.6667, "x": 1.083, "y": 1.083 },
					{ "time": 0.8333, "x": 1.873, "y": 1.873 }
				]
			},
			"q2": {
				"scale": [
					{
						"time": 0,
						"x": 0.41,
						"y": 0.41,
						"curve": [ 0.25, 0, 0.75, 1 ]
					},
					{
						"time": 0.3333,
						"x": 1.5,
						"y": 1.5,
						"curve": [ 0.25, 0, 0.75, 1 ]
					},
					{
						"time": 0.5,
						"x": 0.7,
						"y": 0.7,
						"curve": [ 0.25, 0, 0.75, 1 ]
					},
					{ "time": 0.6667, "x": 1, "y": 1, "curve": "stepped" },
					{ "time": 1, "x": 1, "y": 1 }
				]
			}
		}
	},
	"buqiangb": {
		"slots": {
			"q2": {
				"attachment": [
					{ "time": 0, "name": "q3" }
				]
			},
			"q3": {
				"attachment": [
					{ "time": 0, "name": null }
				]
			}
		}
	},
	"qiang_1": {
		"slots": {
			"q2": {
				"attachment": [
					{ "time": 0, "name": "grab_multi_1" }
				]
			},
			"q3": {
				"color": [
					{ "time": 0.6667, "color": "ffffff27" },
					{ "time": 0.8333, "color": "ffffff09" }
				],
				"attachment": [
					{ "time": 0, "name": null },
					{ "time": 0.6667, "name": "grab_multi_1" },
					{ "time": 0.8333, "name": null },
					{ "time": 1, "name": null }
				]
			}
		},
		"bones": {
			"q3": {
				"scale": [
					{ "time": 0.6667, "x": 1.061, "y": 1.061 },
					{ "time": 0.8333, "x": 1.65, "y": 1.65 }
				]
			},
			"q2": {
				"scale": [
					{
						"time": 0,
						"x": 0.41,
						"y": 0.41,
						"curve": [ 0.25, 0, 0.75, 1 ]
					},
					{
						"time": 0.3333,
						"x": 1.5,
						"y": 1.5,
						"curve": [ 0.25, 0, 0.75, 1 ]
					},
					{
						"time": 0.5,
						"x": 0.7,
						"y": 0.7,
						"curve": [ 0.25, 0, 0.75, 1 ]
					},
					{ "time": 0.6667, "x": 1, "y": 1, "curve": "stepped" },
					{ "time": 1, "x": 1, "y": 1 }
				]
			}
		}
	},
	"qiang_2": {
		"slots": {
			"q2": {
				"attachment": [
					{ "time": 0, "name": "grab_multi_2" }
				]
			},
			"q3": {
				"color": [
					{ "time": 0.6667, "color": "ffffff27" },
					{ "time": 0.8333, "color": "ffffff09" }
				],
				"attachment": [
					{ "time": 0, "name": null },
					{ "time": 0.6667, "name": "grab_multi_2" },
					{ "time": 0.8333, "name": null },
					{ "time": 1, "name": null }
				]
			}
		},
		"bones": {
			"q3": {
				"scale": [
					{ "time": 0.6667, "x": 1.061, "y": 1.061 },
					{ "time": 0.8333, "x": 1.65, "y": 1.65 }
				]
			},
			"q2": {
				"scale": [
					{
						"time": 0,
						"x": 0.41,
						"y": 0.41,
						"curve": [ 0.25, 0, 0.75, 1 ]
					},
					{
						"time": 0.3333,
						"x": 1.5,
						"y": 1.5,
						"curve": [ 0.25, 0, 0.75, 1 ]
					},
					{
						"time": 0.5,
						"x": 0.7,
						"y": 0.7,
						"curve": [ 0.25, 0, 0.75, 1 ]
					},
					{ "time": 0.6667, "x": 1, "y": 1, "curve": "stepped" },
					{ "time": 1, "x": 1, "y": 1 }
				]
			}
		}
	},
	"qiang_4": {
		"slots": {
			"q2": {
				"attachment": [
					{ "time": 0, "name": "grab_multi_4" }
				]
			},
			"q3": {
				"color": [
					{ "time": 0.6667, "color": "ffffff27" },
					{ "time": 0.8333, "color": "ffffff09" }
				],
				"attachment": [
					{ "time": 0, "name": null },
					{ "time": 0.6667, "name": "grab_multi_4" },
					{ "time": 0.8333, "name": null },
					{ "time": 1, "name": null }
				]
			}
		},
		"bones": {
			"q3": {
				"scale": [
					{ "time": 0.6667, "x": 1.043, "y": 1.043 },
					{ "time": 0.8333, "x": 1.65, "y": 1.65 }
				]
			},
			"q2": {
				"scale": [
					{
						"time": 0,
						"x": 0.41,
						"y": 0.41,
						"curve": [ 0.25, 0, 0.75, 1 ]
					},
					{
						"time": 0.3333,
						"x": 1.5,
						"y": 1.5,
						"curve": [ 0.25, 0, 0.75, 1 ]
					},
					{
						"time": 0.5,
						"x": 0.7,
						"y": 0.7,
						"curve": [ 0.25, 0, 0.75, 1 ]
					},
					{ "time": 0.6667, "x": 1, "y": 1, "curve": "stepped" },
					{ "time": 1, "x": 1, "y": 1 }
				]
			}
		}
	},
	"qiang_1b": {
		"slots": {
			"q2": {
				"attachment": [
					{ "time": 0, "name": "grab_multi_1" }
				]
			},
			"q3": {
				"attachment": [
					{ "time": 0, "name": null }
				]
			}
		}
	},
	"qiang_2b": {
		"slots": {
			"q2": {
				"attachment": [
					{ "time": 0, "name": "grab_multi_2" }
				]
			},
			"q3": {
				"attachment": [
					{ "time": 0, "name": null }
				]
			}
		}
	},
	"qiang_4b": {
		"slots": {
			"q2": {
				"attachment": [
					{ "time": 0, "name": "grab_multi_4" }
				]
			},
			"q3": {
				"attachment": [
					{ "time": 0, "name": null }
				]
			}
		}
	}
}
}