{"skeleton":{"hash":"gPG4MkVIC6VF9qMsz0CeR4gP4V8","spine":"3.6.53","width":119,"height":119,"images":""},"bones":[{"name":"root"},{"name":"50","parent":"root","length":50,"rotation":90},{"name":"60","parent":"root","length":60,"rotation":90},{"name":"70","parent":"root","length":70,"rotation":90},{"name":"80","parent":"root","length":80,"rotation":90},{"name":"90","parent":"root","length":90,"rotation":90},{"name":"bone","parent":"root","length":10,"rotation":117.55,"x":-31.01,"y":37.93,"color":"ff0000ff"},{"name":"bone2","parent":"root","length":10,"rotation":92.39,"x":-2.98,"y":33.55,"color":"ffa900ff"},{"name":"bone3","parent":"root","length":10,"rotation":41.19,"x":23.3,"y":33.99,"color":"ff0000ff"},{"name":"bone4","parent":"root","length":10,"rotation":10.12,"x":36,"y":17.79,"scaleX":0.6,"scaleY":0.6,"color":"ffa900ff"},{"name":"bone5","parent":"root","length":10,"rotation":-2.6,"x":36.88,"y":-9.37,"color":"ff0000ff"},{"name":"bone6","parent":"root","length":10,"rotation":-63.44,"x":31.18,"y":-31.71,"color":"00e1ffff"},{"name":"bone7","parent":"root","length":10,"rotation":-102.8,"x":5.78,"y":-33.02,"color":"00e0ffff"},{"name":"bone8","parent":"root","length":10,"rotation":-106.39,"x":-13.49,"y":-36.09,"color":"ffa900ff"},{"name":"bone9","parent":"root","length":10,"rotation":-147.53,"x":-31.45,"y":-28.64,"color":"ff0000ff"},{"name":"bone10","parent":"root","length":10,"rotation":-171.47,"x":-36.27,"y":-10.25,"color":"00e0ffff"},{"name":"bone11","parent":"root","length":10,"rotation":170.54,"x":-33.2,"y":15.6,"color":"00e0ffff"},{"name":"bone12","parent":"root","length":10,"rotation":122.11,"x":-21.49,"y":39.12,"color":"ffa900ff"},{"name":"bone13","parent":"root","length":10,"rotation":117.07,"x":-13.59,"y":41.2,"color":"ffa900ff"},{"name":"bone14","parent":"root","length":10,"rotation":49.45,"x":37.4,"y":37.13,"color":"ffa900ff"},{"name":"bone15","parent":"root","length":10,"rotation":67.69,"x":13.45,"y":39.07,"color":"ffa900ff"},{"name":"bone16","parent":"root","length":10,"rotation":-13.39,"x":39.29,"y":-2.42,"color":"ffa900ff"},{"name":"bone17","parent":"root","length":10,"rotation":-38.07,"x":39.89,"y":-27.05,"color":"ffa900ff"},{"name":"bone18","parent":"root","length":10,"rotation":1.02,"x":39.82,"y":4.54,"color":"ffa900ff"},{"name":"bone19","parent":"root","length":10,"rotation":-54.17,"x":25.79,"y":-38.12,"color":"ffa900ff"},{"name":"bone20","parent":"root","length":10,"rotation":-83.84,"x":14.19,"y":-38.12,"color":"ffa900ff"},{"name":"bone21","parent":"root","length":10,"rotation":-114.8,"x":-7.41,"y":-40.19,"color":"ffa900ff"},{"name":"bone22","parent":"root","length":10,"rotation":-155.16,"x":-37.24,"y":-36.8,"color":"ffa900ff"},{"name":"bone23","parent":"root","length":10,"rotation":-140.33,"x":-23.67,"y":-40.51,"color":"ffa900ff"},{"name":"bone24","parent":"root","length":10,"rotation":-176.86,"x":-38.65,"y":-18.88,"color":"ffa900ff"},{"name":"bone25","parent":"root","length":10,"rotation":-84.91,"x":6.36,"y":-40.37,"color":"ffa900ff"},{"name":"bone26","parent":"root","length":10,"rotation":175.99,"x":-38.88,"y":9.12,"color":"ffa900ff"},{"name":"bone27","parent":"root","length":10,"rotation":164.84,"x":-39.32,"y":25.69,"color":"ffa900ff"},{"name":"bone28","parent":"root","length":10,"rotation":-42.51,"x":36.46,"y":-35.03},{"name":"bone29","parent":"root","length":10,"rotation":41.73,"x":39.35,"y":28.39},{"name":"bone30","parent":"root","length":10,"rotation":-177.84,"x":-39.94,"y":2.8}],"slots":[{"name":"img_light1","bone":"50","attachment":"img_light1"},{"name":"img_light2","bone":"60","attachment":"img_light2","blend":"additive"},{"name":"img_light3","bone":"70","attachment":"img_light2","blend":"additive"},{"name":"img_light4","bone":"80","attachment":"img_light2","blend":"additive"},{"name":"img_light5","bone":"90","attachment":"img_light2","blend":"additive"},{"name":"img_light6","bone":"bone","attachment":"img_light3"},{"name":"img_light7","bone":"bone2","attachment":"img_light3"},{"name":"img_light8","bone":"bone3","attachment":"img_light3"},{"name":"img_light9","bone":"bone4","attachment":"img_light3"},{"name":"img_light10","bone":"bone5","attachment":"img_light3"},{"name":"img_light11","bone":"bone6","attachment":"img_light3"},{"name":"img_light12","bone":"bone7","attachment":"img_light3"},{"name":"img_light13","bone":"bone8","attachment":"img_light3"},{"name":"img_light14","bone":"bone9","attachment":"img_light3"},{"name":"img_light15","bone":"bone10","attachment":"img_light3"},{"name":"img_light16","bone":"bone11","attachment":"img_light3","blend":"additive"},{"name":"img_light17","bone":"bone12","attachment":"img_light3","blend":"additive"},{"name":"img_light18","bone":"bone13","attachment":"img_light3","blend":"additive"},{"name":"img_light19","bone":"bone14","attachment":"img_light3","blend":"additive"},{"name":"img_light20","bone":"bone15","attachment":"img_light3","blend":"additive"},{"name":"img_light21","bone":"bone16","attachment":"img_light3","blend":"additive"},{"name":"img_light22","bone":"bone17","attachment":"img_light3","blend":"additive"},{"name":"img_light23","bone":"bone18","attachment":"img_light3","blend":"additive"},{"name":"img_light24","bone":"bone19","attachment":"img_light3","blend":"additive"},{"name":"img_light25","bone":"bone20","attachment":"img_light3","blend":"additive"},{"name":"img_light26","bone":"bone21","attachment":"img_light3","blend":"additive"},{"name":"img_light27","bone":"bone22","attachment":"img_light3","blend":"additive"},{"name":"img_light28","bone":"bone23","attachment":"img_light3","blend":"additive"},{"name":"img_light29","bone":"bone24","attachment":"img_light3","blend":"additive"},{"name":"img_light30","bone":"bone25","attachment":"img_light3","blend":"additive"},{"name":"img_light31","bone":"bone26","attachment":"img_light3","blend":"additive"},{"name":"img_light32","bone":"bone27","attachment":"img_light3","blend":"additive"},{"name":"img_light33","bone":"bone28","attachment":"img_light3","blend":"additive"},{"name":"img_light34","bone":"bone29","attachment":"img_light3","blend":"additive"},{"name":"img_light35","bone":"bone30","attachment":"img_light3","blend":"additive"},{"name":"50","bone":"50","attachment":"img_light1","blend":"additive"}],"skins":{"default":{"50":{"img_light1":{"width":119,"height":119}},"img_light1":{"img_light1":{"width":119,"height":119}},"img_light10":{"img_light3":{"scaleX":0.6,"scaleY":0.6,"rotation":2.6,"width":35,"height":35}},"img_light11":{"img_light3":{"scaleX":0.5,"scaleY":0.5,"rotation":63.44,"width":35,"height":35}},"img_light12":{"img_light3":{"scaleX":0.6,"scaleY":0.6,"rotation":102.8,"width":35,"height":35}},"img_light13":{"img_light3":{"scaleX":0.5,"scaleY":0.5,"rotation":106.39,"width":35,"height":35}},"img_light14":{"img_light3":{"scaleX":0.6,"scaleY":0.6,"rotation":147.53,"width":35,"height":35}},"img_light15":{"img_light3":{"scaleX":0.5,"scaleY":0.5,"rotation":171.47,"width":35,"height":35}},"img_light16":{"img_light3":{"scaleX":0.5,"scaleY":0.5,"rotation":-170.54,"width":35,"height":35}},"img_light17":{"img_light3":{"scaleX":0.4,"scaleY":0.4,"width":35,"height":35}},"img_light18":{"img_light3":{"scaleX":0.4,"scaleY":0.4,"rotation":-117.07,"width":35,"height":35}},"img_light19":{"img_light3":{"scaleX":0.4,"scaleY":0.4,"rotation":-49.45,"width":35,"height":35}},"img_light2":{"img_light2":{"width":93,"height":93}},"img_light20":{"img_light3":{"scaleX":0.4,"scaleY":0.4,"rotation":-67.69,"width":35,"height":35}},"img_light21":{"img_light3":{"scaleX":0.4,"scaleY":0.4,"rotation":13.39,"width":35,"height":35}},"img_light22":{"img_light3":{"scaleX":0.4,"scaleY":0.4,"rotation":38.07,"width":35,"height":35}},"img_light23":{"img_light3":{"scaleX":0.4,"scaleY":0.4,"rotation":-1.02,"width":35,"height":35}},"img_light24":{"img_light3":{"scaleX":0.4,"scaleY":0.4,"rotation":54.17,"width":35,"height":35}},"img_light25":{"img_light3":{"scaleX":0.4,"scaleY":0.4,"rotation":83.84,"width":35,"height":35}},"img_light26":{"img_light3":{"scaleX":0.4,"scaleY":0.4,"rotation":114.8,"width":35,"height":35}},"img_light27":{"img_light3":{"scaleX":0.4,"scaleY":0.4,"rotation":155.16,"width":35,"height":35}},"img_light28":{"img_light3":{"scaleX":0.4,"scaleY":0.4,"rotation":140.33,"width":35,"height":35}},"img_light29":{"img_light3":{"scaleX":0.4,"scaleY":0.4,"rotation":176.86,"width":35,"height":35}},"img_light3":{"img_light2":{"width":93,"height":93}},"img_light30":{"img_light3":{"scaleX":0.4,"scaleY":0.4,"rotation":84.91,"width":35,"height":35}},"img_light31":{"img_light3":{"scaleX":0.4,"scaleY":0.4,"rotation":-175.99,"width":35,"height":35}},"img_light32":{"img_light3":{"scaleX":0.4,"scaleY":0.4,"rotation":-164.84,"width":35,"height":35}},"img_light33":{"img_light3":{"scaleX":0.4,"scaleY":0.4,"rotation":42.51,"width":35,"height":35}},"img_light34":{"img_light3":{"scaleX":0.4,"scaleY":0.4,"rotation":-41.73,"width":35,"height":35}},"img_light35":{"img_light3":{"scaleX":0.4,"scaleY":0.4,"rotation":177.84,"width":35,"height":35}},"img_light4":{"img_light2":{"width":93,"height":93}},"img_light5":{"img_light2":{"rotation":-90,"width":93,"height":93}},"img_light6":{"img_light3":{"scaleX":0.5,"scaleY":0.5,"rotation":-117.55,"width":35,"height":35}},"img_light7":{"img_light3":{"scaleX":0.6,"scaleY":0.6,"rotation":-92.39,"width":35,"height":35}},"img_light8":{"img_light3":{"scaleX":0.6,"scaleY":0.6,"rotation":-41.19,"width":35,"height":35}},"img_light9":{"img_light3":{"rotation":-10.12,"width":35,"height":35}}}},"animations":{"animation":{"slots":{"50":{"color":[{"time":0,"color":"ffffff00","curve":"stepped"},{"time":2.1667,"color":"ffffff00"},{"time":2.6667,"color":"ffffffff"},{"time":3.6667,"color":"ffffff00"}]},"img_light1":{"color":[{"time":0,"color":"ffffff00"},{"time":0.3333,"color":"ffffff7d"},{"time":0.6667,"color":"ffffffff","curve":"stepped"},{"time":2.1667,"color":"ffffffff","curve":"stepped"},{"time":2.6667,"color":"ffffffff"},{"time":3.6667,"color":"ffffff00"}]},"img_light2":{"color":[{"time":0,"color":"ffffff00","curve":"stepped"},{"time":0.1667,"color":"ffffff00"},{"time":0.3333,"color":"ffffffff","curve":"stepped"},{"time":0.5,"color":"ffffffff"},{"time":0.6667,"color":"ffffff7d"},{"time":0.8333,"color":"ffffff00"},{"time":1,"color":"ffffffff","curve":"stepped"},{"time":1.1667,"color":"ffffffff"},{"time":1.3333,"color":"ffffff7d"},{"time":1.5,"color":"ffffff00","curve":"stepped"},{"time":1.6667,"color":"ffffff00"}]},"img_light3":{"color":[{"time":0,"color":"ffffff00","curve":"stepped"},{"time":0.3333,"color":"ffffff00"},{"time":0.5,"color":"ffffff7d"},{"time":0.6667,"color":"ffffffff"},{"time":0.8333,"color":"ffffff7d"},{"time":1,"color":"ffffff00"},{"time":1.1667,"color":"ffffffff"},{"time":1.3333,"color":"ffffff7d","curve":"stepped"},{"time":1.5,"color":"ffffff7d"},{"time":1.6667,"color":"ffffff00","curve":"stepped"},{"time":1.8333,"color":"ffffff00"}]},"img_light4":{"color":[{"time":0,"color":"ffffff00","curve":"stepped"},{"time":0.5,"color":"ffffff00"},{"time":0.6667,"color":"ffffff7d"},{"time":0.8333,"color":"ffffffff"},{"time":1,"color":"ffffff7d"},{"time":1.1667,"color":"ffffff00"},{"time":1.3333,"color":"ffffffff","curve":"stepped"},{"time":1.5,"color":"ffffffff"},{"time":1.6667,"color":"ffffff7d"},{"time":1.8333,"color":"ffffff00","curve":"stepped"},{"time":2,"color":"ffffff00"}]},"img_light5":{"color":[{"time":0,"color":"ffffff00","curve":"stepped"},{"time":0.6667,"color":"ffffff00"},{"time":0.8333,"color":"ffffff7d"},{"time":1,"color":"ffffffff"},{"time":1.1667,"color":"ffffff7d"},{"time":1.3333,"color":"ffffff00"},{"time":1.5,"color":"ffffffff"},{"time":1.6667,"color":"ffffff7d","curve":"stepped"},{"time":1.8333,"color":"ffffff7d"},{"time":2,"color":"ffffff00","curve":"stepped"},{"time":2.1667,"color":"ffffff00"}]},"img_light6":{"color":[{"time":0,"color":"ffffff00","curve":"stepped"},{"time":0.3333,"color":"ffffff00"},{"time":0.8333,"color":"ffffffff"},{"time":1.3333,"color":"ffffff00"}]},"img_light7":{"color":[{"time":0,"color":"ffffff00","curve":"stepped"},{"time":0.6667,"color":"ffffff00"},{"time":1.1667,"color":"ffffffff"},{"time":1.6667,"color":"ffffff00","curve":"stepped"},{"time":1.8333,"color":"ffffff00"},{"time":2.3333,"color":"ffffffff"},{"time":2.8333,"color":"ffffff00"}]},"img_light8":{"color":[{"time":0,"color":"ffffff00","curve":"stepped"},{"time":0.3333,"color":"ffffff00"},{"time":0.8333,"color":"ffffffff"},{"time":1.3333,"color":"ffffff00"}]},"img_light9":{"color":[{"time":0,"color":"ffffff00","curve":"stepped"},{"time":1,"color":"ffffff00"},{"time":1.5,"color":"ffffffff"},{"time":2,"color":"ffffff00"}]},"img_light10":{"color":[{"time":0,"color":"ffffff00","curve":"stepped"},{"time":0.3333,"color":"ffffff00"},{"time":0.8333,"color":"ffffffff"},{"time":1.3333,"color":"ffffff00"}]},"img_light11":{"color":[{"time":0,"color":"ffffff00","curve":"stepped"},{"time":1.3333,"color":"ffffff00"},{"time":1.8333,"color":"ffffffff"},{"time":2.3333,"color":"ffffff00"}]},"img_light12":{"color":[{"time":0,"color":"ffffff00","curve":"stepped"},{"time":1.6667,"color":"ffffff00"},{"time":2.1667,"color":"ffffffff"},{"time":2.6667,"color":"ffffff00"}]},"img_light13":{"color":[{"time":0,"color":"ffffff00","curve":"stepped"},{"time":0.6667,"color":"ffffff00"},{"time":1.1667,"color":"ffffffff"},{"time":1.6667,"color":"ffffff00"}]},"img_light14":{"color":[{"time":0,"color":"ffffff00","curve":"stepped"},{"time":0.3333,"color":"ffffff00"},{"time":0.8333,"color":"ffffffff"},{"time":1.3333,"color":"ffffff00"}]},"img_light15":{"color":[{"time":0,"color":"ffffff00","curve":"stepped"},{"time":1,"color":"ffffff00"},{"time":1.5,"color":"ffffffff"},{"time":2,"color":"ffffff00"}]},"img_light16":{"color":[{"time":0,"color":"ffffff00","curve":"stepped"},{"time":1.6667,"color":"ffffff00"},{"time":2.1667,"color":"ffffffff"},{"time":2.6667,"color":"ffffff00"}]},"img_light17":{"color":[{"time":0,"color":"ffffff00","curve":"stepped"},{"time":1,"color":"ffffff00"},{"time":1.5,"color":"ffffffff"},{"time":2,"color":"ffffff00","curve":"stepped"},{"time":2.1667,"color":"ffffff00"},{"time":2.6667,"color":"ffffffff"},{"time":3.1667,"color":"ffffff00"}]},"img_light18":{"color":[{"time":0,"color":"ffffff00","curve":"stepped"},{"time":1.5,"color":"ffffff00"},{"time":2,"color":"ffffffff"},{"time":2.5,"color":"ffffff00","curve":"stepped"},{"time":3,"color":"ffffff00"},{"time":3.5,"color":"ffffffff"},{"time":4,"color":"ffffff00"}]},"img_light19":{"color":[{"time":0,"color":"ffffff00","curve":"stepped"},{"time":1.6667,"color":"ffffff00"},{"time":2.2,"color":"ffffffff"},{"time":2.6667,"color":"ffffff00"}]},"img_light20":{"color":[{"time":0,"color":"ffffff00","curve":"stepped"},{"time":0.6667,"color":"ffffff00"},{"time":1.1667,"color":"ffffffff"},{"time":1.6667,"color":"ffffff00","curve":"stepped"},{"time":2.3333,"color":"ffffff00"},{"time":2.8333,"color":"ffffffff"},{"time":3.3333,"color":"ffffff00"}]},"img_light21":{"color":[{"time":0,"color":"ffffff00","curve":"stepped"},{"time":1.3333,"color":"ffffff00"},{"time":1.8333,"color":"ffffffff"},{"time":2.3333,"color":"ffffff00","curve":"stepped"},{"time":3,"color":"ffffff00"},{"time":3.5,"color":"ffffffff"},{"time":4,"color":"ffffff00"}]},"img_light22":{"color":[{"time":0,"color":"ffffff00","curve":"stepped"},{"time":2.3333,"color":"ffffff00"},{"time":2.8333,"color":"ffffffff"},{"time":3.3333,"color":"ffffff00"}]},"img_light23":{"color":[{"time":0,"color":"ffffff00","curve":"stepped"},{"time":1,"color":"ffffff00"},{"time":1.5,"color":"ffffffff"},{"time":2,"color":"ffffff00"}]},"img_light24":{"color":[{"time":0,"color":"ffffff00","curve":"stepped"},{"time":1.8333,"color":"ffffff00"},{"time":2.3333,"color":"ffffffff"},{"time":2.8333,"color":"ffffff00"}]},"img_light25":{"color":[{"time":0,"color":"ffffff00","curve":"stepped"},{"time":1.3333,"color":"ffffff00"},{"time":1.8333,"color":"ffffffff"},{"time":2.3333,"color":"ffffff00","curve":"stepped"},{"time":3,"color":"ffffff00"},{"time":3.5,"color":"ffffffff"},{"time":4,"color":"ffffff00"}]},"img_light26":{"color":[{"time":0,"color":"ffffff00","curve":"stepped"},{"time":1.5,"color":"ffffff00"},{"time":2,"color":"ffffffff"},{"time":2.5,"color":"ffffff00"}]},"img_light27":{"color":[{"time":0,"color":"ffffff00","curve":"stepped"},{"time":1.5,"color":"ffffff00"},{"time":2,"color":"ffffffff"},{"time":2.5,"color":"ffffff00"}]},"img_light28":{"color":[{"time":0,"color":"ffffff00","curve":"stepped"},{"time":2.3333,"color":"ffffff00"},{"time":2.8333,"color":"ffffffff"},{"time":3.3333,"color":"ffffff00"}]},"img_light29":{"color":[{"time":0,"color":"ffffff00","curve":"stepped"},{"time":2.6667,"color":"ffffff00"},{"time":3.1667,"color":"ffffffff"},{"time":3.6667,"color":"ffffff00"}]},"img_light30":{"color":[{"time":0,"color":"ffffff00","curve":"stepped"},{"time":2.3333,"color":"ffffff00"},{"time":2.8333,"color":"ffffffff"},{"time":3.3333,"color":"ffffff00"}]},"img_light31":{"color":[{"time":0,"color":"ffffff00","curve":"stepped"},{"time":1.1667,"color":"ffffff00"},{"time":1.6667,"color":"ffffffff"},{"time":2.1667,"color":"ffffff00","curve":"stepped"},{"time":3,"color":"ffffff00"},{"time":3.5,"color":"ffffffff"},{"time":4,"color":"ffffff00"}]},"img_light32":{"color":[{"time":0,"color":"ffffff00","curve":"stepped"},{"time":1.3333,"color":"ffffff00"},{"time":1.8333,"color":"ffffffff"},{"time":2.3333,"color":"ffffff00","curve":"stepped"},{"time":2.6667,"color":"ffffff00"},{"time":3.1667,"color":"ffffffff"},{"time":3.6667,"color":"ffffff00"}]},"img_light33":{"color":[{"time":0,"color":"ffffff00","curve":"stepped"},{"time":1.5,"color":"ffffff00"},{"time":2,"color":"ffffffff"},{"time":2.5,"color":"ffffff00","curve":"stepped"},{"time":2.6667,"color":"ffffff00"},{"time":3.1667,"color":"ffffffff"},{"time":3.6667,"color":"ffffff00"}]},"img_light34":{"color":[{"time":0,"color":"ffffff00","curve":"stepped"},{"time":1.1667,"color":"ffffff00"},{"time":1.6667,"color":"ffffffff"},{"time":2.1667,"color":"ffffff00","curve":"stepped"},{"time":2.8333,"color":"ffffff00"},{"time":3.3333,"color":"ffffffff"},{"time":3.8333,"color":"ffffff00"}]},"img_light35":{"color":[{"time":0,"color":"ffffff00","curve":"stepped"},{"time":2.1667,"color":"ffffff00"},{"time":2.6667,"color":"ffffffff"},{"time":3.1667,"color":"ffffff00"}]}},"bones":{"70":{"scale":[{"time":0.3333,"x":1,"y":1},{"time":0.5,"x":1.2,"y":1.2},{"time":0.6667,"x":1.4,"y":1.4},{"time":0.8333,"x":1.6,"y":1.6},{"time":1,"x":1.8,"y":1.8},{"time":1.0333,"x":1,"y":1},{"time":1.1667,"x":1.2,"y":1.2},{"time":1.3333,"x":1.4,"y":1.4},{"time":1.5,"x":1.6,"y":1.6},{"time":1.6667,"x":1.8,"y":1.8,"curve":"stepped"},{"time":1.8333,"x":1.8,"y":1.8}]},"60":{"scale":[{"time":0.1667,"x":1,"y":1},{"time":0.3333,"x":1.2,"y":1.2},{"time":0.5,"x":1.4,"y":1.4},{"time":0.6667,"x":1.6,"y":1.6},{"time":0.8333,"x":1.8,"y":1.8},{"time":0.8667,"x":1,"y":1},{"time":1,"x":1.2,"y":1.2},{"time":1.1667,"x":1.4,"y":1.4},{"time":1.3333,"x":1.6,"y":1.6},{"time":1.5,"x":1.8,"y":1.8,"curve":"stepped"},{"time":1.6667,"x":1.8,"y":1.8}]},"80":{"scale":[{"time":0.5,"x":1,"y":1},{"time":0.6667,"x":1.2,"y":1.2},{"time":0.8333,"x":1.4,"y":1.4},{"time":1,"x":1.6,"y":1.6},{"time":1.1667,"x":1.8,"y":1.8},{"time":1.2,"x":1,"y":1},{"time":1.3333,"x":1.2,"y":1.2},{"time":1.5,"x":1.4,"y":1.4},{"time":1.6667,"x":1.6,"y":1.6},{"time":1.8333,"x":1.8,"y":1.8,"curve":"stepped"},{"time":2,"x":1.8,"y":1.8}]},"90":{"scale":[{"time":0.6667,"x":1,"y":1},{"time":0.8333,"x":1.2,"y":1.2},{"time":1,"x":1.4,"y":1.4},{"time":1.1667,"x":1.6,"y":1.6},{"time":1.3333,"x":1.8,"y":1.8},{"time":1.3667,"x":1,"y":1},{"time":1.5,"x":1.2,"y":1.2},{"time":1.6667,"x":1.4,"y":1.4},{"time":1.8333,"x":1.6,"y":1.6},{"time":2,"x":1.8,"y":1.8,"curve":"stepped"},{"time":2.1667,"x":1.8,"y":1.8}]},"bone":{"rotate":[{"time":0.3333,"angle":0},{"time":1.3333,"angle":-169.26}],"translate":[{"time":0.3333,"x":0,"y":0},{"time":1.3333,"x":-30.46,"y":57.06}]},"bone2":{"rotate":[{"time":0.6667,"angle":0},{"time":1.6667,"angle":-174.95},{"time":1.8333,"angle":0},{"time":2.8333,"angle":-174.95}],"translate":[{"time":0.6667,"x":0,"y":0},{"time":1.6667,"x":-8.26,"y":70.21},{"time":1.8333,"x":0,"y":0},{"time":2.8333,"x":-7.01,"y":45.83}]},"bone3":{"rotate":[{"time":0.3333,"angle":0},{"time":1.3333,"angle":-174.19}],"translate":[{"time":0.3333,"x":0,"y":0},{"time":1.3333,"x":62.42,"y":56.95}]},"bone4":{"rotate":[{"time":1,"angle":0},{"time":2,"angle":-174.76}],"translate":[{"time":1,"x":0,"y":0},{"time":2,"x":68.73,"y":15.9}]},"bone5":{"rotate":[{"time":0.3333,"angle":0},{"time":1.3333,"angle":162.87}],"translate":[{"time":0.3333,"x":0,"y":0},{"time":1.3333,"x":59.2,"y":-10.72}]},"bone6":{"rotate":[{"time":1.3333,"angle":0},{"time":2.3333,"angle":190.33}],"translate":[{"time":1.3333,"x":0,"y":0},{"time":2.3333,"x":30.67,"y":-47.14}]},"bone7":{"rotate":[{"time":1.6667,"angle":0},{"time":2.6667,"angle":173.54}],"translate":[{"time":1.6667,"x":0,"y":0},{"time":2.6667,"x":-8.52,"y":-46.58}]},"bone8":{"rotate":[{"time":0.6667,"angle":0},{"time":1.6667,"angle":178.07}],"translate":[{"time":0.6667,"x":0,"y":0},{"time":1.6667,"x":-17.61,"y":-53.96}]},"bone9":{"rotate":[{"time":0.3333,"angle":0},{"time":1.3333,"angle":185.11}],"translate":[{"time":0.3333,"x":0,"y":0},{"time":1.3333,"x":-65.21,"y":-41.61}]},"bone10":{"rotate":[{"time":1,"angle":0},{"time":2,"angle":180.61}],"translate":[{"time":1,"x":0,"y":0},{"time":2,"x":-53.39,"y":-3.98}]},"bone11":{"rotate":[{"time":1.6667,"angle":0},{"time":2.6667,"angle":-182.65}],"translate":[{"time":1.6667,"x":0,"y":0},{"time":2.6667,"x":-48.85,"y":10.22}]},"bone30":{"rotate":[{"time":2.1667,"angle":0},{"time":3.1667,"angle":258.07}],"translate":[{"time":2.1667,"x":0,"y":0},{"time":3.1667,"x":-36.82,"y":-1.25}]},"bone29":{"rotate":[{"time":1.1667,"angle":0},{"time":2.1667,"angle":-98.96},{"time":2.8333,"angle":0},{"time":3.8333,"angle":-98.96}],"translate":[{"time":1.1667,"x":0,"y":0},{"time":2.1667,"x":34.86,"y":25.31},{"time":2.8333,"x":0,"y":0},{"time":3.8333,"x":34.86,"y":25.31}]},"bone28":{"rotate":[{"time":1.5,"angle":0},{"time":2.5,"angle":105.91},{"time":2.6667,"angle":0},{"time":3.6667,"angle":105.91}],"translate":[{"time":1.5,"x":0,"y":0},{"time":2.5,"x":29.05,"y":-23.24},{"time":2.6667,"x":0,"y":0},{"time":3.6667,"x":29.05,"y":-23.24}]},"bone27":{"rotate":[{"time":1.3333,"angle":0},{"time":2.3333,"angle":-119.98},{"time":2.6667,"angle":0},{"time":3.6667,"angle":-119.98}],"translate":[{"time":1.3333,"x":0,"y":0},{"time":2.3333,"x":-36.19,"y":19.97},{"time":2.6667,"x":0,"y":0},{"time":3.6667,"x":-36.19,"y":19.97}]},"bone26":{"rotate":[{"time":1.1667,"angle":0},{"time":2.1667,"angle":-129.68},{"time":3,"angle":0},{"time":4,"angle":-129.68}],"translate":[{"time":1.1667,"x":0,"y":0},{"time":2.1667,"x":-30.26,"y":4.68},{"time":3,"x":0,"y":0},{"time":4,"x":-30.26,"y":4.68}]},"bone25":{"rotate":[{"time":2.3333,"angle":0},{"time":3.3333,"angle":121.41}],"translate":[{"time":2.3333,"x":0,"y":0},{"time":3.3333,"x":1.66,"y":-28.22}]},"bone24":{"rotate":[{"time":2.6667,"angle":0},{"time":3.6667,"angle":218.73}],"translate":[{"time":2.6667,"x":0,"y":0},{"time":3.6667,"x":-46.81,"y":-3.05}]},"bone23":{"rotate":[{"time":2.3333,"angle":0},{"time":3.3333,"angle":114.61}],"translate":[{"time":2.3333,"x":0,"y":0},{"time":3.3333,"x":-19.09,"y":-26.97}]},"bone22":{"rotate":[{"time":1.5,"angle":0},{"time":2.5,"angle":246.93}],"translate":[{"time":1.5,"x":0,"y":0},{"time":2.5,"x":-33.2,"y":-30.29}]},"bone21":{"rotate":[{"time":1.5,"angle":0},{"time":2.5,"angle":269.16}],"translate":[{"time":1.5,"x":0,"y":0},{"time":2.5,"x":-11.36,"y":-38.23}]},"bone20":{"rotate":[{"time":1.3333,"angle":0},{"time":2.3333,"angle":115.43},{"time":3,"angle":0},{"time":4,"angle":115.43}],"translate":[{"time":1.3333,"x":0,"y":0},{"time":2.3333,"x":9.98,"y":-34.32},{"time":3,"x":0,"y":0},{"time":4,"x":9.98,"y":-34.32}]},"bone19":{"rotate":[{"time":1.8333,"angle":0},{"time":2.8333,"angle":101.43}],"translate":[{"time":1.8333,"x":0,"y":0},{"time":2.8333,"x":15.35,"y":-31.95}]},"bone18":{"rotate":[{"time":1,"angle":0},{"time":2,"angle":112.33}],"translate":[{"time":1,"x":0,"y":0},{"time":2,"x":45.86,"y":1.56}]},"bone17":{"rotate":[{"time":2.3333,"angle":0},{"time":3.3333,"angle":77.74}],"translate":[{"time":2.3333,"x":0,"y":0},{"time":3.3333,"x":51.8,"y":-42.66}]},"bone12":{"rotate":[{"time":1,"angle":0},{"time":2,"angle":-103.66},{"time":2.1667,"angle":0},{"time":3.1667,"angle":-103.66}],"translate":[{"time":1,"x":0,"y":0},{"time":2,"x":-15.29,"y":34.94},{"time":2.1667,"x":0,"y":0},{"time":3.1667,"x":-15.29,"y":34.94}]},"bone13":{"rotate":[{"time":1.5,"angle":0},{"time":2.5,"angle":-97.3},{"time":3,"angle":0},{"time":4,"angle":-97.3}],"translate":[{"time":1.5,"x":0,"y":0},{"time":2.5,"x":-25.76,"y":56.23},{"time":3,"x":0,"y":0},{"time":4,"x":-25.76,"y":56.23}]},"bone14":{"rotate":[{"time":1.6667,"angle":0},{"time":2.6667,"angle":-116.81}],"translate":[{"time":1.6667,"x":0,"y":0},{"time":2.6667,"x":26.83,"y":25.27}]},"bone15":{"rotate":[{"time":0.6667,"angle":0},{"time":1.6667,"angle":-92.79},{"time":2.3333,"angle":0},{"time":3.3333,"angle":-92.79}],"translate":[{"time":0.6667,"x":0,"y":0},{"time":1.6667,"x":21.88,"y":35.46},{"time":2.3333,"x":0,"y":0},{"time":3.3333,"x":21.88,"y":35.46}]},"bone16":{"rotate":[{"time":1.3333,"angle":0},{"time":2.3333,"angle":-117.49},{"time":3,"angle":0},{"time":4,"angle":-117.49}],"translate":[{"time":1.3333,"x":0,"y":0},{"time":2.3333,"x":39.31,"y":-7.18},{"time":3,"x":0,"y":0},{"time":4,"x":39.31,"y":-7.18}]}}}}}