{"skeleton":{"hash":"aIB1VpM3O4uwAaKaeCcKpdAa1LU","spine":"3.7.17-beta","width":756.71,"height":238.6},"bones":[{"name":"root"},{"name":"lj_1","parent":"root","x":4.36,"y":159.52},{"name":"pai_01","parent":"root","x":3.59,"y":-54.69},{"name":"pai_1","parent":"pai_01","x":-134.52,"y":67.12,"scaleX":0.78,"scaleY":0.78},{"name":"pai_2","parent":"pai_01","x":0.48,"y":67.12,"scaleX":0.78,"scaleY":0.78},{"name":"pai_02","parent":"root","x":274.33,"y":82.2,"scaleX":0.55,"scaleY":0.55},{"name":"pai_3","parent":"pai_01","x":134.48,"y":67.12,"scaleX":0.78,"scaleY":0.78},{"name":"pai_03","parent":"root","x":-268.61,"y":82.77,"scaleX":0.545,"scaleY":0.545},{"name":"pai_5","parent":"pai_02","x":-134.52,"y":67.12,"scaleX":0.78,"scaleY":0.78},{"name":"pai_6","parent":"pai_02","x":0.48,"y":67.12,"scaleX":0.78,"scaleY":0.78},{"name":"pai_7","parent":"pai_02","x":134.48,"y":67.12,"scaleX":0.78,"scaleY":0.78},{"name":"pai_8","parent":"pai_03","x":-134.52,"y":67.12,"scaleX":0.78,"scaleY":0.78},{"name":"pai_9","parent":"pai_03","x":0.48,"y":67.12,"scaleX":0.78,"scaleY":0.78},{"name":"pai_10","parent":"pai_03","x":134.48,"y":67.12,"scaleX":0.78,"scaleY":0.78}],"slots":[{"name":"qietu/lord_card_backface_big7","bone":"pai_8","attachment":"qietu/lord_card_backface_big"},{"name":"qietu/lord_card_backface_big8","bone":"pai_9","attachment":"qietu/lord_card_backface_big"},{"name":"qietu/lord_card_backface_big9","bone":"pai_10","attachment":"qietu/lord_card_backface_big"},{"name":"qietu/lord_card_backface_big","bone":"pai_1","attachment":"qietu/lord_card_backface_big"},{"name":"qietu/lord_card_backface_big4","bone":"pai_5","attachment":"qietu/lord_card_backface_big"},{"name":"qietu/lord_card_backface_big2","bone":"pai_2","attachment":"qietu/lord_card_backface_big"},{"name":"qietu/lord_card_backface_big5","bone":"pai_6","attachment":"qietu/lord_card_backface_big"},{"name":"qietu/lord_card_backface_big3","bone":"pai_3","attachment":"qietu/lord_card_backface_big"},{"name":"qietu/lord_card_backface_big6","bone":"pai_7","attachment":"qietu/lord_card_backface_big"},{"name":"lujing_1","bone":"lj_1","attachment":"lujing_1"}],"path":[{"name":"lujing_1","order":0,"bones":["pai_01"],"target":"lujing_1","position":0.498,"rotateMix":0},{"name":"lujing_2","order":1,"bones":["pai_02"],"target":"lujing_1","position":0.796,"rotateMix":0},{"name":"lujing_3","order":2,"bones":["pai_03"],"target":"lujing_1","position":0.208,"rotateMix":0}],"skins":{"default":{"lujing_1":{"lujing_1":{"type":"path","lengths":[263.08,403.39,638.7,869.54,1003.72,1261.88,1306.36],"vertexCount":21,"vertices":[48.24,-17.2,-20.13,-18.77,-92.28,-20.41,-228.4,-36.57,-273.75,-76.54,-325.28,-121.97,-258.06,-164.11,-222.28,-177.77,-167.84,-198.54,-45.7,-214.52,9.43,-214.52,64.56,-214.52,167.22,-204.38,236.33,-177.6,282.64,-159.65,319.35,-110.59,270.44,-76.88,231.17,-49.81,114.35,-22.51,20.87,-18.51,-9.51,-17.21]}},"qietu/lord_card_backface_big":{"qietu/lord_card_backface_big":{"x":0.39,"y":-1.04,"width":155,"height":216},"qietu/lord_card_backface_big_final":{"x":0.39,"y":-0.47,"width":155,"height":216}},"qietu/lord_card_backface_big2":{"qietu/lord_card_backface_big":{"x":0.39,"y":-1.04,"width":155,"height":216},"qietu/lord_card_backface_big_final":{"x":0.39,"y":-0.47,"width":155,"height":216}},"qietu/lord_card_backface_big3":{"qietu/lord_card_backface_big":{"x":0.39,"y":-1.04,"width":155,"height":216},"qietu/lord_card_backface_big_final":{"x":0.39,"y":-0.47,"width":155,"height":216}},"qietu/lord_card_backface_big4":{"qietu/lord_card_backface_big":{"x":0.39,"y":-1.04,"width":155,"height":216},"qietu/lord_card_backface_big_final":{"x":0.39,"y":-0.47,"width":155,"height":216}},"qietu/lord_card_backface_big5":{"qietu/lord_card_backface_big":{"x":0.39,"y":-1.04,"width":155,"height":216},"qietu/lord_card_backface_big_final":{"x":0.39,"y":-0.47,"width":155,"height":216}},"qietu/lord_card_backface_big6":{"qietu/lord_card_backface_big":{"x":0.39,"y":-1.04,"width":155,"height":216},"qietu/lord_card_backface_big_final":{"x":0.39,"y":-0.47,"width":155,"height":216}},"qietu/lord_card_backface_big7":{"qietu/lord_card_backface_big":{"x":0.39,"y":-1.04,"width":155,"height":216},"qietu/lord_card_backface_big_final":{"x":0.39,"y":-0.47,"width":155,"height":216}},"qietu/lord_card_backface_big8":{"qietu/lord_card_backface_big":{"x":0.39,"y":-1.04,"width":155,"height":216},"qietu/lord_card_backface_big_final":{"x":0.39,"y":-0.47,"width":155,"height":216}},"qietu/lord_card_backface_big9":{"qietu/lord_card_backface_big":{"x":0.39,"y":-1.04,"width":155,"height":216},"qietu/lord_card_backface_big_final":{"x":0.39,"y":-0.47,"width":155,"height":216}}}},"animations":{"bb_huanpai_1":{"slots":{"qietu/lord_card_backface_big4":{"color":[{"time":0,"color":"ffffffff"},{"time":0.3333,"color":"ffffff00","curve":"stepped"},{"time":0.3667,"color":"ffffff00"},{"time":0.6667,"color":"ffffffff"}]},"qietu/lord_card_backface_big5":{"color":[{"time":0,"color":"ffffffff"},{"time":0.3333,"color":"ffffff00","curve":"stepped"},{"time":0.3667,"color":"ffffff00"},{"time":0.6667,"color":"ffffffff"}]},"qietu/lord_card_backface_big6":{"color":[{"time":0,"color":"ffffffff"},{"time":0.3333,"color":"ffffff00","curve":"stepped"},{"time":0.3667,"color":"ffffff00"},{"time":0.6667,"color":"ffffffff"}]}},"bones":{"pai_03":{"scale":[{"time":0,"x":1,"y":1,"curve":[0.25,0,0.75,1]},{"time":0.6667,"x":1.835,"y":1.835}]},"pai_01":{"scale":[{"time":0,"x":1,"y":1,"curve":[0.25,0,0.75,1]},{"time":0.6667,"x":0.55,"y":0.55}]},"pai_02":{"scale":[{"time":0,"x":1,"y":1,"curve":[0.25,0,0.625,0.5]},{"time":0.3333,"x":0.864,"y":0.864,"curve":[0.375,0.5,0.75,1]},{"time":0.6667,"x":1,"y":1}]}},"paths":{"lujing_1":{"position":[{"time":0,"position":0.498,"curve":[0.25,0,0.75,1]},{"time":0.6667,"position":0.796,"curve":"stepped"},{"time":1.3333,"position":0.796}]},"lujing_2":{"position":[{"time":0,"position":0.796,"curve":[0.25,0,0.625,0.5]},{"time":0.3333,"position":0.8742,"curve":[0.375,0.5,0.75,1]},{"time":0.3667,"position":0.0429,"curve":[0.016,0.18,0.772,0.96]},{"time":0.6667,"position":0.208}]},"lujing_3":{"position":[{"time":0,"position":0.208,"curve":[0.25,0,0.75,1]},{"time":0.6667,"position":0.498}]}},"drawOrder":[{"time":0.4333,"offsets":[{"slot":"qietu/lord_card_backface_big7","offset":7},{"slot":"qietu/lord_card_backface_big8","offset":8},{"slot":"qietu/lord_card_backface_big9","offset":6},{"slot":"qietu/lord_card_backface_big","offset":0},{"slot":"qietu/lord_card_backface_big2","offset":-1},{"slot":"qietu/lord_card_backface_big3","offset":-2}]}]},"bb_huanpai_2":{"slots":{"qietu/lord_card_backface_big4":{"color":[{"time":0,"color":"ffffffff","curve":[0.25,0,0.75,1]},{"time":0.3,"color":"ffffff00","curve":"stepped"},{"time":0.3333,"color":"ffffff00"},{"time":0.6667,"color":"ffffffff"}]},"qietu/lord_card_backface_big5":{"color":[{"time":0,"color":"ffffffff","curve":[0.25,0,0.75,1]},{"time":0.3,"color":"ffffff00","curve":"stepped"},{"time":0.3333,"color":"ffffff00"},{"time":0.6667,"color":"ffffffff"}]},"qietu/lord_card_backface_big6":{"color":[{"time":0,"color":"ffffffff","curve":[0.25,0,0.75,1]},{"time":0.3,"color":"ffffff00","curve":"stepped"},{"time":0.3333,"color":"ffffff00"},{"time":0.6667,"color":"ffffffff"}]}},"bones":{"pai_03":{"scale":[{"time":0,"x":1.835,"y":1.835,"curve":[0.25,0,0.75,1]},{"time":0.6667,"x":1,"y":1}]},"pai_01":{"scale":[{"time":0,"x":0.55,"y":0.55,"curve":[0.25,0,0.75,1]},{"time":0.6667,"x":1,"y":1}]},"pai_02":{"scale":[{"time":0,"x":1,"y":1,"curve":[0.25,0,0.75,1]},{"time":0.3333,"x":0.864,"y":0.864,"curve":[0.375,0.5,0.75,1]},{"time":0.6667,"x":1,"y":1}]}},"paths":{"lujing_1":{"position":[{"time":0,"position":0.796,"curve":[0.25,0,0.75,1]},{"time":0.6667,"position":0.498}]},"lujing_2":{"position":[{"time":0,"position":0.208,"curve":[0.263,0.08,0.991,0.8]},{"time":0.3,"position":0.0429,"curve":[0.016,0.18,0.772,0.96]},{"time":0.3333,"position":0.8742,"curve":[0,0.17,0.79,0.97]},{"time":0.6667,"position":0.796}]},"lujing_3":{"position":[{"time":0,"position":0.498,"curve":[0.25,0,0.75,1]},{"time":0.6667,"position":0.208,"curve":"stepped"},{"time":1.3333,"position":0.208}]}},"drawOrder":[{"time":0,"offsets":[{"slot":"qietu/lord_card_backface_big7","offset":9},{"slot":"qietu/lord_card_backface_big9","offset":0}]},{"time":0.4333,"offsets":[{"slot":"qietu/lord_card_backface_big7","offset":4},{"slot":"qietu/lord_card_backface_big8","offset":5},{"slot":"qietu/lord_card_backface_big9","offset":3},{"slot":"qietu/lord_card_backface_big","offset":4},{"slot":"qietu/lord_card_backface_big2","offset":4},{"slot":"qietu/lord_card_backface_big3","offset":1}]}]},"bb_huanpai_3":{"slots":{"qietu/lord_card_backface_big":{"attachment":[{"time":0,"name":"qietu/lord_card_backface_big_final"}]},"qietu/lord_card_backface_big2":{"attachment":[{"time":0,"name":"qietu/lord_card_backface_big_final"}]},"qietu/lord_card_backface_big3":{"attachment":[{"time":0,"name":"qietu/lord_card_backface_big_final"}]},"qietu/lord_card_backface_big4":{"color":[{"time":0,"color":"ffffffff"},{"time":0.3333,"color":"ffffff00","curve":"stepped"},{"time":0.3667,"color":"ffffff00"},{"time":0.6667,"color":"ffffffff"}],"attachment":[{"time":0,"name":"qietu/lord_card_backface_big_final"}]},"qietu/lord_card_backface_big5":{"color":[{"time":0,"color":"ffffffff"},{"time":0.3333,"color":"ffffff00","curve":"stepped"},{"time":0.3667,"color":"ffffff00"},{"time":0.6667,"color":"ffffffff"}],"attachment":[{"time":0,"name":"qietu/lord_card_backface_big_final"}]},"qietu/lord_card_backface_big6":{"color":[{"time":0,"color":"ffffffff"},{"time":0.3333,"color":"ffffff00","curve":"stepped"},{"time":0.3667,"color":"ffffff00"},{"time":0.6667,"color":"ffffffff"}],"attachment":[{"time":0,"name":"qietu/lord_card_backface_big_final"}]},"qietu/lord_card_backface_big7":{"attachment":[{"time":0,"name":"qietu/lord_card_backface_big_final"}]},"qietu/lord_card_backface_big8":{"attachment":[{"time":0,"name":"qietu/lord_card_backface_big_final"}]},"qietu/lord_card_backface_big9":{"attachment":[{"time":0,"name":"qietu/lord_card_backface_big_final"}]}},"bones":{"pai_03":{"scale":[{"time":0,"x":1,"y":1,"curve":[0.25,0,0.75,1]},{"time":0.6667,"x":1.835,"y":1.835}]},"pai_01":{"scale":[{"time":0,"x":1,"y":1,"curve":[0.25,0,0.75,1]},{"time":0.6667,"x":0.55,"y":0.55}]},"pai_02":{"scale":[{"time":0,"x":1,"y":1,"curve":[0.25,0,0.625,0.5]},{"time":0.3333,"x":0.864,"y":0.864,"curve":[0.375,0.5,0.75,1]},{"time":0.6667,"x":1,"y":1}]}},"paths":{"lujing_1":{"position":[{"time":0,"position":0.498,"curve":[0.25,0,0.75,1]},{"time":0.6667,"position":0.796,"curve":"stepped"},{"time":1.3333,"position":0.796}]},"lujing_2":{"position":[{"time":0,"position":0.796,"curve":[0.25,0,0.625,0.5]},{"time":0.3333,"position":0.8742,"curve":[0.375,0.5,0.75,1]},{"time":0.3667,"position":0.0429,"curve":[0.016,0.18,0.772,0.96]},{"time":0.6667,"position":0.208}]},"lujing_3":{"position":[{"time":0,"position":0.208,"curve":[0.25,0,0.75,1]},{"time":0.6667,"position":0.498}]}},"drawOrder":[{"time":0.4333,"offsets":[{"slot":"qietu/lord_card_backface_big7","offset":7},{"slot":"qietu/lord_card_backface_big8","offset":8},{"slot":"qietu/lord_card_backface_big9","offset":6},{"slot":"qietu/lord_card_backface_big","offset":0},{"slot":"qietu/lord_card_backface_big2","offset":-1},{"slot":"qietu/lord_card_backface_big3","offset":-2}]}]},"bb_huanpai_4":{"slots":{"qietu/lord_card_backface_big":{"attachment":[{"time":0,"name":"qietu/lord_card_backface_big_final"}]},"qietu/lord_card_backface_big2":{"attachment":[{"time":0,"name":"qietu/lord_card_backface_big_final"}]},"qietu/lord_card_backface_big3":{"attachment":[{"time":0,"name":"qietu/lord_card_backface_big_final"}]},"qietu/lord_card_backface_big4":{"color":[{"time":0,"color":"ffffffff","curve":[0.25,0,0.75,1]},{"time":0.3,"color":"ffffff00","curve":"stepped"},{"time":0.3333,"color":"ffffff00"},{"time":0.6667,"color":"ffffffff"}],"attachment":[{"time":0,"name":"qietu/lord_card_backface_big_final"}]},"qietu/lord_card_backface_big5":{"color":[{"time":0,"color":"ffffffff","curve":[0.25,0,0.75,1]},{"time":0.3,"color":"ffffff00","curve":"stepped"},{"time":0.3333,"color":"ffffff00"},{"time":0.6667,"color":"ffffffff"}],"attachment":[{"time":0,"name":"qietu/lord_card_backface_big_final"}]},"qietu/lord_card_backface_big6":{"color":[{"time":0,"color":"ffffffff","curve":[0.25,0,0.75,1]},{"time":0.3,"color":"ffffff00","curve":"stepped"},{"time":0.3333,"color":"ffffff00"},{"time":0.6667,"color":"ffffffff"}],"attachment":[{"time":0,"name":"qietu/lord_card_backface_big_final"}]},"qietu/lord_card_backface_big7":{"attachment":[{"time":0,"name":"qietu/lord_card_backface_big_final"}]},"qietu/lord_card_backface_big8":{"attachment":[{"time":0,"name":"qietu/lord_card_backface_big_final"}]},"qietu/lord_card_backface_big9":{"attachment":[{"time":0,"name":"qietu/lord_card_backface_big_final"}]}},"bones":{"pai_03":{"scale":[{"time":0,"x":1.835,"y":1.835,"curve":[0.25,0,0.75,1]},{"time":0.6667,"x":1,"y":1}]},"pai_01":{"scale":[{"time":0,"x":0.55,"y":0.55,"curve":[0.25,0,0.75,1]},{"time":0.6667,"x":1,"y":1}]},"pai_02":{"scale":[{"time":0,"x":1,"y":1,"curve":[0.25,0,0.75,1]},{"time":0.3333,"x":0.864,"y":0.864,"curve":[0.375,0.5,0.75,1]},{"time":0.6667,"x":1,"y":1}]}},"paths":{"lujing_1":{"position":[{"time":0,"position":0.796,"curve":[0.25,0,0.75,1]},{"time":0.6667,"position":0.498}]},"lujing_2":{"position":[{"time":0,"position":0.208,"curve":[0.263,0.08,0.991,0.8]},{"time":0.3,"position":0.0429,"curve":[0.016,0.18,0.772,0.96]},{"time":0.3333,"position":0.8742,"curve":[0,0.17,0.79,0.97]},{"time":0.6667,"position":0.796}]},"lujing_3":{"position":[{"time":0,"position":0.498,"curve":[0.25,0,0.75,1]},{"time":0.6667,"position":0.208,"curve":"stepped"},{"time":1.3333,"position":0.208}]}},"drawOrder":[{"time":0,"offsets":[{"slot":"qietu/lord_card_backface_big7","offset":9},{"slot":"qietu/lord_card_backface_big9","offset":0}]},{"time":0.4333,"offsets":[{"slot":"qietu/lord_card_backface_big7","offset":4},{"slot":"qietu/lord_card_backface_big8","offset":5},{"slot":"qietu/lord_card_backface_big9","offset":3},{"slot":"qietu/lord_card_backface_big","offset":4},{"slot":"qietu/lord_card_backface_big2","offset":4},{"slot":"qietu/lord_card_backface_big3","offset":1}]}]}}}