{
"skeleton": { "hash": "5NiFUFJ5WMC4GksCQfE62URb1IY", "spine": "3.6.53", "width": 69.16, "height": 24, "images": "" },
"bones": [
	{ "name": "root" },
	{ "name": "c1", "parent": "root", "x": -22.72, "y": -0.38 },
	{ "name": "c2", "parent": "root", "x": -0.31, "y": -2.92 },
	{ "name": "c3", "parent": "root", "x": 22.79, "y": 0.09 }
],
"slots": [
	{ "name": "c1", "bone": "c1", "attachment": "c1" },
	{ "name": "c2", "bone": "c2", "attachment": "c2" },
	{ "name": "c3", "bone": "c3", "attachment": "c3" }
],
"skins": {
	"default": {
		"c1": {
			"c1": { "x": -0.44, "y": 0.38, "width": 23, "height": 24 }
		},
		"c2": {
			"c2": { "x": 0.31, "y": 2.92, "width": 23, "height": 24 }
		},
		"c3": {
			"c3": { "x": 0.21, "y": -0.09, "width": 23, "height": 23 }
		}
	}
},
"animations": {
	"animation": {
		"bones": {
			"c1": {
				"translate": [
					{ "time": 0, "x": 0, "y": 0 },
					{ "time": 0.1333, "x": 0, "y": 12.83 },
					{ "time": 0.2, "x": 0, "y": 13.55 },
					{ "time": 0.2333, "x": 0, "y": 10.69 },
					{ "time": 0.3333, "x": 0, "y": 0, "curve": "stepped" },
					{ "time": 1.3333, "x": 0, "y": 0 }
				]
			},
			"c2": {
				"translate": [
					{ "time": 0, "x": 0, "y": 0, "curve": "stepped" },
					{ "time": 0.3333, "x": 0, "y": 0 },
					{ "time": 0.4667, "x": 0, "y": 7.84 },
					{ "time": 0.5, "x": 0, "y": 11.41 },
					{ "time": 0.5667, "x": 0, "y": 9.27 },
					{ "time": 0.6333, "x": 0, "y": 0, "curve": "stepped" },
					{ "time": 1.3333, "x": 0, "y": 0 }
				]
			},
			"c3": {
				"translate": [
					{ "time": 0, "x": 0, "y": 0, "curve": "stepped" },
					{ "time": 0.7, "x": 0, "y": 0 },
					{ "time": 0.8333, "x": 0, "y": 10.69 },
					{ "time": 0.9, "x": 0, "y": 11.41 },
					{ "time": 0.9333, "x": 0, "y": 8.56 },
					{ "time": 1.0333, "x": 0, "y": 0, "curve": "stepped" },
					{ "time": 1.3333, "x": 0, "y": 0 }
				]
			}
		}
	}
}
}