{
"skeleton": { "hash": "xhAJuH3+FcL4GRVpFqSUKluNZoo", "spine": "3.6.53", "width": 1199.45, "height": 640, "images": "" },
"bones": [
	{ "name": "root" },
	{ "name": "bone3", "parent": "root", "x": 7.85, "y": 1.19, "scaleX": 0.488, "scaleY": 0.488 },
	{ "name": "bone", "parent": "bone3", "length": 61.03, "x": -62.32, "y": -6.17, "scaleX": 1.295, "scaleY": 1.295 },
	{
		"name": "bone2",
		"parent": "bone3",
		"length": 32.28,
		"rotation": -90.9,
		"x": -2.38,
		"y": -2.23,
		"scaleX": 1.383,
		"scaleY": 1.383
	}
],
"slots": [
	{ "name": "牛小", "bone": "root" },
	{ "name": "win_dianguang", "bone": "bone2", "attachment": "win_dianguang" },
	{ "name": "win_touxaingguang", "bone": "bone3", "attachment": "win_touxaingguang" },
	{ "name": "win_star", "bone": "bone3", "attachment": "win_star" },
	{ "name": "win_star19", "bone": "bone3", "attachment": "win_star" },
	{ "name": "win_star18", "bone": "bone3", "attachment": "win_star" },
	{ "name": "win_star17", "bone": "bone3", "attachment": "win_star" },
	{ "name": "win_star16", "bone": "bone3", "attachment": "win_star" },
	{ "name": "win_star15", "bone": "bone3", "attachment": "win_star" },
	{ "name": "win_star14", "bone": "bone3", "attachment": "win_star" },
	{ "name": "win_star13", "bone": "bone3", "attachment": "win_star" },
	{ "name": "win_star12", "bone": "bone3", "attachment": "win_star" },
	{ "name": "win_star11", "bone": "bone3", "attachment": "win_star" },
	{ "name": "win_star10", "bone": "bone3", "attachment": "win_star" },
	{ "name": "win_star9", "bone": "bone3", "attachment": "win_star" },
	{ "name": "win_star8", "bone": "bone3", "attachment": "win_star" },
	{ "name": "win_star7", "bone": "bone3", "attachment": "win_star" },
	{ "name": "win_star6", "bone": "bone3", "attachment": "win_star" },
	{ "name": "win_star5", "bone": "bone3", "attachment": "win_star" },
	{ "name": "win_star4", "bone": "bone3", "attachment": "win_star" },
	{ "name": "win_star3", "bone": "bone3", "attachment": "win_star" },
	{ "name": "win_star2", "bone": "bone3", "attachment": "win_star" },
	{ "name": "win_guang", "bone": "bone", "attachment": "win_guang" }
],
"skins": {
	"default": {
		"win_dianguang": {
			"win_dianguang": { "x": 3.06, "y": 3.47, "scaleX": 1.033, "scaleY": 0.979, "rotation": 90.9, "width": 213, "height": 108 }
		},
		"win_guang": {
			"win_guang": { "color": "ffffffae", "x": -53.69, "scaleX": 1.117, "scaleY": 1.117, "width": 242, "height": 140 }
		},
		"win_star": {
			"win_star": { "x": -19.6, "y": -1.15, "scaleX": 0.855, "scaleY": 0.674, "rotation": -43.4, "width": 63, "height": 63 }
		},
		"win_star10": {
			"win_star": { "x": 1.57, "y": -50.42, "scaleX": 0.855, "scaleY": 0.674, "rotation": -43.4, "width": 63, "height": 63 }
		},
		"win_star11": {
			"win_star": { "x": -35.84, "y": -43.21, "scaleX": 0.855, "scaleY": 0.674, "rotation": -43.4, "width": 63, "height": 63 }
		},
		"win_star12": {
			"win_star": { "x": -57.82, "y": -23.41, "scaleX": 0.855, "scaleY": 0.674, "rotation": -43.4, "width": 63, "height": 63 }
		},
		"win_star13": {
			"win_star": { "x": -62.8, "y": 0.3, "scaleX": 0.855, "scaleY": 0.674, "rotation": -43.4, "width": 63, "height": 63 }
		},
		"win_star14": {
			"win_star": { "x": -54.16, "y": 23.18, "scaleX": 0.855, "scaleY": 0.674, "rotation": -43.4, "width": 63, "height": 63 }
		},
		"win_star15": {
			"win_star": { "x": -29.82, "y": 36.17, "scaleX": 0.855, "scaleY": 0.674, "rotation": -43.4, "width": 63, "height": 63 }
		},
		"win_star16": {
			"win_star": { "x": 3.66, "y": 38.02, "scaleX": 0.855, "scaleY": 0.674, "rotation": -43.4, "width": 63, "height": 63 }
		},
		"win_star17": {
			"win_star": { "x": 29.05, "y": 24, "scaleX": 0.855, "scaleY": 0.674, "rotation": -43.4, "width": 63, "height": 63 }
		},
		"win_star18": {
			"win_star": { "x": 28.26, "y": -2.99, "scaleX": 0.855, "scaleY": 0.674, "rotation": -43.4, "width": 63, "height": 63 }
		},
		"win_star19": {
			"win_star": { "x": 1.83, "y": -15.58, "scaleX": 0.855, "scaleY": 0.674, "rotation": -43.4, "width": 63, "height": 63 }
		},
		"win_star2": {
			"win_star": { "x": -47.1, "y": 56.17, "scaleX": 0.855, "scaleY": 0.674, "rotation": -43.4, "width": 63, "height": 63 }
		},
		"win_star3": {
			"win_star": { "x": -17.26, "y": 63.8, "scaleX": 0.855, "scaleY": 0.674, "rotation": -43.4, "width": 63, "height": 63 }
		},
		"win_star4": {
			"win_star": { "x": 14.92, "y": 63.8, "scaleX": 0.855, "scaleY": 0.674, "rotation": -43.4, "width": 63, "height": 63 }
		},
		"win_star5": {
			"win_star": { "x": 43.19, "y": 49.37, "scaleX": 0.855, "scaleY": 0.674, "rotation": -43.4, "width": 63, "height": 63 }
		},
		"win_star6": {
			"win_star": { "x": 62.56, "y": 31.01, "scaleX": 0.855, "scaleY": 0.674, "rotation": -43.4, "width": 63, "height": 63 }
		},
		"win_star7": {
			"win_star": { "x": 57.32, "y": -24.45, "scaleX": 0.855, "scaleY": 0.674, "rotation": -43.4, "width": 63, "height": 63 }
		},
		"win_star8": {
			"win_star": { "x": 71.71, "y": 1.33, "scaleX": 0.855, "scaleY": 0.674, "rotation": -43.4, "width": 63, "height": 63 }
		},
		"win_star9": {
			"win_star": { "x": 35.86, "y": -44.23, "scaleX": 0.855, "scaleY": 0.674, "rotation": -43.4, "width": 63, "height": 63 }
		},
		"win_touxaingguang": {
			"win_touxaingguang": { "x": -7.85, "y": 7.98, "scaleX": 1.711, "scaleY": 1.28, "width": 263, "height": 154 }
		}
	}
},
"animations": {
	"animation": {
		"slots": {
			"win_dianguang": {
				"color": [
					{ "time": 0, "color": "ffffff00" },
					{ "time": 0.1667, "color": "ffffffa6" },
					{ "time": 0.8667, "color": "ffffff00", "curve": "stepped" },
					{ "time": 1.1667, "color": "ffffff00" }
				]
			},
			"win_guang": {
				"color": [
					{
						"time": 0,
						"color": "ffffff00",
						"curve": [ 0.595, 0, 0.607, 1.05 ]
					},
					{
						"time": 0.3333,
						"color": "ffffffc4",
						"curve": [ 0.681, 0.04, 0.75, 1 ]
					},
					{
						"time": 0.5333,
						"color": "ffffffe4",
						"curve": [ 0.955, 0.2, 0.75, 1 ]
					},
					{ "time": 0.8, "color": "feffe5ff" },
					{ "time": 1.1667, "color": "ff980000" }
				]
			},
			"win_star": {
				"color": [
					{ "time": 0, "color": "ffffff00", "curve": "stepped" },
					{ "time": 0.6667, "color": "ffffff00" },
					{ "time": 0.7667, "color": "ffffffff" },
					{ "time": 1.6667, "color": "ffffff00" }
				]
			},
			"win_star2": {
				"color": [
					{ "time": 0, "color": "ffffff00" },
					{ "time": 0.0667, "color": "ffffffff" },
					{ "time": 0.1, "color": "ffffff85" },
					{ "time": 0.1333, "color": "ffffffe7" },
					{ "time": 0.1667, "color": "ffffffff" },
					{ "time": 0.2, "color": "fffffff8" },
					{ "time": 0.2333, "color": "ffffffff", "curve": "stepped" },
					{ "time": 0.3, "color": "ffffffff" },
					{ "time": 0.3333, "color": "fffffffd" },
					{ "time": 0.3667, "color": "ffffffff", "curve": "stepped" },
					{ "time": 0.4, "color": "ffffffff" },
					{ "time": 0.5333, "color": "fffffff1" },
					{ "time": 0.5667, "color": "ffffffff", "curve": "stepped" },
					{ "time": 0.6, "color": "ffffffff", "curve": "stepped" },
					{ "time": 0.6333, "color": "ffffffff", "curve": "stepped" },
					{ "time": 0.6667, "color": "ffffffff", "curve": "stepped" },
					{ "time": 0.7, "color": "ffffffff" },
					{ "time": 1.0667, "color": "ffffff00" }
				]
			},
			"win_star3": {
				"color": [
					{ "time": 0, "color": "ffffff00", "curve": "stepped" },
					{ "time": 0.0667, "color": "ffffff00" },
					{ "time": 0.1, "color": "ffffffff" },
					{ "time": 0.1333, "color": "ffffff7a" },
					{ "time": 0.6, "color": "ffffffcd" },
					{ "time": 1.1, "color": "ffffff00" }
				]
			},
			"win_star4": {
				"color": [
					{ "time": 0, "color": "ffffff00", "curve": "stepped" },
					{ "time": 0.1, "color": "ffffff00" },
					{ "time": 0.1333, "color": "ffffffff" },
					{ "time": 0.1667, "color": "ffffff6f" },
					{ "time": 0.6667, "color": "ffffffad" },
					{ "time": 1.1333, "color": "ffffff00" }
				]
			},
			"win_star5": {
				"color": [
					{ "time": 0, "color": "ffffff00", "curve": "stepped" },
					{ "time": 0.1333, "color": "ffffff00" },
					{ "time": 0.1667, "color": "ffffffff" },
					{ "time": 0.2, "color": "ffffff76" },
					{ "time": 0.7333, "color": "ffffff9c" },
					{ "time": 1.1667, "color": "ffffff00" }
				]
			},
			"win_star6": {
				"color": [
					{ "time": 0, "color": "ffffff00", "curve": "stepped" },
					{ "time": 0.1667, "color": "ffffff00" },
					{ "time": 0.2, "color": "ffffffff" },
					{ "time": 0.2333, "color": "ffffff70" },
					{ "time": 0.8, "color": "ffffffb4" },
					{ "time": 0.8333, "color": "ffffff2e" },
					{ "time": 1.2, "color": "ffffff00" }
				]
			},
			"win_star7": {
				"color": [
					{ "time": 0, "color": "ffffff00", "curve": "stepped" },
					{ "time": 0.2667, "color": "ffffff00" },
					{ "time": 0.3, "color": "ffffffff" },
					{ "time": 0.3333, "color": "ffffff8b" },
					{ "time": 0.8333, "color": "ffffffae" },
					{ "time": 1.2667, "color": "ffffff00" }
				]
			},
			"win_star8": {
				"color": [
					{ "time": 0, "color": "ffffff00", "curve": "stepped" },
					{ "time": 0.2, "color": "ffffff00" },
					{ "time": 0.2333, "color": "ffffffff" },
					{ "time": 0.3, "color": "ffffff76" },
					{ "time": 0.8667, "color": "ffffffb5" },
					{ "time": 1.2333, "color": "ffffff00" }
				]
			},
			"win_star9": {
				"color": [
					{ "time": 0, "color": "ffffff00", "curve": "stepped" },
					{ "time": 0.2667, "color": "ffffff00", "curve": "stepped" },
					{ "time": 0.3, "color": "ffffff00" },
					{ "time": 0.3333, "color": "ffffffff" },
					{ "time": 0.3667, "color": "ffffff86" },
					{ "time": 0.9, "color": "ffffffb2" },
					{ "time": 1.3, "color": "ffffff00" }
				]
			},
			"win_star10": {
				"color": [
					{ "time": 0, "color": "ffffff00", "curve": "stepped" },
					{ "time": 0.3333, "color": "ffffff00" },
					{ "time": 0.3667, "color": "ffffffff" },
					{ "time": 0.4, "color": "ffffff96" },
					{ "time": 0.9333, "color": "ffffffbf" },
					{ "time": 1.3333, "color": "ffffff00" }
				]
			},
			"win_star11": {
				"color": [
					{ "time": 0, "color": "ffffff00", "curve": "stepped" },
					{ "time": 0.3667, "color": "ffffff00" },
					{ "time": 0.4, "color": "ffffffff" },
					{ "time": 0.4333, "color": "ffffff86" },
					{ "time": 0.9667, "color": "f2df0dc2" },
					{ "time": 1.3667, "color": "f3fcff00" }
				]
			},
			"win_star12": {
				"color": [
					{ "time": 0, "color": "ffffff00", "curve": "stepped" },
					{ "time": 0.4, "color": "ffffff00" },
					{ "time": 0.4333, "color": "ffffffff" },
					{ "time": 0.4667, "color": "ffffff84" },
					{ "time": 1, "color": "ffffffc4" },
					{ "time": 1.4, "color": "ffffff00" }
				]
			},
			"win_star13": {
				"color": [
					{ "time": 0, "color": "ffffff00", "curve": "stepped" },
					{ "time": 0.4333, "color": "ffffff00" },
					{ "time": 0.4667, "color": "ffffffff" },
					{ "time": 0.5, "color": "ffffff7e" },
					{ "time": 1.0333, "color": "ffffffad" },
					{ "time": 1.4333, "color": "ffffff00" }
				]
			},
			"win_star14": {
				"color": [
					{ "time": 0, "color": "ffffff00", "curve": "stepped" },
					{ "time": 0.4667, "color": "ffffff00" },
					{ "time": 0.5, "color": "ffffffff" },
					{ "time": 0.5333, "color": "ffffff7f" },
					{ "time": 1.0667, "color": "ffffffa3" },
					{ "time": 1.4667, "color": "ffffff00" }
				]
			},
			"win_star15": {
				"color": [
					{ "time": 0, "color": "ffffff00", "curve": "stepped" },
					{ "time": 0.5, "color": "ffffff00" },
					{ "time": 0.5333, "color": "ffffffff" },
					{ "time": 0.5667, "color": "ffffff83" },
					{ "time": 1.1, "color": "ffffffa2" },
					{ "time": 1.5, "color": "ffffff00" }
				]
			},
			"win_star16": {
				"color": [
					{ "time": 0, "color": "ffffff00", "curve": "stepped" },
					{ "time": 0.5333, "color": "ffffff00" },
					{ "time": 0.5667, "color": "ffffffff" },
					{ "time": 0.6, "color": "ffffff83" },
					{ "time": 1.1333, "color": "ffffffa6" },
					{ "time": 1.5333, "color": "ffffff00" }
				]
			},
			"win_star17": {
				"color": [
					{ "time": 0, "color": "ffffff00", "curve": "stepped" },
					{ "time": 0.5667, "color": "ffffff00" },
					{ "time": 0.6, "color": "ffffffff" },
					{ "time": 0.6333, "color": "ffffff81" },
					{ "time": 1.1667, "color": "ffffff97" },
					{ "time": 1.5667, "color": "ffffff00" }
				]
			},
			"win_star18": {
				"color": [
					{ "time": 0, "color": "ffffff00", "curve": "stepped" },
					{ "time": 0.6, "color": "ffffff00" },
					{ "time": 0.6333, "color": "ffffffff" },
					{ "time": 0.6667, "color": "ffffff83" },
					{ "time": 1.2, "color": "ffffffa7" },
					{ "time": 1.6, "color": "ffffff00" }
				]
			},
			"win_star19": {
				"color": [
					{ "time": 0, "color": "ffffff00", "curve": "stepped" },
					{ "time": 0.6333, "color": "ffffff00" },
					{ "time": 0.6667, "color": "ffffffff" },
					{ "time": 0.7, "color": "ffffff7f" },
					{ "time": 1.2333, "color": "ffffffb5" },
					{ "time": 1.6333, "color": "ffffff00" }
				]
			},
			"win_touxaingguang": {
				"color": [
					{ "time": 0, "color": "ffffffa8" },
					{ "time": 0.2333, "color": "ffffffff" },
					{ "time": 0.5, "color": "ffffff63" },
					{ "time": 1.4333, "color": "ffffff00" }
				]
			}
		},
		"bones": {
			"bone2": {
				"scale": [
					{ "time": 0, "x": 1, "y": 1 }
				]
			},
			"bone": {
				"translate": [
					{
						"time": 0,
						"x": -57.48,
						"y": 0,
						"curve": [ 0.408, 0, 0.732, 0.39 ]
					},
					{
						"time": 0.3333,
						"x": 12.07,
						"y": 0,
						"curve": [ 0.461, 0.27, 0.623, 0.86 ]
					},
					{
						"time": 0.9667,
						"x": 179.78,
						"y": 0,
						"curve": [ 0.3, 0.93, 0.629, 1.32 ]
					},
					{ "time": 1.1667, "x": 179.77, "y": 0 }
				]
			}
		}
	}
}
}