{
"skeleton": { "hash": "a++7jobzEBKaKfMVSZM6P7jBK3M", "spine": "3.6.53", "width": 266, "height": 114, "fps": 36, "images": "" },
"bones": [
	{ "name": "root" },
	{ "name": "1", "parent": "root" },
	{ "name": "icon_dt_cz", "parent": "root", "y": 14 },
	{ "name": "lobby_cover_begin_light", "parent": "root" }
],
"slots": [
	{ "name": "icon_dt_cz", "bone": "icon_dt_cz", "attachment": "icon_dt_cz" },
	{
		"name": "lobby_cover_begin_light",
		"bone": "lobby_cover_begin_light",
		"attachment": "lobby_cover_begin_light",
		"blend": "additive"
	},
	{ "name": "1", "bone": "1", "color": "ffffffc6", "attachment": "17", "blend": "additive" }
],
"skins": {
	"default": {
		"1": {
			"1": { "x": -2, "width": 263, "height": 114 },
			"2": { "x": -2, "width": 263, "height": 114 },
			"3": { "x": -5, "width": 263, "height": 114 },
			"4": { "x": -8, "width": 263, "height": 114 },
			"5": { "x": -10, "width": 263, "height": 114 },
			"6": { "x": -15, "width": 263, "height": 114 },
			"7": { "x": -7, "width": 263, "height": 114 },
			"8": { "width": 263, "height": 114 },
			"9": { "width": 263, "height": 114 },
			"10": { "width": 263, "height": 114 },
			"11": { "width": 263, "height": 114 },
			"12": { "width": 263, "height": 114 },
			"13": { "width": 263, "height": 114 },
			"14": { "width": 263, "height": 114 },
			"15": { "width": 263, "height": 114 },
			"16": { "width": 263, "height": 114 },
			"17": { "x": 3, "width": 263, "height": 114 },
			"18": { "width": 263, "height": 114 },
			"19": { "width": 263, "height": 114 },
			"20": { "width": 263, "height": 114 },
			"21": { "width": 263, "height": 114 }
		},
		"icon_dt_cz": {
			"icon_dt_cz": { "y": -14, "width": 263, "height": 114 }
		},
		"lobby_cover_begin_light": {
			"lobby_cover_begin_light": { "width": 263, "height": 114 }
		}
	}
},
"animations": {
	"animation": {
		"slots": {
			"1": {
				"attachment": [
					{ "time": 0, "name": null },
					{ "time": 0.0278, "name": "1" },
					{ "time": 0.0833, "name": "2" },
					{ "time": 0.1389, "name": "3" },
					{ "time": 0.1944, "name": "4" },
					{ "time": 0.25, "name": "5" },
					{ "time": 0.3056, "name": "6" },
					{ "time": 0.3611, "name": "7" },
					{ "time": 0.4167, "name": "8" },
					{ "time": 0.4722, "name": "9" },
					{ "time": 0.5278, "name": "10" },
					{ "time": 0.5833, "name": "11" },
					{ "time": 0.6389, "name": "12" },
					{ "time": 0.6944, "name": "13" },
					{ "time": 0.75, "name": "14" },
					{ "time": 0.8056, "name": "15" },
					{ "time": 0.8611, "name": "16" },
					{ "time": 0.9167, "name": "17" },
					{ "time": 0.9722, "name": "18" },
					{ "time": 1.0278, "name": "19" },
					{ "time": 1.0833, "name": "20" },
					{ "time": 1.1389, "name": "21" },
					{ "time": 1.1667, "name": null }
				]
			},
			"lobby_cover_begin_light": {
				"color": [
					{ "time": 1.5278, "color": "ffffff97" },
					{ "time": 1.8333, "color": "ffffff88" },
					{ "time": 2.1111, "color": "ffffff00" }
				],
				"attachment": [
					{ "time": 0, "name": null },
					{ "time": 1.5, "name": null },
					{ "time": 1.5278, "name": "lobby_cover_begin_light" },
					{ "time": 2.1111, "name": "lobby_cover_begin_light" },
					{ "time": 2.1389, "name": null },
					{ "time": 2.5, "name": null }
				]
			}
		},
		"bones": {
			"lobby_cover_begin_light": {
				"scale": [
					{ "time": 0, "x": 1, "y": 1, "curve": "stepped" },
					{ "time": 1.5278, "x": 1, "y": 1 },
					{ "time": 2.1111, "x": 1.25, "y": 1.25 },
					{ "time": 2.1389, "x": 1, "y": 1, "curve": "stepped" },
					{ "time": 2.5, "x": 1, "y": 1 }
				]
			}
		}
	}
}
}