{"skeleton":{"hash":"20SYG6RlTFsSIUk7yHjAp+Rwye0","spine":"3.6.53","width":350,"height":350,"images":""},"bones":[{"name":"root"}],"slots":[{"name":"attack_sputtering1","bone":"root","attachment":"attack_sputtering1","blend":"additive"}],"skins":{"default":{"attack_sputtering1":{"attack_sputtering1":{"width":350,"height":350},"attack_sputtering2":{"width":350,"height":350},"attack_sputtering3":{"width":350,"height":350},"attack_sputtering4":{"width":350,"height":350},"attack_sputtering5":{"width":350,"height":350},"attack_sputtering6":{"width":350,"height":350},"attack_sputtering7":{"width":350,"height":350},"attack_sputtering8":{"width":350,"height":350},"attack_sputtering9":{"width":350,"height":350},"attack_sputtering10":{"width":350,"height":350},"attack_sputtering11":{"width":350,"height":350},"attack_sputtering12":{"width":350,"height":350}}}},"animations":{"attack_ani":{"slots":{"attack_sputtering1":{"attachment":[{"time":0,"name":"attack_sputtering1"},{"time":0.0667,"name":"attack_sputtering2"},{"time":0.1333,"name":"attack_sputtering3"},{"time":0.2,"name":"attack_sputtering4"},{"time":0.2667,"name":"attack_sputtering5"},{"time":0.3333,"name":"attack_sputtering6"},{"time":0.4,"name":"attack_sputtering7"},{"time":0.4667,"name":"attack_sputtering8"},{"time":0.5333,"name":"attack_sputtering9"},{"time":0.6,"name":"attack_sputtering10"},{"time":0.6667,"name":"attack_sputtering11"},{"time":0.7333,"name":"attack_sputtering12"}]}}}}}