{"skeleton":{"width":341.67,"height":574.67,"fps":24,"hash":" ","spine":"2.1","name":"loading_effect_logo"},"bones":[{"name":"root"},{"x":-15.8158,"y":5.2632,"name":"biaoti_00001","parent":"root"},{"x":-111.0757,"y":-115.7709,"scaleX":1.2,"scaleY":1.2,"name":"yw","parent":"root"}],"slots":[{"name":"font","bone":"root","attachment":"font"},{"name":"biaoti_00001","bone":"biaoti_00001","color":"FFE08FFF","blend":"additive","attachment":"biaoti_00001"},{"name":"yw","bone":"yw","attachment":"gamehall_loading_title_2"}],"skins":{"default":{"biaoti_00001":{"biaoti_00024":{"name":"biaoti_00024","width":5,"height":4,"x":39.5},"biaoti_00023":{"name":"biaoti_00023","width":65,"height":31,"x":39.5},"biaoti_00022":{"name":"biaoti_00022","width":88,"height":61,"x":39.5},"biaoti_00021":{"name":"biaoti_00021","width":87,"height":75,"x":39.5},"biaoti_00020":{"name":"biaoti_00020","width":86,"height":111,"x":39.5},"biaoti_00019":{"name":"biaoti_00019","width":89,"height":134,"x":39.5},"biaoti_00018":{"name":"biaoti_00018","width":228,"height":235,"x":39.5},"biaoti_00017":{"name":"biaoti_00017","width":246,"height":241,"x":39.5},"biaoti_00016":{"name":"biaoti_00016","width":260,"height":240,"x":39.5},"biaoti_00015":{"name":"biaoti_00015","width":260,"height":225,"x":39.5},"biaoti_00014":{"name":"biaoti_00014","width":272,"height":233,"x":39.5},"biaoti_00013":{"name":"biaoti_00013","width":271,"height":225,"x":39.5},"biaoti_00012":{"name":"biaoti_00012","width":261,"height":197,"x":39.5},"biaoti_00011":{"name":"biaoti_00011","width":240,"height":197,"x":39.5},"biaoti_00010":{"name":"biaoti_00010","width":194,"height":133,"x":39.5},"biaoti_00009":{"name":"biaoti_00009","width":199,"height":124,"x":39.5},"biaoti_00008":{"name":"biaoti_00008","width":152,"height":113,"x":39.5},"biaoti_00007":{"name":"biaoti_00007","width":151,"height":158,"x":39.5},"biaoti_00006":{"name":"biaoti_00006","width":188,"height":147,"x":39.5},"biaoti_00005":{"name":"biaoti_00005","width":190,"height":162,"x":39.5},"biaoti_00004":{"name":"biaoti_00004","width":189,"height":150,"x":39.5},"biaoti_00003":{"name":"biaoti_00003","width":169,"height":140,"x":39.5},"biaoti_00002":{"name":"biaoti_00002","width":139,"height":117,"x":39.5},"biaoti_00001":{"name":"biaoti_00001","width":92,"height":55,"x":44.21,"y":-1.42}},"font":{"font":{"name":"font","width":336,"height":567,"x":24.72,"y":-7.33}},"yw":{"gamehall_loading_title_2":{"name":"gamehall_loading_title_2","width":26,"height":274}}}},"animations":{"biaoti":{"bones":{"biaoti_00001":{"translate":[{"time":0,"x":-4.71,"y":1.42}]}},"slots":{"biaoti_00001":{"attachment":[{"time":0,"name":"biaoti_00001"},{"time":0.0833,"name":"biaoti_00002"},{"time":0.125,"name":"biaoti_00003"},{"time":0.2083,"name":"biaoti_00004"},{"time":0.25,"name":"biaoti_00005"},{"time":0.3333,"name":"biaoti_00006"},{"time":0.375,"name":"biaoti_00007"},{"time":0.4583,"name":"biaoti_00008"},{"time":0.5,"name":"biaoti_00009"},{"time":0.5833,"name":"biaoti_00010"},{"time":0.625,"name":"biaoti_00011"},{"time":0.7083,"name":"biaoti_00012"},{"time":0.75,"name":"biaoti_00013"},{"time":0.8333,"name":"biaoti_00014"},{"time":0.875,"name":"biaoti_00015"},{"time":0.9583,"name":"biaoti_00016"},{"time":1,"name":"biaoti_00017"},{"time":1.0833,"name":"biaoti_00018"},{"time":1.125,"name":"biaoti_00019"},{"time":1.2083,"name":"biaoti_00020"},{"time":1.25,"name":"biaoti_00021"},{"time":1.3333,"name":"biaoti_00022"},{"time":1.375,"name":"biaoti_00023"},{"time":1.4583,"name":"biaoti_00024"}],"color":[{"time":0,"color":"FFFFFFFF"},{"time":1.4583,"color":"FFE08FFF"},{"time":1.5,"color":"FFE08F00"}]}}}}}