{"skeleton":{"width":1069.28,"height":715,"fps":24,"hash":" ","spine":"2.1 ","name":"loading_effect_element"},"bones":[{"name":"root"},{"x":-211.567,"y":48.6975,"name":"bone","parent":"root"},{"x":-247.5141,"y":116.1603,"name":"C0","parent":"bone"},{"x":-26.633,"y":-90.8475,"name":"pan","parent":"bone"},{"x":-29.883,"y":3.1525,"name":"paiguang","parent":"bone"},{"x":339.711,"y":-184.0082,"name":"A1","parent":"bone"},{"x":-145.6492,"y":153.9119,"name":"B2","parent":"bone"},{"x":-292.6562,"y":80.2593,"name":"A2","parent":"bone"},{"x":-316.7944,"y":2.9375,"name":"B0","parent":"bone"},{"x":-298.4281,"y":-132.9308,"name":"B3","parent":"bone"},{"x":191.3351,"y":-122.116,"name":"B1","parent":"bone"},{"x":-227.2774,"y":91.4008,"name":"E0","parent":"bone"},{"x":260.4718,"y":-201.3029,"name":"D0","parent":"bone"},{"x":-335.0426,"y":68.1717,"name":"E1","parent":"bone"},{"x":-309.9052,"y":204.4817,"name":"D1","parent":"bone"},{"x":-276.6421,"y":-230.4426,"name":"A3","parent":"bone"},{"x":-16.933,"y":-40.5975,"name":"diguang","parent":"bone"},{"x":29.9001,"y":-282.8157,"name":"C3","parent":"bone"},{"x":320.2216,"y":15.117,"name":"A0","parent":"bone"},{"x":201.2524,"y":-267.801,"name":"D2","parent":"bone"},{"x":506.1151,"y":-296.9925,"name":"C2","parent":"bone"},{"x":641.9888,"y":-312.9135,"name":"E2","parent":"bone"},{"x":-251.3978,"y":189.6207,"name":"E3","parent":"bone"}],"slots":[{"name":"diguang","bone":"diguang","attachment":"diguang"},{"name":"11","bone":"B3","attachment":"B3"},{"name":"01","bone":"C0","attachment":"C0"},{"name":"06","bone":"B1","attachment":"B1"},{"name":"07","bone":"D0","attachment":"D0"},{"name":"092","bone":"D2","attachment":"D2"},{"name":"021","bone":"C2","attachment":"C2"},{"name":"05","bone":"E1","attachment":"E1"},{"name":"04","bone":"E0","attachment":"E0"},{"name":"12","bone":"A1","attachment":"A1"},{"name":"03","bone":"C3","attachment":"C3"},{"name":"08","bone":"B0","attachment":"B0"},{"name":"091","bone":"A2","attachment":"A2"},{"name":"pan","bone":"pan","attachment":"pan"},{"name":"pai","bone":"pan","attachment":"pai"},{"name":"paiguang","bone":"paiguang","blend":"additive"},{"name":"10","bone":"A0","attachment":"A0"},{"name":"02","bone":"A3","attachment":"A3"},{"name":"022","bone":"D1","attachment":"D1"},{"name":"09","bone":"B2","attachment":"B2"},{"name":"051","bone":"E2","attachment":"E2"},{"name":"0511","bone":"E3","attachment":"E3"}],"skins":{"default":{"10":{"A0":{"name":"A0","width":183,"height":122}},"11":{"B3":{"name":"B3","width":125,"height":84}},"12":{"A1":{"name":"A1","width":84,"height":62}},"02":{"A3":{"name":"A3","width":140,"height":141}},"07":{"D0":{"name":"D0","width":55,"height":42}},"06":{"B1":{"name":"B1","width":90,"height":62}},"paiguang":{"paiguang":{"name":"paiguang","width":363,"height":373,"x":-1.16,"y":1.61,"scaleX":-0.8403,"scaleY":-0.8403}},"022":{"D1":{"name":"D1","width":52,"height":53}},"03":{"C3":{"name":"C3","width":40,"height":42}},"04":{"E0":{"name":"E0","width":29,"height":22}},"05":{"E1":{"name":"E1","width":70,"height":56}},"021":{"C2":{"name":"C2","width":57,"height":64}},"diguang":{"diguang":{"name":"diguang","width":673,"height":710,"x":37.24,"y":-12.23}},"01":{"C0":{"name":"C0","width":81,"height":55}},"051":{"E2":{"name":"E2","width":101,"height":76}},"0511":{"E3":{"name":"E3","width":60,"height":64}},"08":{"B0":{"name":"B0","width":114,"height":127}},"pai":{"pai":{"name":"pai","width":429,"height":249,"x":64.81,"y":81.7}},"pan":{"pan":{"name":"pan","width":503,"height":476,"x":-22.57,"y":-44.29}},"09":{"B2":{"name":"B2","width":57,"height":90}},"091":{"A2":{"name":"A2","width":45,"height":56}},"092":{"D2":{"name":"D2","width":71,"height":74,"x":-2.4,"y":6.39}}}},"animations":{"xunhuan":{"bones":{"paiguang":{"translate":[{"time":0,"curve":[0,0,0.5,1],"x":6.56},{"time":1,"curve":[0.5,0,1,1],"x":6.56,"y":-17.49},{"time":2,"x":6.56}]},"B3":{"translate":[{"time":0,"y":-2.45},{"time":0.1667},{"time":1,"y":-26.96},{"time":1.1667,"y":-29.41},{"time":2,"y":-2.45}]},"A2":{"translate":[{"time":0,"y":-0.49},{"time":0.0833},{"time":0.9166,"y":-10.78},{"time":1.0833,"y":-11.76},{"time":1.9166,"y":-0.98},{"time":1.9999,"y":-0.49}]},"pan":{"translate":[{"time":0},{"time":0.75,"y":-11.38},{"time":1,"y":-12.41},{"time":1.75,"y":-1.03},{"time":2}]},"A1":{"translate":[{"time":0,"y":-0.49},{"time":0.0833},{"time":0.9166,"y":-10.78},{"time":1.0833,"y":-11.76},{"time":1.9166,"y":-0.98},{"time":1.9999,"y":-0.49}]},"B2":{"translate":[{"time":0,"y":-2.45},{"time":0.1667},{"time":1,"y":-26.96},{"time":1.1667,"y":-29.41},{"time":2,"y":-2.45}]},"D2":{"translate":[{"time":0,"y":-3.92},{"time":0.1667,"y":-1.23},{"time":0.3334},{"time":1.1667,"y":-13.48},{"time":1.3334,"y":-14.71},{"time":2.0001,"y":-3.92}]},"A0":{"translate":[{"time":0,"y":-0.49},{"time":0.0833},{"time":0.9166,"y":-10.78},{"time":1.0833,"y":-11.76},{"time":1.9166,"y":-0.98},{"time":1.9999,"y":-0.49}]},"B0":{"translate":[{"time":0,"y":-2.45},{"time":0.1667},{"time":1,"y":-26.96},{"time":1.1667,"y":-29.41},{"time":2,"y":-2.45}]},"B1":{"translate":[{"time":0,"y":-2.45},{"time":0.1667},{"time":1,"y":-26.96},{"time":1.1667,"y":-29.41},{"time":2,"y":-2.45}]},"E0":{"translate":[{"time":0,"y":-3.27},{"time":0.4167},{"time":1.4167,"y":-7.86},{"time":2,"y":-3.27}]},"D0":{"translate":[{"time":0,"y":-3.92},{"time":0.1667,"y":-1.23},{"time":0.3334},{"time":1.1667,"y":-13.48},{"time":1.3334,"y":-14.71},{"time":2.0001,"y":-3.92}]},"E1":{"translate":[{"time":0,"y":-3.27},{"time":0.4167},{"time":1.4167,"y":-7.86},{"time":2,"y":-3.27}]},"D1":{"translate":[{"time":0,"y":-3.92},{"time":0.1667,"y":-1.23},{"time":0.3334},{"time":1.1667,"y":-13.48},{"time":1.3334,"y":-14.71},{"time":2.0001,"y":-3.92}]},"A3":{"translate":[{"time":0,"y":-0.49},{"time":0.0833},{"time":0.9166,"y":-10.78},{"time":1.0833,"y":-11.76},{"time":1.9166,"y":-0.98},{"time":1.9999,"y":-0.49}]},"C3":{"translate":[{"time":0,"y":-1.49},{"time":0.0833,"y":-0.68},{"time":0.25},{"time":1.0833,"y":-8.09},{"time":1.25,"y":-8.82},{"time":2,"y":-1.49}]},"C0":{"translate":[{"time":0,"y":-1.49},{"time":0.0833,"y":-0.68},{"time":0.25},{"time":1.0833,"y":-8.09},{"time":1.25,"y":-8.82},{"time":2,"y":-1.49}]},"C2":{"translate":[{"time":0,"y":-1.49},{"time":0.0833,"y":-0.68},{"time":0.25},{"time":1.0833,"y":-8.09},{"time":1.25,"y":-8.82},{"time":2,"y":-1.49}]},"E2":{"translate":[{"time":0,"y":-3.27},{"time":0.4167},{"time":1.4167,"y":-7.86},{"time":2,"y":-3.27}]},"E3":{"translate":[{"time":0,"y":-3.27},{"time":0.4167},{"time":1.4167,"y":-7.86},{"time":2,"y":-3.27}]}},"slots":{"paiguang":{"color":[{"time":0,"color":"FFFFFFFF"},{"time":1,"color":"FFFFFF45"},{"time":2,"color":"FFFFFFFF"}]}}}}}