{
"skeleton": { "hash": "0g0FJLr2eDfyxo82rQrkAB4QPGA", "spine": "3.6.53", "width": 280.12, "height": 117, "fps": 36, "images": "" },
"bones": [
	{ "name": "root" },
	{ "name": "1", "parent": "root" },
	{ "name": "g4", "parent": "root", "x": -98.37, "y": 44.14 },
	{ "name": "g6", "parent": "g4", "x": -18.26, "y": 14.5 },
	{ "name": "g7", "parent": "g6", "length": 13.42, "rotation": -90, "x": -0.54, "y": -15.04 },
	{ "name": "g8", "parent": "g7", "length": 13.96, "x": 17.18 },
	{ "name": "g9", "parent": "g8", "length": 16.11, "x": 19.87, "y": 0.54 },
	{ "name": "g10", "parent": "g6", "x": -1.87, "y": -20.73 },
	{ "name": "g11", "parent": "g9", "x": 34.41, "y": -8.15 },
	{ "name": "g12", "parent": "g9", "x": 28.6, "y": 11.91 },
	{ "name": "g13", "parent": "g9", "x": 34.95, "y": 2.62, "scaleX": 0.541, "scaleY": 0.541 },
	{ "name": "g14", "parent": "g9", "rotation": 147.97, "x": 32.99, "y": 0.24 },
	{ "name": "g15", "parent": "g9", "rotation": -166.42, "x": 26.41, "y": 5.98 },
	{ "name": "g16", "parent": "g9", "x": 33.74, "y": 11.07, "scaleX": 0.562, "scaleY": 0.562 },
	{ "name": "g17", "parent": "g9", "rotation": -143.52, "x": 18.34, "y": -3.72, "scaleX": 0.562, "scaleY": 0.562 },
	{ "name": "g18", "parent": "g9", "rotation": -90.82, "x": 16.15, "y": 5.34 },
	{ "name": "g19", "parent": "g9", "rotation": -47.09, "x": 11.86, "y": -8.06 },
	{ "name": "icon_dt_cz", "parent": "root", "y": 14 },
	{ "name": "lobby_cover_begin_light", "parent": "root" }
],
"slots": [
	{ "name": "icon_dt_cz", "bone": "icon_dt_cz", "attachment": "icon_dt_cz" },
	{
		"name": "lobby_cover_begin_light",
		"bone": "lobby_cover_begin_light",
		"attachment": "lobby_cover_begin_light",
		"blend": "additive"
	},
	{ "name": "1", "bone": "1", "color": "ffffffc6", "attachment": "17", "blend": "additive" },
	{ "name": "g4", "bone": "g4", "attachment": "g4" },
	{ "name": "g10", "bone": "g15", "attachment": "g7" },
	{ "name": "g5", "bone": "g6", "attachment": "g5" },
	{ "name": "g6", "bone": "g11", "attachment": "g6" },
	{ "name": "g13", "bone": "g18", "attachment": "g6" },
	{ "name": "g14", "bone": "g19", "attachment": "g6" },
	{ "name": "g7", "bone": "g12", "attachment": "g7" },
	{ "name": "g9", "bone": "g14", "attachment": "g7" },
	{ "name": "g8", "bone": "g13", "attachment": "g8" },
	{ "name": "g11", "bone": "g16", "attachment": "g8" },
	{ "name": "g12", "bone": "g17", "attachment": "g8" }
],
"skins": {
	"default": {
		"1": {
			"1": { "x": -2, "width": 263, "height": 114 },
			"2": { "x": -2, "width": 263, "height": 114 },
			"3": { "x": -5, "width": 263, "height": 114 },
			"4": { "x": -8, "width": 263, "height": 114 },
			"5": { "x": -10, "width": 263, "height": 114 },
			"6": { "x": -15, "width": 263, "height": 114 },
			"7": { "x": -7, "width": 263, "height": 114 },
			"8": { "width": 263, "height": 114 },
			"9": { "width": 263, "height": 114 },
			"10": { "width": 263, "height": 114 },
			"11": { "width": 263, "height": 114 },
			"12": { "width": 263, "height": 114 },
			"13": { "width": 263, "height": 114 },
			"14": { "width": 263, "height": 114 },
			"15": { "width": 263, "height": 114 },
			"16": { "width": 263, "height": 114 },
			"17": { "x": 3, "width": 263, "height": 114 },
			"18": { "width": 263, "height": 114 },
			"19": { "width": 263, "height": 114 },
			"20": { "width": 263, "height": 114 },
			"21": { "width": 263, "height": 114 }
		},
		"g10": {
			"g7": { "x": -1.61, "y": 2.15, "rotation": 90, "width": 32, "height": 33 }
		},
		"g11": {
			"g8": { "x": -2.68, "y": 1.07, "rotation": 90, "width": 67, "height": 63 }
		},
		"g12": {
			"g8": { "x": -2.68, "y": 1.07, "rotation": 90, "width": 67, "height": 63 }
		},
		"g13": {
			"g6": { "x": -2.15, "y": -2.15, "rotation": 90, "width": 30, "height": 27 }
		},
		"g14": {
			"g6": { "x": -2.15, "y": -2.15, "rotation": 90, "width": 30, "height": 27 }
		},
		"g4": {
			"g4": { "x": -8.13, "y": 6.86, "width": 21, "height": 18 }
		},
		"g5": {
			"g5": {
				"type": "mesh",
				"uvs": [ 0.38493, 0.01284, 0.18063, 0.11482, 0, 0.22071, 0, 0.3776, 0, 0.58547, 0, 0.75804, 0, 0.90315, 0.03852, 0.98552, 0.38493, 1, 0.69581, 1, 1, 0.95806, 1, 0.82471, 1, 0.64822, 1, 0.48741, 1, 0.32269, 0.90011, 0.2011, 0.73134, 0.0756, 0.58922, 0.00108, 0.42046, 0.19718, 0.44711, 0.36583, 0.44711, 0.51487, 0.48263, 0.68744, 0.49152, 0.88354 ],
				"triangles": [ 18, 0, 17, 1, 0, 18, 16, 19, 18, 16, 18, 17, 3, 2, 1, 15, 14, 13, 19, 13, 20, 19, 4, 18, 15, 19, 16, 13, 19, 15, 18, 4, 3, 21, 20, 13, 12, 21, 13, 4, 19, 5, 1, 18, 3, 20, 5, 19, 5, 20, 21, 9, 21, 12, 9, 22, 21, 8, 5, 21, 8, 6, 5, 12, 11, 9, 8, 7, 6, 8, 21, 22, 10, 9, 11, 8, 22, 9 ],
				"vertices": [ 1, 4, -15.45, -2.24, 1, 1, 4, -7.59, -9.19, 1, 2, 4, 0.56, -15.33, 0.97275, 5, -16.62, -15.33, 0.02725, 2, 4, 12.64, -15.33, 0.63231, 5, -4.54, -15.33, 0.36769, 3, 4, 28.65, -15.33, 0.03104, 5, 11.46, -15.33, 0.79633, 6, -8.41, -15.87, 0.17263, 2, 5, 24.75, -15.33, 0.20881, 6, 4.88, -15.87, 0.79119, 2, 5, 35.92, -15.33, 0.01291, 6, 16.06, -15.87, 0.98709, 2, 5, 42.27, -14.02, 6.0E-5, 6, 22.4, -14.56, 0.99994, 1, 6, 23.51, -2.78, 1, 1, 6, 23.51, 7.79, 1, 2, 5, 40.15, 18.67, 4.0E-5, 6, 20.28, 18.13, 0.99996, 2, 5, 29.88, 18.67, 0.04334, 6, 10.02, 18.13, 0.95666, 3, 4, 33.48, 18.67, 0.01381, 5, 16.29, 18.67, 0.44459, 6, -3.57, 18.13, 0.5416, 3, 4, 21.1, 18.67, 0.25066, 5, 3.91, 18.67, 0.64935, 6, -15.96, 18.13, 0.09999, 3, 4, 8.41, 18.67, 0.77245, 5, -8.77, 18.67, 0.22591, 6, -28.64, 18.13, 0.00164, 2, 4, -0.95, 15.27, 0.96996, 5, -18.13, 15.27, 0.03004, 1, 4, -10.61, 9.53, 1, 1, 4, -16.35, 4.7, 1, 1, 4, -1.25, -1.03, 1, 1, 4, 11.73, -0.13, 1, 2, 4, 23.21, -0.13, 2.2E-4, 5, 6.03, -0.13, 0.99978, 2, 5, 19.31, 1.08, 0.03404, 6, -0.55, 0.54, 0.96596, 1, 6, 14.55, 0.84, 1 ],
				"hull": 18,
				"edges": [ 0, 2, 2, 4, 4, 6, 6, 8, 8, 10, 10, 12, 12, 14, 14, 16, 16, 18, 18, 20, 20, 22, 22, 24, 24, 26, 26, 28, 28, 30, 30, 32, 32, 34, 0, 34 ],
				"width": 34,
				"height": 77
			}
		},
		"g6": {
			"g6": { "x": -2.15, "y": -2.15, "rotation": 90, "width": 30, "height": 27 }
		},
		"g7": {
			"g7": { "x": -1.61, "y": 2.15, "rotation": 90, "width": 32, "height": 33 }
		},
		"g8": {
			"g8": { "x": -2.68, "y": 1.07, "rotation": 90, "width": 67, "height": 63 }
		},
		"g9": {
			"g7": { "x": -1.61, "y": 2.15, "rotation": 90, "width": 32, "height": 33 }
		},
		"icon_dt_cz": {
			"icon_dt_cz": { "y": -14, "width": 263, "height": 114 }
		},
		"lobby_cover_begin_light": {
			"lobby_cover_begin_light": { "width": 263, "height": 114 }
		}
	}
},
"animations": {
	"animation": {
		"slots": {
			"1": {
				"attachment": [
					{ "time": 0, "name": null },
					{ "time": 0.0278, "name": "1" },
					{ "time": 0.0833, "name": "2" },
					{ "time": 0.1389, "name": "3" },
					{ "time": 0.1944, "name": "4" },
					{ "time": 0.25, "name": "5" },
					{ "time": 0.3056, "name": "6" },
					{ "time": 0.3611, "name": "7" },
					{ "time": 0.4167, "name": "8" },
					{ "time": 0.4722, "name": "9" },
					{ "time": 0.5278, "name": "10" },
					{ "time": 0.5833, "name": "11" },
					{ "time": 0.6389, "name": "12" },
					{ "time": 0.6944, "name": "13" },
					{ "time": 0.75, "name": "14" },
					{ "time": 0.8056, "name": "15" },
					{ "time": 0.8611, "name": "16" },
					{ "time": 0.9167, "name": "17" },
					{ "time": 0.9722, "name": "18" },
					{ "time": 1.0278, "name": "19" },
					{ "time": 1.0833, "name": "20" },
					{ "time": 1.1389, "name": "21" },
					{ "time": 1.1667, "name": null }
				]
			},
			"g6": {
				"attachment": [
					{ "time": 0, "name": null },
					{ "time": 0.0278, "name": "g6" },
					{ "time": 0.1389, "name": null },
					{ "time": 0.4722, "name": null },
					{ "time": 0.5, "name": "g6" },
					{ "time": 0.6111, "name": null },
					{ "time": 1.1944, "name": null },
					{ "time": 1.2222, "name": "g6" },
					{ "time": 1.3333, "name": null },
					{ "time": 1.9167, "name": null },
					{ "time": 1.9444, "name": "g6" },
					{ "time": 2.0556, "name": null },
					{ "time": 2.3333, "name": null },
					{ "time": 2.3611, "name": "g6" },
					{ "time": 2.4722, "name": null }
				]
			},
			"g7": {
				"attachment": [
					{ "time": 0, "name": null },
					{ "time": 0.2222, "name": "g7" },
					{ "time": 0.3611, "name": null },
					{ "time": 0.8056, "name": "g7" },
					{ "time": 0.9444, "name": null },
					{ "time": 1.4444, "name": "g7" },
					{ "time": 1.5833, "name": null },
					{ "time": 2.0278, "name": "g7" },
					{ "time": 2.1667, "name": null }
				]
			},
			"g8": {
				"attachment": [
					{ "time": 0, "name": null },
					{ "time": 0.0278, "name": "g8" },
					{ "time": 0.1111, "name": null },
					{ "time": 0.3333, "name": null },
					{ "time": 0.3611, "name": "g8" },
					{ "time": 0.4444, "name": null },
					{ "time": 1.1667, "name": null },
					{ "time": 1.1944, "name": "g8" },
					{ "time": 1.2778, "name": null },
					{ "time": 1.5556, "name": null },
					{ "time": 1.5833, "name": "g8" },
					{ "time": 1.6667, "name": null },
					{ "time": 1.9444, "name": null },
					{ "time": 1.9722, "name": "g8" },
					{ "time": 2.0556, "name": null },
					{ "time": 2.2222, "name": null },
					{ "time": 2.25, "name": "g8" },
					{ "time": 2.3333, "name": null },
					{ "time": 2.3889, "name": null },
					{ "time": 2.4167, "name": "g8" },
					{ "time": 2.5, "name": null }
				]
			},
			"g9": {
				"attachment": [
					{ "time": 0, "name": null },
					{ "time": 0.0278, "name": "g7" },
					{ "time": 0.1667, "name": null },
					{ "time": 0.8056, "name": "g7" },
					{ "time": 0.9444, "name": null },
					{ "time": 1.5556, "name": "g7" },
					{ "time": 1.6944, "name": null },
					{ "time": 2.2222, "name": "g7" },
					{ "time": 2.3611, "name": null }
				]
			},
			"g10": {
				"attachment": [
					{ "time": 0, "name": null },
					{ "time": 0.1111, "name": "g7" },
					{ "time": 0.25, "name": null },
					{ "time": 0.4722, "name": "g7" },
					{ "time": 0.6111, "name": null },
					{ "time": 0.6944, "name": "g7" },
					{ "time": 0.8333, "name": null },
					{ "time": 1.0556, "name": "g7" },
					{ "time": 1.1944, "name": null },
					{ "time": 1.3056, "name": "g7" },
					{ "time": 1.4444, "name": null },
					{ "time": 1.6667, "name": "g7" },
					{ "time": 1.8056, "name": null },
					{ "time": 1.9722, "name": "g7" },
					{ "time": 2.1111, "name": null },
					{ "time": 2.2778, "name": "g7" },
					{ "time": 2.4167, "name": null }
				]
			},
			"g11": {
				"attachment": [
					{ "time": 0, "name": "g8" },
					{ "time": 0.0278, "name": null },
					{ "time": 0.3333, "name": "g8" },
					{ "time": 0.4167, "name": null },
					{ "time": 0.5833, "name": "g8" },
					{ "time": 0.6667, "name": null },
					{ "time": 0.8056, "name": "g8" },
					{ "time": 0.8889, "name": null },
					{ "time": 1, "name": "g8" },
					{ "time": 1.0833, "name": null },
					{ "time": 1.1389, "name": "g8" },
					{ "time": 1.2222, "name": null },
					{ "time": 1.3889, "name": "g8" },
					{ "time": 1.4722, "name": null },
					{ "time": 1.5556, "name": "g8" },
					{ "time": 1.6389, "name": null },
					{ "time": 1.75, "name": "g8" },
					{ "time": 1.8333, "name": null },
					{ "time": 1.9444, "name": "g8" },
					{ "time": 2.0278, "name": null },
					{ "time": 2.1944, "name": "g8" },
					{ "time": 2.2778, "name": null },
					{ "time": 2.4167, "name": "g8" },
					{ "time": 2.5, "name": null }
				]
			},
			"g12": {
				"attachment": [
					{ "time": 0, "name": null },
					{ "time": 0.0278, "name": "g8" },
					{ "time": 0.1111, "name": null },
					{ "time": 0.1667, "name": null },
					{ "time": 0.1944, "name": "g8" },
					{ "time": 0.2778, "name": null },
					{ "time": 0.3333, "name": null },
					{ "time": 0.3611, "name": "g8" },
					{ "time": 0.4444, "name": null },
					{ "time": 0.6111, "name": null },
					{ "time": 0.6389, "name": "g8" },
					{ "time": 0.7222, "name": null },
					{ "time": 0.9167, "name": null },
					{ "time": 0.9444, "name": "g8" },
					{ "time": 1.0278, "name": null },
					{ "time": 1.1111, "name": null },
					{ "time": 1.1389, "name": "g8" },
					{ "time": 1.2222, "name": null },
					{ "time": 1.5278, "name": null },
					{ "time": 1.5556, "name": "g8" },
					{ "time": 1.6389, "name": null },
					{ "time": 1.8333, "name": null },
					{ "time": 1.8611, "name": "g8" },
					{ "time": 1.9444, "name": null },
					{ "time": 2.1111, "name": null },
					{ "time": 2.1389, "name": "g8" },
					{ "time": 2.2222, "name": null },
					{ "time": 2.3611, "name": null },
					{ "time": 2.3889, "name": "g8" },
					{ "time": 2.4722, "name": null }
				]
			},
			"g13": {
				"attachment": [
					{ "time": 0, "name": null },
					{ "time": 0.0278, "name": "g6" },
					{ "time": 0.1389, "name": null },
					{ "time": 0.2778, "name": null },
					{ "time": 0.3056, "name": "g6" },
					{ "time": 0.4167, "name": null },
					{ "time": 0.6111, "name": null },
					{ "time": 0.6389, "name": "g6" },
					{ "time": 0.6667, "name": null },
					{ "time": 0.6944, "name": "g6" },
					{ "time": 0.75, "name": null },
					{ "time": 0.8056, "name": null },
					{ "time": 0.8889, "name": null },
					{ "time": 0.9167, "name": "g6" },
					{ "time": 1.0278, "name": null },
					{ "time": 1.1944, "name": null },
					{ "time": 1.2222, "name": "g6" },
					{ "time": 1.3333, "name": null },
					{ "time": 1.6111, "name": null },
					{ "time": 1.6389, "name": "g6" },
					{ "time": 1.75, "name": null },
					{ "time": 1.9167, "name": null },
					{ "time": 1.9444, "name": "g6" },
					{ "time": 2.0556, "name": null },
					{ "time": 2.3333, "name": null },
					{ "time": 2.3611, "name": "g6" },
					{ "time": 2.4722, "name": null }
				]
			},
			"g14": {
				"attachment": [
					{ "time": 0, "name": null },
					{ "time": 0.0556, "name": "g6" },
					{ "time": 0.1667, "name": null },
					{ "time": 0.3611, "name": null },
					{ "time": 0.3889, "name": "g6" },
					{ "time": 0.5, "name": null },
					{ "time": 0.6944, "name": null },
					{ "time": 0.7222, "name": "g6" },
					{ "time": 0.8333, "name": null },
					{ "time": 1.0833, "name": null },
					{ "time": 1.1111, "name": "g6" },
					{ "time": 1.2222, "name": null },
					{ "time": 1.5278, "name": null },
					{ "time": 1.5556, "name": "g6" },
					{ "time": 1.6667, "name": null },
					{ "time": 1.7778, "name": null },
					{ "time": 1.8056, "name": "g6" },
					{ "time": 1.9167, "name": null },
					{ "time": 2.0833, "name": null },
					{ "time": 2.1111, "name": "g6" },
					{ "time": 2.2222, "name": null },
					{ "time": 2.3333, "name": null },
					{ "time": 2.3611, "name": "g6" },
					{ "time": 2.4722, "name": null }
				]
			},
			"lobby_cover_begin_light": {
				"color": [
					{ "time": 1.5278, "color": "ffffff97" },
					{ "time": 1.8333, "color": "ffffff88" },
					{ "time": 2.1111, "color": "ffffff00" }
				],
				"attachment": [
					{ "time": 0, "name": null },
					{ "time": 1.5, "name": null },
					{ "time": 1.5278, "name": "lobby_cover_begin_light" },
					{ "time": 2.1111, "name": "lobby_cover_begin_light" },
					{ "time": 2.1389, "name": null },
					{ "time": 2.5, "name": null }
				]
			}
		},
		"bones": {
			"lobby_cover_begin_light": {
				"scale": [
					{ "time": 0, "x": 1, "y": 1, "curve": "stepped" },
					{ "time": 1.5278, "x": 1, "y": 1 },
					{ "time": 2.1111, "x": 1.25, "y": 1.25 },
					{ "time": 2.1389, "x": 1, "y": 1, "curve": "stepped" },
					{ "time": 2.5, "x": 1, "y": 1 }
				]
			},
			"g7": {
				"rotate": [
					{ "time": 0, "angle": 0 },
					{ "time": 1.25, "angle": -3.48 },
					{ "time": 2.5, "angle": 0 }
				]
			},
			"g8": {
				"rotate": [
					{ "time": 0, "angle": 0 },
					{ "time": 1.25, "angle": -3.48 },
					{ "time": 2.5, "angle": 0 }
				]
			},
			"g9": {
				"rotate": [
					{ "time": 0, "angle": 0 },
					{ "time": 1.25, "angle": -3.48 },
					{ "time": 2.5, "angle": 0 }
				]
			},
			"g11": {
				"rotate": [
					{ "time": 0, "angle": 0 },
					{ "time": 0.1111, "angle": 50.8 },
					{ "time": 0.1389, "angle": 0, "curve": "stepped" },
					{ "time": 0.4722, "angle": 0 },
					{ "time": 0.5833, "angle": 50.8 },
					{ "time": 1.1944, "angle": 0 },
					{ "time": 1.3056, "angle": 50.8 },
					{ "time": 1.9167, "angle": 0 },
					{ "time": 2.0278, "angle": 50.8 },
					{ "time": 2.3333, "angle": 0 },
					{ "time": 2.4444, "angle": 50.8 }
				],
				"scale": [
					{ "time": 0, "x": 0.215, "y": 0.215 },
					{ "time": 0.0556, "x": 1, "y": 1 },
					{ "time": 0.1111, "x": 1.067, "y": 1.067 },
					{ "time": 0.4722, "x": 0.215, "y": 0.215 },
					{ "time": 0.5278, "x": 1, "y": 1 },
					{ "time": 0.5833, "x": 1.067, "y": 1.067 },
					{ "time": 1.1944, "x": 0.215, "y": 0.215 },
					{ "time": 1.25, "x": 1, "y": 1 },
					{ "time": 1.3056, "x": 1.067, "y": 1.067 },
					{ "time": 1.9167, "x": 0.215, "y": 0.215 },
					{ "time": 1.9722, "x": 1, "y": 1 },
					{ "time": 2.0278, "x": 1.067, "y": 1.067 },
					{ "time": 2.3333, "x": 0.215, "y": 0.215 },
					{ "time": 2.3889, "x": 1, "y": 1 },
					{ "time": 2.4444, "x": 1.067, "y": 1.067 }
				]
			},
			"g12": {
				"scale": [
					{ "time": 0.2222, "x": 0.215, "y": 0.215 },
					{ "time": 0.2778, "x": 1, "y": 1 },
					{ "time": 0.3333, "x": 1.067, "y": 1.067 },
					{ "time": 0.8056, "x": 0.215, "y": 0.215 },
					{ "time": 0.8611, "x": 1, "y": 1 },
					{ "time": 0.9167, "x": 1.067, "y": 1.067 },
					{ "time": 1.4444, "x": 0.215, "y": 0.215 },
					{ "time": 1.5, "x": 1, "y": 1 },
					{ "time": 1.5556, "x": 1.067, "y": 1.067 },
					{ "time": 2.0278, "x": 0.215, "y": 0.215 },
					{ "time": 2.0833, "x": 1, "y": 1 },
					{ "time": 2.1389, "x": 1.067, "y": 1.067 }
				]
			},
			"g13": {
				"scale": [
					{ "time": 0.0278, "x": 0.12, "y": 0.12 },
					{ "time": 0.0833, "x": 0.749, "y": 0.749 },
					{ "time": 0.3611, "x": 0.12, "y": 0.12 },
					{ "time": 0.4167, "x": 0.749, "y": 0.749 },
					{ "time": 1.1944, "x": 0.12, "y": 0.12 },
					{ "time": 1.25, "x": 0.749, "y": 0.749 },
					{ "time": 1.5833, "x": 0.12, "y": 0.12 },
					{ "time": 1.6389, "x": 0.749, "y": 0.749 },
					{ "time": 1.9722, "x": 0.12, "y": 0.12 },
					{ "time": 2.0278, "x": 0.749, "y": 0.749 },
					{ "time": 2.25, "x": 0.12, "y": 0.12 },
					{ "time": 2.3056, "x": 0.749, "y": 0.749 },
					{ "time": 2.4167, "x": 0.12, "y": 0.12 },
					{ "time": 2.4722, "x": 0.749, "y": 0.749 }
				]
			},
			"g14": {
				"scale": [
					{ "time": 0.0278, "x": 0.215, "y": 0.215 },
					{ "time": 0.0833, "x": 1, "y": 1 },
					{ "time": 0.1389, "x": 1.067, "y": 1.067 },
					{ "time": 0.8056, "x": 0.215, "y": 0.215 },
					{ "time": 0.8611, "x": 1, "y": 1 },
					{ "time": 0.9167, "x": 1.067, "y": 1.067 },
					{ "time": 1.5556, "x": 0.215, "y": 0.215 },
					{ "time": 1.6111, "x": 1, "y": 1 },
					{ "time": 1.6667, "x": 1.067, "y": 1.067 },
					{ "time": 2.2222, "x": 0.215, "y": 0.215 },
					{ "time": 2.2778, "x": 1, "y": 1 },
					{ "time": 2.3333, "x": 1.067, "y": 1.067 }
				]
			},
			"g15": {
				"scale": [
					{ "time": 0.1111, "x": 0.215, "y": 0.215 },
					{ "time": 0.1667, "x": 1, "y": 1 },
					{ "time": 0.2222, "x": 1.067, "y": 1.067 },
					{ "time": 0.4722, "x": 0.215, "y": 0.215 },
					{ "time": 0.5278, "x": 1, "y": 1 },
					{ "time": 0.5833, "x": 1.067, "y": 1.067 },
					{ "time": 0.6944, "x": 0.215, "y": 0.215 },
					{ "time": 0.75, "x": 1, "y": 1 },
					{ "time": 0.8056, "x": 1.067, "y": 1.067 },
					{ "time": 1.0556, "x": 0.215, "y": 0.215 },
					{ "time": 1.1111, "x": 1, "y": 1 },
					{ "time": 1.1667, "x": 1.067, "y": 1.067 },
					{ "time": 1.3056, "x": 0.215, "y": 0.215 },
					{ "time": 1.3611, "x": 1, "y": 1 },
					{ "time": 1.4167, "x": 1.067, "y": 1.067 },
					{ "time": 1.6667, "x": 0.215, "y": 0.215 },
					{ "time": 1.7222, "x": 1, "y": 1 },
					{ "time": 1.7778, "x": 1.067, "y": 1.067 },
					{ "time": 1.9722, "x": 0.215, "y": 0.215 },
					{ "time": 2.0278, "x": 1, "y": 1 },
					{ "time": 2.0833, "x": 1.067, "y": 1.067 },
					{ "time": 2.2778, "x": 0.215, "y": 0.215 },
					{ "time": 2.3333, "x": 1, "y": 1 },
					{ "time": 2.3889, "x": 1.067, "y": 1.067 }
				]
			},
			"g16": {
				"scale": [
					{ "time": 0.3333, "x": 0.12, "y": 0.12 },
					{ "time": 0.3889, "x": 0.749, "y": 0.749 },
					{ "time": 0.5833, "x": 0.12, "y": 0.12 },
					{ "time": 0.6389, "x": 0.749, "y": 0.749 },
					{ "time": 0.8056, "x": 0.12, "y": 0.12 },
					{ "time": 0.8611, "x": 0.749, "y": 0.749 },
					{ "time": 1, "x": 0.12, "y": 0.12 },
					{ "time": 1.0556, "x": 0.749, "y": 0.749 },
					{ "time": 1.1389, "x": 0.12, "y": 0.12 },
					{ "time": 1.1944, "x": 0.749, "y": 0.749 },
					{ "time": 1.3889, "x": 0.12, "y": 0.12 },
					{ "time": 1.4444, "x": 0.749, "y": 0.749 },
					{ "time": 1.5556, "x": 0.12, "y": 0.12 },
					{ "time": 1.6111, "x": 0.749, "y": 0.749 },
					{ "time": 1.75, "x": 0.12, "y": 0.12 },
					{ "time": 1.8056, "x": 0.749, "y": 0.749 },
					{ "time": 1.9444, "x": 0.12, "y": 0.12 },
					{ "time": 2, "x": 0.749, "y": 0.749 },
					{ "time": 2.1944, "x": 0.12, "y": 0.12 },
					{ "time": 2.25, "x": 0.749, "y": 0.749 },
					{ "time": 2.4167, "x": 0.12, "y": 0.12 },
					{ "time": 2.4722, "x": 0.749, "y": 0.749 }
				]
			},
			"g17": {
				"scale": [
					{ "time": 0.0278, "x": 0.12, "y": 0.12 },
					{ "time": 0.0833, "x": 0.749, "y": 0.749 },
					{ "time": 0.1944, "x": 0.12, "y": 0.12 },
					{ "time": 0.25, "x": 0.749, "y": 0.749 },
					{ "time": 0.3611, "x": 0.12, "y": 0.12 },
					{ "time": 0.4167, "x": 0.749, "y": 0.749 },
					{ "time": 0.6389, "x": 0.12, "y": 0.12 },
					{ "time": 0.6944, "x": 0.749, "y": 0.749 },
					{ "time": 0.9444, "x": 0.12, "y": 0.12 },
					{ "time": 1, "x": 0.749, "y": 0.749 },
					{ "time": 1.1389, "x": 0.12, "y": 0.12 },
					{ "time": 1.1944, "x": 0.749, "y": 0.749 },
					{ "time": 1.5556, "x": 0.12, "y": 0.12 },
					{ "time": 1.6111, "x": 0.749, "y": 0.749 },
					{ "time": 1.8611, "x": 0.12, "y": 0.12 },
					{ "time": 1.9167, "x": 0.749, "y": 0.749 },
					{ "time": 2.1389, "x": 0.12, "y": 0.12 },
					{ "time": 2.1944, "x": 0.749, "y": 0.749 },
					{ "time": 2.3889, "x": 0.12, "y": 0.12 },
					{ "time": 2.4444, "x": 0.749, "y": 0.749 }
				]
			},
			"g18": {
				"rotate": [
					{ "time": 0, "angle": 0 },
					{ "time": 0.1111, "angle": 50.8 },
					{ "time": 0.1389, "angle": 0, "curve": "stepped" },
					{ "time": 0.2778, "angle": 0 },
					{ "time": 0.3889, "angle": 50.8 },
					{ "time": 0.6111, "angle": 0 },
					{ "time": 0.7222, "angle": 50.8 },
					{ "time": 0.8889, "angle": 0 },
					{ "time": 1, "angle": 50.8 },
					{ "time": 1.1944, "angle": 0 },
					{ "time": 1.3056, "angle": 50.8 },
					{ "time": 1.6111, "angle": 0 },
					{ "time": 1.7222, "angle": 50.8 },
					{ "time": 1.9167, "angle": 0 },
					{ "time": 2.0278, "angle": 50.8 },
					{ "time": 2.3333, "angle": 0 },
					{ "time": 2.4444, "angle": 50.8 }
				],
				"scale": [
					{ "time": 0, "x": 0.215, "y": 0.215 },
					{ "time": 0.0556, "x": 1, "y": 1 },
					{ "time": 0.1111, "x": 1.067, "y": 1.067 },
					{ "time": 0.2778, "x": 0.215, "y": 0.215 },
					{ "time": 0.3333, "x": 1, "y": 1 },
					{ "time": 0.3889, "x": 1.067, "y": 1.067 },
					{ "time": 0.6111, "x": 0.215, "y": 0.215 },
					{ "time": 0.6667, "x": 1, "y": 1 },
					{ "time": 0.7222, "x": 1.067, "y": 1.067 },
					{ "time": 0.8889, "x": 0.215, "y": 0.215 },
					{ "time": 0.9444, "x": 1, "y": 1 },
					{ "time": 1, "x": 1.067, "y": 1.067 },
					{ "time": 1.1944, "x": 0.215, "y": 0.215 },
					{ "time": 1.25, "x": 1, "y": 1 },
					{ "time": 1.3056, "x": 1.067, "y": 1.067 },
					{ "time": 1.6111, "x": 0.215, "y": 0.215 },
					{ "time": 1.6667, "x": 1, "y": 1 },
					{ "time": 1.7222, "x": 1.067, "y": 1.067 },
					{ "time": 1.9167, "x": 0.215, "y": 0.215 },
					{ "time": 1.9722, "x": 1, "y": 1 },
					{ "time": 2.0278, "x": 1.067, "y": 1.067 },
					{ "time": 2.3333, "x": 0.215, "y": 0.215 },
					{ "time": 2.3889, "x": 1, "y": 1 },
					{ "time": 2.4444, "x": 1.067, "y": 1.067 }
				]
			},
			"g19": {
				"rotate": [
					{ "time": 0.0278, "angle": 0 },
					{ "time": 0.1389, "angle": 50.8 },
					{ "time": 0.1667, "angle": 0, "curve": "stepped" },
					{ "time": 0.3611, "angle": 0 },
					{ "time": 0.4722, "angle": 50.8 },
					{ "time": 0.6944, "angle": 0 },
					{ "time": 0.8056, "angle": 50.8 },
					{ "time": 1.0833, "angle": 0 },
					{ "time": 1.1944, "angle": 50.8 },
					{ "time": 1.5278, "angle": 0 },
					{ "time": 1.6389, "angle": 50.8 },
					{ "time": 1.7778, "angle": 0 },
					{ "time": 1.8889, "angle": 50.8 },
					{ "time": 2.0833, "angle": 0 },
					{ "time": 2.1944, "angle": 50.8 },
					{ "time": 2.3333, "angle": 0 },
					{ "time": 2.4444, "angle": 50.8 }
				],
				"scale": [
					{ "time": 0.0278, "x": 0.215, "y": 0.215 },
					{ "time": 0.0833, "x": 1, "y": 1 },
					{ "time": 0.1389, "x": 1.067, "y": 1.067 },
					{ "time": 0.3611, "x": 0.215, "y": 0.215 },
					{ "time": 0.4167, "x": 1, "y": 1 },
					{ "time": 0.4722, "x": 1.067, "y": 1.067 },
					{ "time": 0.6944, "x": 0.215, "y": 0.215 },
					{ "time": 0.75, "x": 1, "y": 1 },
					{ "time": 0.8056, "x": 1.067, "y": 1.067 },
					{ "time": 1.0833, "x": 0.215, "y": 0.215 },
					{ "time": 1.1389, "x": 1, "y": 1 },
					{ "time": 1.1944, "x": 1.067, "y": 1.067 },
					{ "time": 1.5278, "x": 0.215, "y": 0.215 },
					{ "time": 1.5833, "x": 1, "y": 1 },
					{ "time": 1.6389, "x": 1.067, "y": 1.067 },
					{ "time": 1.7778, "x": 0.215, "y": 0.215 },
					{ "time": 1.8333, "x": 1, "y": 1 },
					{ "time": 1.8889, "x": 1.067, "y": 1.067 },
					{ "time": 2.0833, "x": 0.215, "y": 0.215 },
					{ "time": 2.1389, "x": 1, "y": 1 },
					{ "time": 2.1944, "x": 1.067, "y": 1.067 },
					{ "time": 2.3333, "x": 0.215, "y": 0.215 },
					{ "time": 2.3889, "x": 1, "y": 1 },
					{ "time": 2.4444, "x": 1.067, "y": 1.067 }
				]
			}
		}
	}
}
}