{
"skeleton": { "hash": "SLElaon+Zp1nvSCTwPttfrkvcUU", "spine": "3.6.53", "width": 1136, "height": 640, "images": "" },
"bones": [
	{ "name": "root" },
	{ "name": "q", "parent": "root" },
	{ "name": "q2", "parent": "root" },
	{ "name": "x1", "parent": "root", "x": 26.55, "y": 0.35 },
	{ "name": "x2", "parent": "root", "x": 21.87, "y": -10.95 },
	{ "name": "x3", "parent": "root", "x": 3.23, "y": -11.31 },
	{ "name": "x4", "parent": "root", "x": -12.6, "y": -21.6 }
],
"slots": [
	{ "name": "392", "bone": "root" },
	{ "name": "q", "bone": "q", "attachment": "q" },
	{ "name": "q2", "bone": "q2", "attachment": "q" },
	{ "name": "x2", "bone": "x2", "attachment": "x2" },
	{ "name": "x4", "bone": "x4", "attachment": "x2" },
	{ "name": "x1", "bone": "x1", "attachment": "x1" },
	{ "name": "x3", "bone": "x3", "attachment": "x1" }
],
"skins": {
	"default": {
		"q": {
			"q": { "x": -0.43, "y": -1.08, "width": 82, "height": 82 }
		},
		"q2": {
			"q": { "x": -0.43, "y": -1.08, "width": 82, "height": 82 }
		},
		"x1": {
			"x1": { "x": -0.16, "y": 0.23, "width": 15, "height": 14 }
		},
		"x2": {
			"x2": { "x": 0.39, "y": -0.28, "width": 15, "height": 14 }
		},
		"x3": {
			"x1": { "x": -0.16, "y": 0.23, "width": 15, "height": 14 }
		},
		"x4": {
			"x2": { "x": 0.39, "y": -0.28, "width": 15, "height": 14 }
		}
	}
},
"animations": {
	"animation": {
		"slots": {
			"q": {
				"color": [
					{ "time": 0, "color": "ffffff00" },
					{ "time": 0.1667, "color": "ffffff9f" },
					{ "time": 0.5, "color": "ffffff00" }
				]
			},
			"q2": {
				"color": [
					{ "time": 0, "color": "ffffff00", "curve": "stepped" },
					{ "time": 0.3, "color": "ffffff00" },
					{ "time": 0.4667, "color": "ffffffa0" },
					{ "time": 0.8, "color": "ffffff00" }
				]
			},
			"x1": {
				"color": [
					{ "time": 0, "color": "ffffff00" },
					{ "time": 0.1667, "color": "ffffffff" },
					{ "time": 0.3333, "color": "ffffff00", "curve": "stepped" },
					{ "time": 0.5333, "color": "ffffff00" },
					{ "time": 0.7, "color": "ffffffff" },
					{ "time": 0.8667, "color": "ffffff00" }
				]
			},
			"x2": {
				"color": [
					{ "time": 0, "color": "ffffff00", "curve": "stepped" },
					{ "time": 0.0667, "color": "ffffff00" },
					{ "time": 0.2333, "color": "ffffffff" },
					{ "time": 0.4, "color": "ffffff00" }
				]
			},
			"x3": {
				"color": [
					{ "time": 0, "color": "ffffff00", "curve": "stepped" },
					{ "time": 0.2667, "color": "ffffff00" },
					{ "time": 0.4333, "color": "ffffffff" },
					{ "time": 0.6, "color": "ffffff00" }
				]
			},
			"x4": {
				"color": [
					{ "time": 0, "color": "ffffff00", "curve": "stepped" },
					{ "time": 0.5, "color": "ffffff00" },
					{ "time": 0.6667, "color": "ffffffff" },
					{ "time": 0.8333, "color": "ffffff00", "curve": "stepped" },
					{ "time": 1, "color": "ffffff00" },
					{ "time": 1.1667, "color": "ffffffff" },
					{ "time": 1.3333, "color": "ffffff00" }
				]
			}
		},
		"bones": {
			"q": {
				"scale": [
					{
						"time": 0,
						"x": 0.654,
						"y": 0.654,
						"curve": [ 0.25, 0, 0.75, 1 ]
					},
					{ "time": 0.5, "x": 1.868, "y": 1.868 }
				]
			},
			"q2": {
				"scale": [
					{
						"time": 0.3,
						"x": 0.654,
						"y": 0.654,
						"curve": [ 0.25, 0, 0.75, 1 ]
					},
					{ "time": 0.8, "x": 1.868, "y": 1.868 }
				]
			},
			"x1": {
				"translate": [
					{ "time": 0, "x": -7.16, "y": 1.3, "curve": "stepped" },
					{ "time": 0.3333, "x": -7.16, "y": 1.3 },
					{ "time": 0.5333, "x": 0.67, "y": 25.31, "curve": "stepped" },
					{ "time": 0.8667, "x": 0.67, "y": 25.31 }
				],
				"scale": [
					{ "time": 0, "x": 1, "y": 1, "curve": "stepped" },
					{ "time": 0.3333, "x": 1, "y": 1 },
					{ "time": 0.5333, "x": 1.215, "y": 1.215, "curve": "stepped" },
					{ "time": 0.8667, "x": 1.215, "y": 1.215 }
				]
			},
			"x2": {
				"translate": [
					{ "time": 0, "x": -7.13, "y": -9.48 }
				]
			},
			"x3": {
				"translate": [
					{ "time": 0, "x": 6.51, "y": 13.02 }
				],
				"scale": [
					{ "time": 0, "x": 1, "y": 1 },
					{ "time": 0.2667, "x": 1.295, "y": 1.295 },
					{ "time": 0.4333, "x": 1.505, "y": 1.505 },
					{ "time": 0.6, "x": 0.992, "y": 0.992 }
				]
			},
			"x4": {
				"translate": [
					{ "time": 0, "x": 0, "y": 0, "curve": "stepped" },
					{ "time": 0.5, "x": 0, "y": 0, "curve": "stepped" },
					{ "time": 0.8333, "x": 0, "y": 0 },
					{ "time": 1, "x": -14.21, "y": 31.25, "curve": "stepped" },
					{ "time": 1.3333, "x": -14.21, "y": 31.25 }
				]
			},
			"root": {
				"translate": [
					{ "time": 0, "x": 0, "y": 0, "curve": "stepped" },
					{ "time": 1.5, "x": 0, "y": 0 }
				]
			}
		}
	}
}
}