{
  "skeleton": {
    "width": 270,
    "height": 217.18,
    "fps": 24,
    "hash": " ",
    "spine": " ",
    "name": "sg_effect_hall4"
  },
  "bones": [

    { "name": "root" },
    {
      "x": -64.6514,
      "y": 34.0136,
      "name": "huaban21",
      "parent": "root"
    },
    {
      "x": 44.88,
      "y": 10.8405,
      "name": "chuizi1",
      "parent": "root"
    },
    {
      "x": -20.5755,
      "y": 13.86,
      "name": "c3db9fa7",
      "parent": "root"
    },
    {
      "length": 14,
      "x": -68.706,
      "y": 11.715,
      "rotation": 109.8535,
      "name": "hua",
      "parent": "root"
    },
    {
      "length": 15,
      "x": -48.8235,
      "y": 41.1015,
      "rotation": 110.2103,
      "name": "hua21",
      "parent": "root"
    },
    {
      "x": -55.1265,
      "y": -49.0875,
      "name": "chuizi2",
      "parent": "root"
    },
    {
      "length": 21,
      "x": 28.7265,
      "y": 35.3595,
      "rotation": 32.22,
      "name": "hua31",
      "parent": "root"
    },
    {
      "length": 56,
      "x": 15.0315,
      "y": 7.0785,
      "rotation": 55.6305,
      "name": "heye1",
      "parent": "root"
    },
    {
      "x": 40.095,
      "y": -59.169,
      "name": "jinbi2",
      "parent": "root"
    },
    {
      "length": 50,
      "x": -15.906,
      "y": 2.442,
      "rotation": 149.5145,
      "name": "heye2",
      "parent": "root"
    },
    {
      "name": "bone",
      "parent": "root"
    },
    {
      "x": 56.727,
      "y": -52.074,
      "name": "jinbi21",
      "parent": "root"
    },
    {
      "x": 12.8352,
      "y": -84.4702,
      "name": "yuanbao",
      "parent": "root"
    },
    {
      "x": -64.6514,
      "y": 34.0136,
      "name": "huaban",
      "parent": "root"
    },
    {
      "x": 66.634,
      "y": -41.1302,
      "name": "xx1",
      "parent": "root"
    },
    {
      "x": 0.2241,
      "y": -49.4252,
      "name": "xx",
      "parent": "root"
    },
    {
      "x": 55.2853,
      "y": 46.2844,
      "name": "huaban1",
      "parent": "root"
    },
    {
      "x": -64.6514,
      "y": 34.0136,
      "name": "huaban2",
      "parent": "root"
    },
    {
      "scaleX": 2,
      "scaleY": 2,
      "name": "light",
      "parent": "root"
    },
    {
      "x": -41.151,
      "y": 27.72,
      "name": "c3db9fa71",
      "parent": "root"
    },
    {
      "name": "lightB",
      "parent": "root"
    },
    {
      "name": "lightC",
      "parent": "root"
    },
    {
      "x": -7.5281,
      "y": -85.5703,
      "scaleX": 2,
      "scaleY": 2,
      "name": "saoguang4_00",
      "parent": "root"
    },
    {
      "length": 20,
      "x": 13.4883,
      "y": 4.6874,
      "rotation": 127.6464,
      "name": "hua27",
      "parent": "hua21"
    },
    {
      "length": 26,
      "x": 52.6633,
      "y": -8.1397,
      "rotation": -85.5143,
      "name": "hua35",
      "parent": "heye1"
    },
    {
      "length": 20,
      "x": 12.4539,
      "y": -7.7773,
      "rotation": -48.1044,
      "name": "hua3",
      "parent": "hua"
    },
    {
      "length": 15,
      "x": 19.3595,
      "y": 4.6359,
      "rotation": 41.3762,
      "name": "hua25",
      "parent": "hua21"
    },
    {
      "length": 22,
      "x": 18.4908,
      "y": -8.7863,
      "rotation": -38.3047,
      "name": "hua33",
      "parent": "hua31"
    },
    {
      "x": -20.724,
      "y": 13.662,
      "name": "c3db9fa72",
      "parent": "bone"
    },
    {
      "length": 17,
      "x": 8.3476,
      "y": 12.7216,
      "rotation": 60.0706,
      "name": "hua2",
      "parent": "hua"
    },
    {
      "length": 53,
      "x": -35.5575,
      "y": -8.0025,
      "rotation": 56.4408,
      "name": "gumian",
      "parent": "bone"
    },
    {
      "length": 11,
      "x": 11.8419,
      "y": 4.1797,
      "rotation": 54.0382,
      "name": "hua1",
      "parent": "hua"
    },
    {
      "length": 35,
      "x": 21.5406,
      "y": -15.2543,
      "rotation": -25.4342,
      "name": "heye22",
      "parent": "heye2"
    },
    {
      "length": 23,
      "x": 60.4549,
      "y": 7.8839,
      "rotation": 46.2191,
      "name": "heye11",
      "parent": "heye1"
    },
    {
      "length": 13,
      "x": 20.1595,
      "y": -10.4807,
      "rotation": -58.4679,
      "name": "hua23",
      "parent": "hua21"
    },
    {
      "length": 18,
      "x": 18.0465,
      "y": 11.9588,
      "rotation": 63.6454,
      "name": "hua26",
      "parent": "hua21"
    },
    {
      "length": 16,
      "x": 63.8697,
      "y": -1.8146,
      "rotation": -21.7306,
      "name": "heye12",
      "parent": "heye1"
    },
    {
      "length": 19,
      "x": 27.9529,
      "y": -0.3951,
      "rotation": -5.6336,
      "name": "hua32",
      "parent": "hua31"
    },
    {
      "length": 9,
      "x": 27.9857,
      "y": -1.3529,
      "rotation": -2.5963,
      "name": "hua24",
      "parent": "hua21"
    },
    {
      "length": 13,
      "x": 19.2519,
      "y": 9.0087,
      "rotation": 97.7056,
      "name": "hua34",
      "parent": "hua31"
    },
    {
      "length": 17,
      "x": 14.8278,
      "y": -10.874,
      "rotation": -89.2317,
      "name": "hua22",
      "parent": "hua21"
    },
    {
      "length": 22,
      "x": 31.3654,
      "y": 23.3474,
      "rotation": 28.4601,
      "name": "heye21",
      "parent": "heye2"
    }
  ],
  "slots": [

    {
      "name": "heye1",
      "bone": "root",
      "attachment": "heye1"
    },
    {
      "name": "heye2",
      "bone": "heye22",
      "attachment": "heye2"
    },
    {
      "name": "huaban2",
      "bone": "huaban2",
      "attachment": "huaban"
    },
    {
      "name": "huaban21",
      "bone": "huaban21",
      "attachment": "huaban"
    },
    {
      "name": "yuanbao1",
      "bone": "root",
      "attachment": "yuanbao1"
    },
    {
      "name": "hua2",
      "bone": "root",
      "attachment": "hua2"
    },
    {
      "name": "hua",
      "bone": "root",
      "attachment": "hua"
    },
    {
      "name": "huaban1",
      "bone": "huaban1",
      "attachment": "huaban"
    },
    {
      "name": "hua3",
      "bone": "root",
      "attachment": "hua3"
    },
    {
      "name": "huaban",
      "bone": "huaban",
      "attachment": "huaban"
    },
    {
      "name": "gu",
      "bone": "root",
      "attachment": "gu"
    },
    {
      "name": "jinbi2",
      "bone": "jinbi21",
      "attachment": "jinbi2"
    },
    {
      "name": "lightB0001",
      "bone": "lightB",
      "blend": "additive",
      "attachment": "lightB/lightB0001"
    },
    {
      "name": "jinbi1",
      "bone": "jinbi2",
      "attachment": "jinbi1"
    },
    {
      "name": "light0000",
      "bone": "light",
      "blend": "additive",
      "attachment": "light/light0002"
    },
    {
      "name": "yuanbao2",
      "bone": "yuanbao",
      "attachment": "yuanbao2"
    },
    {
      "name": "gumian",
      "bone": "root",
      "attachment": "gumian"
    },
    {
      "name": "c3db9fa7",
      "bone": "c3db9fa7",
      "color": "FFBD00FF",
      "blend": "additive",
      "attachment": "c3db9fa7"
    },
    {
      "name": "c3db9fa71",
      "bone": "c3db9fa71",
      "color": "FFBD00FF",
      "blend": "additive",
      "attachment": "c3db9fa7"
    },
    {
      "name": "chuizi1",
      "bone": "chuizi1"
    },
    {
      "name": "chuizi2",
      "bone": "chuizi2",
      "attachment": "chuizi2"
    },
    {
      "name": "lightC0000",
      "bone": "lightC",
      "blend": "additive",
      "attachment": "lightC/lightC0023"
    },
    {
      "name": "xx",
      "bone": "xx",
      "blend": "additive",
      "attachment": "xx"
    },
    {
      "name": "xx1",
      "bone": "xx1",
      "blend": "additive",
      "attachment": "xx"
    },
    {
      "name": "gaojifang",
      "bone": "root",
      "attachment": "gaojifang"
    },
    {
      "name": "saoguang4_00",
      "bone": "saoguang4_00",
      "blend": "additive"
    }
  ],
  "skins": 
  {
    "default": {
      "c3db9fa7": {
        "c3db9fa7": {
          "name": "c3db9fa7",
          "width": 40,
          "height": 40,
          "x": -0.4,
          "y": -1.04,
          "rotation": 57.99,
          "scaleX": 0.8976,
          "scaleY": 0.6575
        }
      },
      "gaojifang": {
        "gaojifang": {
          "name": "gaojifang",
          "width": 270,
          "height": 78,
          "x": 18.33,
          "y": -86.54
        }
      },
      "jinbi2": {
        "jinbi2": {
          "name": "jinbi2",
          "width": 41,
          "height": 50,
          "x": -0.55,
          "y": -9.73,
          "rotation": -4.67
        }
      },
      "yuanbao1": {
        "yuanbao1": {
          "name": "yuanbao1",
          "width": 51,
          "height": 42,
          "x": -55.21,
          "y": -35.79
        }
      },
      "gumian": {
        "gumian": {
          "name": "gumian",
          "width": 78,
          "height": 86,
          "hull": 25,
          "triangles": [ 4, 30, 5, 30, 29, 5, 28, 7, 6, 29, 28, 6, 5, 29, 6, 3, 30, 4, 28, 8, 7, 2, 31, 3, 31, 30, 3, 27, 9, 8, 28, 27, 8, 47, 28, 29, 1, 31, 2, 27, 10, 9, 30, 48, 29, 48, 47, 29, 31, 48, 30, 1, 32, 31, 46, 27, 28, 47, 46, 28, 32, 48, 31, 27, 26, 10, 26, 11, 10, 0, 32, 1, 46, 45, 27, 45, 26, 27, 33, 41, 48, 33, 48, 32, 26, 12, 11, 24, 33, 0, 42, 46, 47, 41, 42, 47, 48, 41, 47, 0, 33, 32, 25, 12, 26, 43, 45, 46, 42, 43, 46, 45, 49, 26, 49, 25, 26, 43, 44, 49, 24, 23, 33, 34, 41, 33, 25, 13, 12, 43, 49, 45, 35, 42, 41, 34, 35, 41, 23, 34, 33, 22, 34, 23, 44, 40, 49, 49, 40, 25, 40, 14, 25, 25, 14, 13, 36, 43, 42, 35, 36, 42, 22, 35, 34, 22, 21, 35, 39, 40, 44, 38, 44, 43, 37, 38, 43, 36, 37, 43, 38, 39, 44, 40, 15, 14, 21, 36, 35, 21, 20, 36, 39, 16, 40, 16, 15, 40, 20, 37, 36, 17, 16, 39, 38, 18, 39, 19, 38, 37, 20, 19, 37, 18, 17, 39, 19, 18, 38 ],
          "uvs": [ 0.63051, 0.00581, 0.76018, 0.00581, 0.88588, 0.0729, 0.94778, 0.14684, 0.9846, 0.22591, 0.99359, 0.31905, 0.99359, 0.4561, 0.97289, 0.55988, 0.94005, 0.64597, 0.88002, 0.74804, 0.79699, 0.8254, 0.67506, 0.92196, 0.53577, 0.97651, 0.41007, 0.99419, 0.23208, 0.99419, 0.11224, 0.9326, 0.029, 0.85866, 0.00641, 0.75508, 0.00641, 0.63381, 0.00641, 0.48612, 0.07166, 0.31905, 0.15679, 0.19247, 0.25718, 0.10978, 0.38309, 0.03433, 0.51067, 0.00581, 0.41407, 0.84339, 0.60732, 0.79239, 0.7372, 0.67784, 0.8219, 0.54327, 0.85516, 0.37486, 0.85306, 0.25303, 0.77729, 0.16769, 0.65458, 0.12264, 0.50671, 0.13804, 0.3852, 0.18593, 0.29987, 0.27716, 0.22478, 0.37696, 0.17333, 0.4794, 0.14907, 0.57767, 0.16643, 0.71129, 0.2399, 0.82286, 0.51069, 0.33026, 0.39273, 0.39045, 0.32279, 0.50919, 0.31473, 0.64517, 0.53997, 0.66665, 0.6228, 0.56702, 0.65834, 0.43888, 0.63283, 0.34578, 0.42248, 0.70649 ],
          "edges": [ 0, 2, 2, 4, 4, 6, 6, 8, 8, 10, 10, 12, 12, 14, 14, 16, 16, 18, 18, 20, 20, 22, 22, 24, 24, 26, 26, 28, 28, 30, 30, 32, 32, 34, 34, 36, 36, 38, 38, 40, 40, 42, 42, 44, 44, 46, 46, 48, 48, 0 ],
          "vertices": [ 3, 31, 68.32, 13.56, 0.37, 11, -9.09, 56.42, 0.03, 29, 11.63, 42.76, 0.6, 3, 31, 73.89, 5.16, 0.36, 11, 0.99, 56.42, 0.03, 29, 21.71, 42.76, 0.61, 3, 31, 74.52, -6.32, 0.37, 11, 10.9, 50.6, 0.05, 29, 31.62, 36.94, 0.58, 3, 31, 71.87, -13.94, 0.35, 11, 15.79, 44.18, 0.08, 29, 36.51, 30.52, 0.57, 3, 31, 67.76, -20.15, 0.26, 11, 18.69, 37.32, 0.08, 29, 39.41, 23.66, 0.66, 3, 31, 61.41, -25.21, 0.33, 11, 19.4, 29.23, 0.15, 29, 40.12, 15.57, 0.52, 3, 31, 51.49, -31.79, 0.19, 11, 19.4, 17.33, 0.29, 29, 40.12, 3.67, 0.52, 3, 31, 43.09, -35.41, 0.11, 11, 17.77, 8.33, 0.37, 29, 38.49, -5.33, 0.52, 2, 31, 35.42, -37.39, 0.13, 11, 15.18, 0.85, 0.87, 3, 31, 25.42, -38.33, 0.05, 11, 10.44, -8.01, 0.43, 29, 31.16, -21.67, 0.52, 3, 31, 16.21, -36.59, 0.06, 11, 3.89, -14.72, 0.43, 29, 24.61, -28.38, 0.51, 3, 31, 3.9, -33.21, 0.16, 11, -5.73, -23.11, 0.33, 29, 14.99, -36.77, 0.51, 3, 31, -6.12, -26.66, 0.24, 11, -16.72, -27.84, 0.15, 29, 4, -41.5, 0.61, 3, 31, -12.88, -19.26, 0.35, 11, -26.63, -29.38, 0.11, 29, -5.91, -43.04, 0.54, 3, 31, -20.65, -7.55, 0.37, 11, -40.68, -29.38, 0.06, 29, -19.96, -43.04, 0.57, 3, 31, -21.41, 3.28, 0.41, 11, -50.13, -24.03, 0.05, 29, -29.41, -37.69, 0.54, 3, 31, -19.69, 12.31, 0.42, 11, -56.7, -17.61, 0.06, 29, -35.98, -31.27, 0.52, 3, 31, -13.19, 18.76, 0.43, 11, -58.48, -8.62, 0.06, 29, -37.76, -22.28, 0.51, 3, 31, -4.41, 24.58, 0.38, 11, -58.48, 1.91, 0.05, 29, -37.76, -11.75, 0.57, 3, 31, 6.27, 31.67, 0.39, 11, -58.48, 14.73, 0.09, 29, -37.76, 1.07, 0.52, 3, 31, 21.2, 35.39, 0.33, 11, -53.33, 29.23, 0.1, 29, -32.61, 15.57, 0.57, 3, 31, 34.07, 35.88, 0.35, 11, -46.62, 40.22, 0.11, 29, -25.9, 26.56, 0.54, 3, 31, 44.43, 33.25, 0.34, 11, -38.7, 47.4, 0.09, 29, -17.98, 33.74, 0.57, 3, 31, 55.38, 28.58, 0.33, 11, -28.76, 53.95, 0.06, 29, -8.04, 40.29, 0.61, 3, 31, 63, 21.57, 0.37, 11, -18.7, 56.42, 0.05, 29, 2.02, 42.76, 0.58, 1, 29, -5.88, -29.95, 1, 1, 29, 9.65, -25.49, 1, 1, 29, 19.89, -15.87, 1, 1, 29, 26.58, -3.89, 1, 1, 29, 29.2, 10.73, 1, 1, 29, 29.04, 21.3, 1, 1, 29, 22.96, 28.45, 1, 1, 29, 13.38, 32.62, 1, 2, 29, 1.71, 31.29, 0.99, 31, 53.27, 15.48, 0.01, 1, 29, -7.87, 27.13, 1, 1, 29, -14.61, 19.21, 1, 1, 29, -20.53, 10.55, 1, 1, 29, -24.59, 1.65, 1, 1, 29, -26.5, -6.88, 1, 1, 29, -25.13, -18.48, 1, 1, 29, -19.19, -28.16, 1, 1, 29, 1.88, 14.9, 1, 1, 29, -7.28, 9.37, 1, 1, 29, -12.92, -0.86, 1, 1, 29, -13.44, -12.7, 1, 1, 29, 4.34, -14.63, 1, 1, 29, 10.87, -5.95, 1, 1, 29, 13.67, 4.84, 1, 1, 29, 11.84, 13.37, 1, 1, 29, -4.97, -18.1, 1 ],
          "type": "mesh"
        }
      },
      "hua3": {
        "hua3": {
          "name": "hua3",
          "width": 56,
          "height": 35,
          "hull": 33,
          "triangles": [ 24, 45, 25, 27, 26, 25, 45, 27, 25, 37, 20, 19, 37, 19, 18, 17, 37, 18, 23, 45, 24, 17, 35, 37, 21, 20, 37, 38, 21, 37, 45, 28, 27, 22, 44, 23, 44, 45, 23, 35, 38, 37, 16, 35, 17, 44, 28, 45, 15, 14, 16, 14, 35, 16, 38, 22, 21, 42, 41, 28, 22, 42, 44, 42, 28, 44, 38, 42, 22, 43, 29, 41, 36, 38, 35, 38, 41, 42, 13, 35, 14, 41, 29, 28, 36, 34, 38, 39, 41, 38, 13, 36, 35, 34, 39, 38, 39, 43, 41, 34, 32, 39, 32, 31, 39, 12, 36, 13, 39, 40, 43, 40, 30, 43, 30, 29, 43, 12, 34, 36, 31, 40, 39, 12, 11, 34, 31, 30, 40, 11, 10, 34, 10, 9, 34, 33, 32, 34, 9, 33, 34, 33, 0, 32, 8, 46, 33, 46, 0, 33, 8, 33, 9, 7, 46, 8, 6, 47, 7, 47, 46, 7, 47, 1, 46, 5, 47, 6, 46, 1, 0, 2, 1, 47, 48, 2, 47, 5, 48, 47, 3, 48, 5, 4, 3, 5, 3, 2, 48 ],
          "uvs": [ 0.26029, 0.57561, 0.12, 0.47846, 0.03441, 0.29243, 0, 0.09814, 0, 0.01429, 0.11088, 0.03537, 0.25206, 0.09402, 0.32118, 0.26448, 0.34235, 0.38178, 0.365, 0.39323, 0.34794, 0.24385, 0.41206, 0.08531, 0.49471, 0.0207, 0.60971, 0.01429, 0.77912, 0.01429, 0.86206, 0.01429, 0.89206, 0.08852, 0.92412, 0.20582, 0.97853, 0.26127, 0.98059, 0.36987, 0.92971, 0.46655, 0.88647, 0.57836, 0.81118, 0.65717, 0.91265, 0.72498, 0.96912, 0.78914, 0.99971, 0.87162, 0.99971, 0.98022, 0.92206, 0.98571, 0.77735, 0.98571, 0.60765, 0.96831, 0.55118, 0.83312, 0.48529, 0.70116, 0.43471, 0.57515, 0.38003, 0.48299, 0.5168, 0.34003, 0.74356, 0.14574, 0.60886, 0.18378, 0.90709, 0.33361, 0.72327, 0.49903, 0.60886, 0.60717, 0.55356, 0.71532, 0.70268, 0.69331, 0.76797, 0.6837, 0.59239, 0.78221, 0.8415, 0.78221, 0.91121, 0.87111, 0.2615, 0.46696, 0.14091, 0.31758, 0.05915, 0.18057 ],
          "edges": [ 0, 2, 2, 4, 4, 6, 6, 8, 8, 10, 10, 12, 12, 14, 14, 16, 16, 18, 18, 20, 20, 22, 22, 24, 24, 26, 26, 28, 28, 30, 30, 32, 32, 34, 34, 36, 36, 38, 38, 40, 40, 42, 42, 44, 44, 46, 46, 48, 48, 50, 50, 52, 52, 54, 54, 56, 56, 58, 58, 60, 60, 62, 62, 64, 64, 0 ],
          "vertices": [ 1, 40, -5.71, 4.47, 1, 1, 40, 2.02, 8.26, 1, 1, 40, 10.24, 7.64, 1, 2, 38, -17.97, 23.82, 0.032898, 40, 16.84, 4.63, 0.967102, 2, 38, -16.62, 26.52, 0.034773, 40, 19.16, 2.69, 0.965227, 1, 40, 14.58, -1.59, 1, 1, 40, 7.88, -6.31, 1, 1, 40, 0.68, -5.34, 1, 1, 40, -3.32, -3.55, 1, 2, 38, -4.41, 5.16, 0.451322, 40, -4.45, -4.26, 0.548678, 2, 38, -2.87, 10.39, 0.295015, 40, 0.29, -6.97, 0.704985, 1, 38, 2.91, 13.89, 1, 1, 38, 8.1, 13.9, 1, 1, 38, 13.97, 11.21, 1, 1, 38, 22.47, 6.96, 1, 1, 38, 26.62, 4.88, 1, 2, 38, 26.94, 1.74, 0.959116, 40, -15.01, -33.98, 0.040884, 1, 38, 26.66, -2.85, 1, 1, 38, 28.49, -6, 1, 2, 38, 26.84, -9.54, 0.919086, 40, -25.96, -31.28, 0.080914, 2, 38, 22.74, -11.38, 0.911281, 40, -26.8, -26.86, 0.088719, 1, 38, 18.76, -13.89, 1, 2, 38, 13.72, -14.55, 0.835482, 40, -27.8, -17.35, 0.164518, 1, 28, 27.54, 5.79, 1, 1, 28, 30.93, 3.83, 1, 1, 28, 32.96, 1.05, 1, 1, 28, 33.37, -2.83, 1, 1, 28, 29.06, -3.49, 1, 1, 28, 20.99, -4.36, 1, 3, 38, -1.51, -19.45, 0.04, 40, -29.06, -1.41, 0.01, 28, 11.45, -4.74, 0.95, 2, 38, -2.17, -13.68, 0.740432, 40, -23.29, -2.1, 0.259568, 3, 38, -3.34, -7.78, 0.15, 40, -17.28, -2.32, 0.03, 28, 3.61, 4.1, 0.82, 2, 38, -3.85, -2.45, 0.880204, 40, -11.98, -3.05, 0.119796, 2, 38, -5.11, 1.9, 0.682689, 40, -7.46, -2.83, 0.317311, 1, 38, 4.06, 3.06, 1, 1, 38, 18.57, 3.62, 1, 1, 38, 11.2, 5.78, 1, 1, 38, 23.74, -6.53, 1, 1, 38, 11.86, -7.24, 1, 2, 38, 4.37, -7.86, 0.882305, 40, -19.14, -9.8, 0.117695, 1, 28, 7.47, 4, 1, 1, 28, 15.7, 5.67, 1, 3, 38, 11.13, -14.31, 0.23, 40, -26.98, -14.89, 0.05, 28, 19.32, 6.41, 0.72, 1, 28, 9.9, 1.83, 1, 1, 28, 23.79, 3.32, 1, 1, 28, 28.02, 0.55, 1, 1, 40, -2.76, 1.9, 1, 1, 40, 5.71, 3.63, 1, 1, 40, 12.44, 3.98, 1 ],
          "type": "mesh"
        }
      },
      "heye2": {
        "heye2": {
          "name": "heye2",
          "width": 123,
          "height": 123,
          "hull": 22,
          "triangles": [ 4, 38, 3, 3, 38, 2, 38, 29, 2, 29, 1, 2, 6, 31, 5, 31, 30, 5, 30, 4, 5, 29, 28, 1, 36, 37, 4, 30, 36, 4, 4, 37, 38, 37, 29, 38, 7, 31, 6, 37, 28, 29, 28, 0, 1, 31, 35, 30, 36, 24, 37, 24, 28, 37, 32, 31, 7, 35, 36, 30, 8, 32, 7, 32, 35, 31, 35, 23, 36, 23, 24, 36, 32, 34, 35, 9, 32, 8, 24, 25, 28, 25, 0, 28, 34, 23, 35, 9, 33, 32, 33, 34, 32, 25, 21, 0, 23, 25, 24, 20, 21, 25, 19, 20, 25, 10, 33, 9, 23, 26, 25, 22, 23, 34, 27, 26, 23, 33, 22, 34, 22, 27, 23, 26, 19, 25, 12, 13, 22, 12, 22, 33, 11, 12, 33, 10, 11, 33, 14, 27, 22, 13, 14, 22, 26, 17, 19, 17, 18, 19, 27, 17, 26, 14, 15, 27, 16, 17, 27, 15, 16, 27 ],
          "uvs": [ 0.47936, 1.00013, 0.83351, 1.00013, 1.00013, 0.7377, 1.00013, 0.54452, 0.88311, 0.51872, 0.92802, 0.29492, 0.85, 0.14893, 0.72507, 0.04799, 0.61394, 0.00067, 0.4866, -0.00013, 0.25737, 0.01471, 0.1441, 0.09746, 0.05201, 0.25027, 0.06381, 0.35882, 0, 0.4881, 0, 0.61751, 0, 0.77527, 0.06381, 0.8365, 0.18901, 0.9873, 0.26917, 0.89305, 0.31408, 0.97781, 0.34477, 1.00013, 0.28817, 0.43192, 0.40158, 0.51895, 0.51954, 0.67443, 0.39917, 0.77804, 0.23161, 0.74983, 0.13952, 0.64622, 0.62584, 0.8628, 0.83362, 0.78513, 0.75104, 0.45772, 0.68724, 0.26467, 0.53616, 0.17991, 0.33549, 0.13513, 0.42276, 0.32831, 0.58335, 0.39422, 0.68013, 0.53071, 0.77933, 0.6862, 0.88563, 0.65317 ],
          "edges": [ 0, 2, 2, 4, 4, 6, 6, 8, 8, 10, 10, 12, 12, 14, 14, 16, 16, 18, 18, 20, 20, 22, 22, 24, 24, 26, 26, 28, 28, 30, 30, 32, 32, 34, 34, 36, 36, 38, 38, 40, 40, 42, 42, 0 ],
          "vertices": [ 1, 42, -19.13, 47.82, 1, 1, 10, -45.81, 34.16, 1, 1, 10, -47.05, -4.16, 1, 2, 10, -34.95, -24.71, 0.641666, 33, -46.96, -32.8, 0.358334, 2, 10, -20.93, -20.15, 0.68413, 33, -36.25, -22.66, 0.31587, 2, 10, -11.67, -46.75, 0.474346, 33, -16.47, -42.71, 0.525654, 1, 33, 3.84, -44.86, 1, 1, 33, 22.77, -39.09, 1, 1, 33, 35.27, -31.03, 1, 2, 10, 53.62, -50.57, 0.133299, 33, 44.14, -18.11, 0.866701, 1, 33, 58.43, 6.29, 1, 1, 33, 57.79, 23.55, 1, 1, 33, 48.52, 43.51, 1, 3, 10, 75.99, 14.01, 0.450353, 42, 34.78, -29.47, 0.396005, 33, 36.6, 49.81, 0.153642, 1, 42, 42.07, -13.26, 1, 1, 42, 41.51, 2.71, 1, 1, 42, 40.82, 22.17, 1, 1, 42, 32.7, 29.44, 1, 1, 42, 16.64, 47.5, 1, 1, 42, 7.19, 35.52, 1, 1, 42, 1.3, 45.78, 1, 1, 42, -2.57, 48.4, 1, 3, 10, 47.62, 7.78, 0.839902, 42, 6.87, -21.44, 0.110504, 33, 13.66, 32, 0.049594, 3, 10, 30.14, 9.95, 0.592918, 42, -7.46, -11.2, 0.324311, 33, -3.06, 26.46, 0.082771, 3, 10, 7.9, 19.12, 0.523604, 42, -22.65, 7.47, 0.336461, 33, -27.09, 25.18, 0.139936, 1, 42, -8.3, 20.77, 1, 1, 42, 12.44, 18.03, 1, 1, 42, 24.22, 5.64, 1, 3, 10, -15.18, 32.52, 0.518962, 42, -36.55, 30.24, 0.296956, 33, -53.68, 27.37, 0.184082, 3, 10, -32.35, 11.28, 0.623246, 33, -60.06, 0.82, 0.202769, 42, -61.77, 19.75, 0.173985, 3, 10, -3.1, -18.38, 0.594452, 33, -20.91, -13.41, 0.335008, 42, -50.19, -20.26, 0.070541, 1, 33, 3.23, -20.26, 1, 3, 10, 37.09, -34.51, 0.085259, 33, 22.31, -10.71, 0.8847, 42, -22.54, -53.6, 0.030041, 1, 33, 40.73, 6.65, 1, 3, 10, 39.83, -11.65, 0.453718, 33, 14.97, 11.11, 0.49879, 42, -9.24, -34.8, 0.047493, 3, 10, 18.66, -14.67, 0.038239, 33, -2.85, -0.7, 0.95664, 42, -29.28, -27.37, 0.005121, 3, 10, -0.14, -6.2, 0.917389, 33, -23.47, -1.13, 0.063738, 42, -41.78, -10.96, 0.018872, 3, 10, -20.4, 4.15, 0.743408, 33, -46.21, -0.49, 0.150885, 42, -54.66, 7.79, 0.105707, 2, 10, -29.62, -6, 0.747488, 33, -50.17, -13.61, 0.252512 ],
          "type": "mesh"
        }
      },
      "light0000": {
        "light/light0000": {
          "name": "light/light0000",
          "width": 16,
          "height": 16,
          "scaleX": 0.5,
          "scaleY": 0.5
        },
        "light/light0023": {
          "name": "light/light0023",
          "width": 16,
          "height": 17,
          "scaleX": 0.5,
          "scaleY": 0.5
        },
        "light/light0022": {
          "name": "light/light0022",
          "width": 16,
          "height": 18,
          "scaleX": 0.5,
          "scaleY": 0.5
        },
        "light/light0020": {
          "name": "light/light0020",
          "width": 18,
          "height": 19,
          "scaleX": 0.5,
          "scaleY": 0.5
        },
        "light/light0018": {
          "name": "light/light0018",
          "width": 20,
          "height": 20,
          "scaleX": 0.5,
          "scaleY": 0.5
        },
        "light/light0016": {
          "name": "light/light0016",
          "width": 22,
          "height": 20,
          "scaleX": 0.5,
          "scaleY": 0.5
        },
        "light/light0014": {
          "name": "light/light0014",
          "width": 23,
          "height": 20,
          "scaleX": 0.5,
          "scaleY": 0.5
        },
        "light/light0012": {
          "name": "light/light0012",
          "width": 24,
          "height": 20,
          "scaleX": 0.5,
          "scaleY": 0.5
        },
        "light/light0010": {
          "name": "light/light0010",
          "width": 23,
          "height": 20,
          "scaleX": 0.5,
          "scaleY": 0.5
        },
        "light/light0008": {
          "name": "light/light0008",
          "width": 22,
          "height": 20,
          "scaleX": 0.5,
          "scaleY": 0.5
        },
        "light/light0006": {
          "name": "light/light0006",
          "width": 21,
          "height": 20,
          "scaleX": 0.5,
          "scaleY": 0.5
        },
        "light/light0004": {
          "name": "light/light0004",
          "width": 19,
          "height": 19,
          "scaleX": 0.5,
          "scaleY": 0.5
        },
        "light/light0002": {
          "name": "light/light0002",
          "width": 18,
          "height": 17,
          "scaleX": 0.5,
          "scaleY": 0.5
        }
      },
      "lightC0000": {
        "lightC/lightC0000": {
          "name": "lightC/lightC0000",
          "width": 18,
          "height": 12
        },
        "lightC/lightC0002": {
          "name": "lightC/lightC0002",
          "width": 20,
          "height": 13
        },
        "lightC/lightC0004": {
          "name": "lightC/lightC0004",
          "width": 24,
          "height": 15
        },
        "lightC/lightC0006": {
          "name": "lightC/lightC0006",
          "width": 26,
          "height": 17
        },
        "lightC/lightC0008": {
          "name": "lightC/lightC0008",
          "width": 26,
          "height": 17
        },
        "lightC/lightC0010": {
          "name": "lightC/lightC0010",
          "width": 25,
          "height": 18
        },
        "lightC/lightC0012": {
          "name": "lightC/lightC0012",
          "width": 25,
          "height": 17
        },
        "lightC/lightC0014": {
          "name": "lightC/lightC0014",
          "width": 25,
          "height": 17
        },
        "lightC/lightC0016": {
          "name": "lightC/lightC0016",
          "width": 24,
          "height": 15
        },
        "lightC/lightC0018": {
          "name": "lightC/lightC0018",
          "width": 23,
          "height": 15
        },
        "lightC/lightC0020": {
          "name": "lightC/lightC0020",
          "width": 22,
          "height": 14
        },
        "lightC/lightC0022": {
          "name": "lightC/lightC0022",
          "width": 21,
          "height": 13
        },
        "lightC/lightC0023": {
          "name": "lightC/lightC0023",
          "width": 20,
          "height": 13
        }
      },
      "hua2": {
        "hua2": {
          "name": "hua2",
          "width": 75,
          "height": 51,
          "hull": 60,
          "triangles": [ 14, 12, 13, 14, 15, 12, 15, 11, 12, 15, 16, 11, 16, 10, 11, 6, 7, 5, 7, 4, 5, 7, 8, 4, 8, 2, 4, 2, 3, 4, 1, 2, 8, 19, 16, 17, 16, 9, 10, 18, 19, 17, 24, 25, 16, 19, 23, 16, 23, 24, 16, 16, 26, 9, 9, 1, 8, 20, 23, 19, 25, 26, 16, 26, 1, 9, 26, 32, 1, 32, 59, 1, 21, 22, 20, 22, 23, 20, 32, 49, 59, 59, 0, 1, 45, 49, 32, 49, 57, 59, 27, 32, 26, 28, 31, 27, 31, 32, 27, 57, 58, 59, 30, 31, 28, 29, 30, 28, 38, 45, 32, 50, 56, 57, 49, 50, 57, 51, 55, 56, 50, 51, 56, 33, 38, 32, 37, 38, 33, 51, 53, 55, 34, 37, 33, 45, 48, 49, 47, 48, 45, 46, 47, 45, 38, 44, 45, 53, 54, 55, 35, 37, 34, 35, 36, 37, 38, 39, 44, 39, 43, 44, 52, 53, 51, 40, 43, 39, 40, 42, 43, 41, 42, 40 ],
          "uvs": [ 0.52969, 0.81571, 0.57902, 0.77917, 0.68009, 0.81827, 0.75605, 0.81571, 0.78138, 0.69808, 0.81783, 0.61346, 0.81783, 0.54776, 0.75191, 0.56026, 0.6886, 0.52468, 0.67725, 0.5, 0.73925, 0.48558, 0.82918, 0.42564, 0.91497, 0.33077, 0.95142, 0.27756, 0.91627, 0.22756, 0.78705, 0.24615, 0.68009, 0.32917, 0.74906, 0.13269, 0.72789, 0.07724, 0.67877, 0.10577, 0.66197, 0.075, 0.64778, 0, 0.59998, 0, 0.59299, 0.10577, 0.55785, 0.14744, 0.52553, 0.20064, 0.50873, 0.25064, 0.47206, 0.13878, 0.42294, 0.09744, 0.36532, 0.08526, 0.32865, 0.14487, 0.31183, 0.21763, 0.33301, 0.33077, 0.26817, 0.27917, 0.21622, 0.26923, 0.16427, 0.28526, 0.13328, 0.32468, 0.19091, 0.41795, 0.20357, 0.45256, 0.12215, 0.44231, 0.04334, 0.44006, 0.00667, 0.46314, 0.00667, 0.52276, 0.087, 0.56635, 0.2064, 0.59712, 0.2529, 0.59936, 0.19374, 0.64647, 0.20924, 0.7125, 0.22888, 0.73109, 0.2935, 0.69647, 0.23587, 0.77308, 0.20357, 0.82212, 0.16275, 0.85128, 0.18392, 0.90673, 0.18807, 1.00032, 0.25704, 1.00032, 0.34982, 0.91699, 0.38212, 0.84519, 0.43975, 0.87372, 0.4917, 0.82468 ],
          "edges": [ 0, 2, 2, 4, 4, 6, 6, 8, 8, 10, 10, 12, 12, 14, 14, 16, 16, 18, 18, 20, 20, 22, 22, 24, 24, 26, 26, 28, 28, 30, 30, 32, 32, 34, 34, 36, 36, 38, 38, 40, 40, 42, 42, 44, 44, 46, 46, 48, 48, 50, 50, 52, 52, 54, 54, 56, 56, 58, 58, 60, 60, 62, 62, 64, 64, 66, 66, 68, 68, 70, 70, 72, 72, 74, 74, 76, 76, 78, 78, 80, 80, 82, 82, 84, 84, 86, 86, 88, 88, 90, 90, 92, 92, 94, 94, 96, 96, 98, 98, 100, 100, 102, 102, 104, 104, 106, 106, 108, 108, 110, 110, 112, 112, 114, 114, 116, 116, 118, 118, 0 ],
          "vertices": [ 4, 5, -1.55, 0.14, 0.977793, 24, 5.58, 14.68, 0.010967, 41, -11.23, -16.23, 0.00607, 27, -18.66, 10.45, 0.00517, 4, 5, -1.07, -4.01, 0.867221, 24, 2.01, 16.84, 0.052654, 41, -7.08, -15.81, 0.049785, 27, -21.05, 7.02, 0.030339, 4, 5, -5.6, -10.48, 0.559039, 41, -0.66, -20.42, 0.189147, 24, -0.36, 24.38, 0.13282, 35, -13.47, -21.96, 0.118995, 4, 5, -7.46, -15.92, 0.422615, 41, 4.74, -22.35, 0.261336, 35, -9.81, -26.38, 0.164798, 24, -3.52, 29.17, 0.151251, 4, 5, -2.43, -19.8, 0.289831, 41, 8.7, -17.38, 0.381852, 35, -3.87, -24.13, 0.19311, 24, -9.67, 27.56, 0.135208, 4, 5, 0.7, -23.9, 0.185254, 41, 12.83, -14.3, 0.517014, 35, 1.26, -23.6, 0.189858, 24, -14.82, 27.59, 0.107873, 4, 5, 3.87, -25.06, 0.124106, 41, 14.04, -11.15, 0.627632, 35, 3.91, -21.51, 0.168513, 24, -17.68, 25.79, 0.079749, 4, 41, 9.16, -9.96, 0.590181, 35, 0.32, -18, 0.180879, 5, 4.99, -20.17, 0.144039, 24, -14.49, 21.91, 0.084901, 4, 41, 5.34, -6.54, 0.666997, 35, -1.21, -13.1, 0.164705, 5, 8.36, -16.31, 0.107239, 24, -13.49, 16.88, 0.061059, 4, 41, 5, -5.05, 0.743371, 35, -0.74, -11.64, 0.139036, 5, 9.85, -15.94, 0.074466, 24, -14.11, 15.48, 0.043128, 1, 41, 9.64, -6.02, 1, 1, 41, 17.1, -5.58, 1, 1, 41, 24.89, -3.35, 1, 1, 41, 28.45, -1.78, 1, 1, 41, 26.89, 1.58, 1, 1, 41, 17.43, 4.19, 1, 4, 41, 8.35, 3.09, 0.778825, 35, 6.31, -6.37, 0.183406, 5, 18.03, -19.18, 0.019943, 39, -9.14, -18.26, 0.017826, 1, 35, 17.47, -4.2, 1, 1, 35, 18.72, -1.17, 1, 1, 35, 15.27, 0.83, 1, 1, 35, 15.73, 2.81, 1, 1, 35, 18.1, 6.04, 1, 1, 35, 15.85, 8.88, 1, 1, 35, 11.25, 5.93, 1, 1, 35, 7.93, 6.68, 1, 1, 35, 4.26, 6.9, 1, 4, 5, 26.3, -8.43, 0.097518, 35, 1.46, 6.3, 0.441874, 39, -1.37, -7.14, 0.332793, 41, -2.29, 11.5, 0.127815, 1, 39, 4.96, -6.24, 1, 1, 39, 8.12, -3.34, 1, 1, 39, 10.03, 0.62, 1, 1, 39, 7.94, 4.19, 1, 1, 39, 4.76, 6.53, 1, 4, 5, 27.01, 5.47, 0.074694, 27, 6.29, -4.43, 0.58741, 39, -1.28, 6.77, 0.243582, 36, -1.83, -10.91, 0.094315, 1, 27, 11.87, -4.44, 1, 1, 27, 15.56, -3.02, 1, 1, 27, 18.63, -0.43, 1, 1, 27, 19.72, 2.47, 1, 1, 27, 13.61, 4.62, 1, 4, 36, 7.22, -3.63, 0.71, 27, 11.91, 5.74, 0.25, 39, -4.3, 17.99, 0.02, 24, 2.87, -16.13, 0.02, 2, 36, 13.4, -3.5, 0.96, 27, 17.58, 8.2, 0.04, 1, 36, 19.33, -2.98, 1, 1, 36, 21.96, -1.5, 1, 1, 36, 21.63, 1.55, 1, 1, 36, 15.35, 3.13, 1, 1, 36, 6.21, 3.74, 1, 1, 36, 2.7, 3.47, 1, 4, 5, 15.4, 20.96, 0.058236, 36, 6.89, 6.37, 0.630952, 27, 7.82, 14.87, 0.115752, 24, 11.72, -11.45, 0.195061, 4, 5, 11.8, 21.03, 0.07594, 36, 5.36, 9.62, 0.362946, 27, 5.17, 17.3, 0.112282, 24, 13.97, -8.65, 0.448833, 4, 5, 10.4, 19.97, 0.069432, 36, 3.79, 10.41, 0.255354, 27, 3.41, 17.43, 0.091118, 24, 13.99, -6.89, 0.584097, 1, 24, 9.88, -3.7, 1, 1, 24, 15.55, -5.29, 1, 1, 24, 18.98, -6.01, 1, 1, 24, 21.89, -7.83, 1, 1, 24, 23.46, -4.95, 1, 1, 24, 27.36, -2.12, 1, 1, 24, 24.59, 2.29, 1, 1, 24, 17.23, 5.94, 1, 2, 24, 12.8, 6.05, 0.98, 5, 0.88, 11.13, 0.02, 4, 5, -2.01, 7.55, 0.15, 36, -12.85, 16.01, 0.01, 24, 11.73, 10.52, 0.83, 27, -14.1, 16.31, 0.01, 4, 5, -0.99, 2.99, 0.900882, 24, 7.5, 12.5, 0.057369, 27, -16.36, 12.22, 0.0215, 41, -14.08, -15.63, 0.020249 ],
          "type": "mesh"
        }
      },
      "chuizi1": {
        "chuizi1": {
          "name": "chuizi1",
          "width": 86,
          "height": 34,
          "x": -12.98,
          "y": -3.55
        },
        "chuizi3": {
          "name": "chuizi3",
          "width": 36,
          "height": 60,
          "x": -14.43,
          "y": 14.75
        }
      },
      "lightB0001": {
        "lightB/lightB0001": {
          "name": "lightB/lightB0001",
          "width": 20,
          "height": 25
        },
        "lightB/lightB0023": {
          "name": "lightB/lightB0023",
          "width": 18,
          "height": 25
        },
        "lightB/lightB0022": {
          "name": "lightB/lightB0022",
          "width": 18,
          "height": 25
        },
        "lightB/lightB0020": {
          "name": "lightB/lightB0020",
          "width": 20,
          "height": 25
        },
        "lightB/lightB0018": {
          "name": "lightB/lightB0018",
          "width": 20,
          "height": 25
        },
        "lightB/lightB0017": {
          "name": "lightB/lightB0017",
          "width": 20,
          "height": 25
        },
        "lightB/lightB0015": {
          "name": "lightB/lightB0015",
          "width": 20,
          "height": 24
        },
        "lightB/lightB0013": {
          "name": "lightB/lightB0013",
          "width": 18,
          "height": 19
        },
        "lightB/lightB0011": {
          "name": "lightB/lightB0011",
          "width": 19,
          "height": 17
        },
        "lightB/lightB0009": {
          "name": "lightB/lightB0009",
          "width": 20,
          "height": 18
        },
        "lightB/lightB0007": {
          "name": "lightB/lightB0007",
          "width": 20,
          "height": 23
        },
        "lightB/lightB0005": {
          "name": "lightB/lightB0005",
          "width": 20,
          "height": 24
        },
        "lightB/lightB0003": {
          "name": "lightB/lightB0003",
          "width": 20,
          "height": 25
        }
      },
      "xx": {
        "xx": {
          "name": "xx",
          "width": 21,
          "height": 23,
          "x": 0.26,
          "y": 0.23
        }
      },
      "huaban": {
        "huaban": {
          "name": "huaban",
          "width": 27,
          "height": 13,
          "x": 1.82,
          "y": 0.41
        }
      },
      "huaban2": {
        "huaban": {
          "name": "huaban",
          "width": 27,
          "height": 13,
          "x": 1.82,
          "y": 0.41
        }
      },
      "c3db9fa71": {
        "c3db9fa7": {
          "name": "c3db9fa7",
          "width": 40,
          "height": 40,
          "x": -0.4,
          "y": -1.04,
          "rotation": 57.99,
          "scaleX": 0.8976,
          "scaleY": 0.6575
        }
      },
      "saoguang4_00": {
        "saoguang4_00": {
          "name": "saoguang4_00",
          "width": 13,
          "height": 22,
          "y": 1.35
        },
        "saoguang4_38": {
          "name": "saoguang4_38",
          "width": 20,
          "height": 30
        },
        "saoguang4_36": {
          "name": "saoguang4_36",
          "width": 21,
          "height": 32
        },
        "saoguang4_34": {
          "name": "saoguang4_34",
          "width": 23,
          "height": 32
        },
        "saoguang4_32": {
          "name": "saoguang4_32",
          "width": 23,
          "height": 32
        },
        "saoguang4_30": {
          "name": "saoguang4_30",
          "width": 24,
          "height": 28
        },
        "saoguang4_28": {
          "name": "saoguang4_28",
          "width": 39,
          "height": 27
        },
        "saoguang4_26": {
          "name": "saoguang4_26",
          "width": 39,
          "height": 27
        },
        "saoguang4_24": {
          "name": "saoguang4_24",
          "width": 41,
          "height": 29
        },
        "saoguang4_22": {
          "name": "saoguang4_22",
          "width": 37,
          "height": 29
        },
        "saoguang4_20": {
          "name": "saoguang4_20",
          "width": 34,
          "height": 25
        },
        "saoguang4_18": {
          "name": "saoguang4_18",
          "width": 28,
          "height": 25
        },
        "saoguang4_16": {
          "name": "saoguang4_16",
          "width": 35,
          "height": 25
        },
        "saoguang4_14": {
          "name": "saoguang4_14",
          "width": 39,
          "height": 28
        },
        "saoguang4_12": {
          "name": "saoguang4_12",
          "width": 36,
          "height": 30
        },
        "saoguang4_10": {
          "name": "saoguang4_10",
          "width": 36,
          "height": 30
        },
        "saoguang4_08": {
          "name": "saoguang4_08",
          "width": 33,
          "height": 30
        },
        "saoguang4_06": {
          "name": "saoguang4_06",
          "width": 23,
          "height": 30
        },
        "saoguang4_04": {
          "name": "saoguang4_04",
          "width": 22,
          "height": 30
        },
        "saoguang4_02": {
          "name": "saoguang4_02",
          "width": 20,
          "height": 25
        }
      },
      "xx1": {
        "xx": {
          "name": "xx",
          "width": 21,
          "height": 23,
          "x": -0.87,
          "y": 0.47
        }
      },
      "hua": {
        "hua": {
          "name": "hua",
          "width": 62,
          "height": 41,
          "hull": 28,
          "triangles": [ 5, 6, 4, 6, 3, 4, 6, 35, 3, 35, 36, 3, 8, 39, 7, 39, 6, 7, 38, 39, 8, 9, 10, 8, 10, 38, 8, 39, 35, 6, 37, 35, 39, 36, 2, 3, 37, 34, 35, 38, 37, 39, 34, 36, 35, 11, 37, 38, 11, 38, 10, 34, 2, 36, 37, 33, 34, 12, 40, 11, 30, 1, 34, 32, 30, 34, 1, 2, 34, 33, 32, 34, 30, 47, 1, 40, 37, 11, 41, 33, 37, 40, 41, 37, 47, 0, 1, 47, 27, 0, 44, 30, 32, 12, 13, 40, 13, 41, 40, 41, 32, 33, 44, 29, 30, 41, 31, 32, 47, 26, 27, 13, 31, 41, 25, 26, 47, 30, 25, 47, 31, 44, 32, 14, 16, 13, 16, 31, 13, 29, 25, 30, 15, 16, 14, 31, 43, 44, 43, 29, 44, 29, 46, 25, 46, 24, 25, 43, 28, 29, 28, 46, 29, 16, 43, 31, 42, 28, 43, 46, 23, 24, 42, 43, 16, 17, 42, 16, 28, 45, 46, 45, 23, 46, 42, 20, 28, 20, 45, 28, 17, 20, 42, 18, 19, 20, 18, 20, 17, 22, 23, 45, 21, 22, 45, 20, 21, 45 ],
          "uvs": [ 0.56905, 1, 0.59392, 0.8608, 0.66455, 0.7644, 0.80635, 0.8388, 1, 0.7424, 1, 0.5764, 0.81667, 0.518, 0.86667, 0.2928, 0.84894, 0.1588, 0.82407, 0, 0.72487, 0, 0.6291, 0.1904, 0.51931, 0.014, 0.42725, 0.1904, 0.31032, 0.1428, 0.22884, 0.2124, 0.27116, 0.3728, 0.14735, 0.3568, 0.04815, 0.368, 0.00899, 0.4748, 0.11561, 0.5764, 0.02354, 0.6572, 0, 0.7644, 0.0836, 0.8388, 0.26799, 0.9192, 0.36005, 0.8924, 0.41323, 0.9888, 0.46614, 1, 0.20768, 0.63325, 0.3135, 0.70045, 0.40451, 0.77845, 0.31112, 0.42885, 0.44869, 0.47725, 0.54234, 0.43245, 0.65556, 0.59245, 0.76853, 0.56285, 0.72197, 0.65925, 0.60636, 0.36925, 0.68493, 0.17605, 0.77594, 0.29485, 0.53255, 0.18325, 0.45609, 0.32085, 0.18308, 0.50325, 0.27408, 0.52165, 0.36773, 0.54405, 0.1217, 0.71885, 0.24948, 0.73765, 0.45133, 0.87525 ],
          "edges": [ 0, 2, 2, 4, 4, 6, 6, 8, 8, 10, 10, 12, 12, 14, 14, 16, 16, 18, 18, 20, 20, 22, 22, 24, 24, 26, 26, 28, 28, 30, 30, 32, 32, 34, 34, 36, 36, 38, 38, 40, 40, 42, 42, 44, 44, 46, 46, 48, 48, 50, 50, 52, 52, 54, 54, 0 ],
          "vertices": [ 1, 4, -4.79, 1.38, 1, 4, 4, 0.08, -2.02, 0.943702, 32, -11.93, 5.87, 0.021916, 26, -12.54, -5.37, 0.02082, 30, -16.9, -0.19, 0.013562, 4, 4, 2.32, -7.52, 0.51921, 26, -6.96, -7.37, 0.285878, 32, -15.06, 0.84, 0.129071, 30, -20.55, -4.87, 0.065841, 4, 4, -3.57, -14.79, 0.416236, 26, -5.48, -16.61, 0.31515, 32, -24.41, 1.33, 0.161374, 30, -29.79, -3.4, 0.10724, 4, 4, -3.93, -27.51, 0.307484, 26, 3.74, -25.37, 0.36882, 32, -34.91, -5.84, 0.189498, 30, -40.99, -9.43, 0.134198, 4, 4, 2.51, -29.83, 0.249058, 26, 9.78, -22.13, 0.452604, 32, -33.01, -12.42, 0.178193, 30, -39.79, -16.17, 0.120145, 4, 4, 8.66, -19.9, 0.186416, 26, 6.49, -10.92, 0.619106, 32, -21.36, -11.57, 0.125123, 30, -28.11, -16.55, 0.069356, 1, 26, 16.15, -9.27, 1, 4, 4, 21.91, -26.82, 0.037958, 26, 20.49, -5.68, 0.91729, 32, -19.18, -26.35, 0.027831, 30, -27.5, -31.48, 0.01692, 1, 26, 25.53, -1.21, 1, 1, 26, 22.6, 4.24, 1, 4, 4, 25.34, -13.48, 0.090201, 26, 12.85, 5.78, 0.825613, 32, -6.37, -21.3, 0.055877, 30, -14.23, -27.8, 0.02831, 4, 4, 34.52, -9.51, 0.231901, 26, 16.02, 15.26, 0.50142, 32, 2.23, -26.39, 0.167644, 30, -6.21, -33.77, 0.099034, 4, 4, 29.62, -1.64, 0.336696, 26, 6.89, 16.87, 0.284662, 32, 5.73, -17.81, 0.255607, 30, -1.84, -25.6, 0.123035, 4, 4, 33.94, 4.55, 0.277508, 32, 13.27, -17.67, 0.36289, 26, 5.17, 24.22, 0.194239, 30, 5.68, -26.25, 0.165364, 4, 4, 32.96, 10.3, 0.213816, 32, 17.36, -13.5, 0.461933, 30, 10.18, -22.54, 0.19306, 26, 0.24, 27.34, 0.131191, 4, 4, 25.85, 10.06, 0.16396, 32, 12.99, -7.88, 0.614798, 30, 6.43, -16.49, 0.143102, 26, -4.34, 21.88, 0.078141, 1, 32, 20.6, -6.37, 1, 4, 4, 30.76, 23.08, 0.03, 30, 20.16, -14.26, 0.13, 32, 26.41, -4.22, 0.83, 26, -10.74, 34.23, 0.01, 4, 4, 27.45, 26.88, 0.073727, 30, 21.8, -9.49, 0.610173, 32, 27.54, 0.7, 0.269656, 26, -15.79, 34.3, 0.046443, 4, 4, 21.25, 22.05, 0.046744, 30, 14.52, -6.52, 0.588762, 32, 19.99, 2.88, 0.338587, 26, -16.33, 26.46, 0.025908, 1, 30, 19.59, -2.24, 1, 4, 4, 16.4, 31.47, 0.012571, 30, 20.26, 2.38, 0.940062, 32, 24.76, 12.34, 0.039326, 26, -26.58, 29.14, 0.008041, 1, 30, 14.58, 4.49, 1, 1, 30, 2.68, 5.73, 1, 1, 30, -2.78, 3.65, 1, 1, 4, -1.06, 10.36, 1, 1, 4, -2.61, 7.41, 1, 3, 4, 17.09, 17.45, 0.01, 32, 13.82, 3.55, 0.27, 30, 8.46, -5.21, 0.72, 4, 4, 12.24, 12.17, 0.04, 30, 1.46, -3.64, 0.57, 32, 6.7, 4.37, 0.38, 26, -14.99, 13.16, 0.01, 4, 4, 7.28, 7.93, 0.176893, 30, -4.68, -1.47, 0.461905, 32, 0.36, 5.89, 0.320518, 26, -15.15, 6.64, 0.040683, 1, 32, 9.95, -6.34, 1, 1, 4, 18.04, 1.12, 1, 1, 4, 17.79, -5.01, 1, 1, 26, -0.97, -3.52, 1, 1, 26, 3.44, -9.14, 1, 1, 26, -1.44, -8.47, 1, 1, 26, 5.68, 3.54, 1, 1, 26, 15.02, 3, 1, 1, 26, 13.39, -4.33, 1, 4, 4, 27.67, -7.92, 0.259123, 26, 10.27, 11.23, 0.502127, 32, -0.5, -19.92, 0.159545, 30, -8.25, -27.04, 0.079204, 4, 4, 23.95, -1.51, 0.41955, 26, 3.01, 12.74, 0.251814, 32, 2.5, -13.14, 0.236918, 30, -4.55, -20.62, 0.091718, 1, 32, 16.78, -1.19, 1, 1, 32, 11.11, -2.03, 1, 4, 4, 17.15, 6.8, 0.111741, 32, 5.24, -2.76, 0.807368, 30, -0.74, -10.59, 0.054663, 26, -7.71, 13.24, 0.026229, 4, 4, 15.59, 23.69, 0.001138, 30, 13.12, -0.8, 0.992302, 32, 17.99, 8.43, 0.005919, 26, -21.33, 23.34, 0.000641, 1, 30, 5.13, -1.44, 1, 4, 4, 2.54, 6.54, 0.454709, 30, -8.26, 1.95, 0.270156, 32, -3.55, 8.92, 0.211024, 26, -17.28, 2.18, 0.064111 ],
          "type": "mesh"
        }
      },
      "jinbi1": {
        "jinbi1": {
          "name": "jinbi1",
          "width": 50,
          "height": 41,
          "x": 0.68,
          "y": -2.35
        }
      },
      "gu": {
        "gu": {
          "name": "gu",
          "width": 144,
          "height": 145
        }
      },
      "huaban21": {
        "huaban": {
          "name": "huaban",
          "width": 27,
          "height": 13,
          "x": 1.82,
          "y": 0.41
        }
      },
      "yuanbao2": {
        "yuanbao2": {
          "name": "yuanbao2",
          "width": 51,
          "height": 42,
          "x": 5.39,
          "y": 15.11
        }
      },
      "chuizi2": {
        "chuizi2": {
          "name": "chuizi2",
          "width": 52,
          "height": 80,
          "x": 11.52,
          "y": 25.26
        },
        "chuizi4": {
          "name": "chuizi4",
          "width": 42,
          "height": 78,
          "x": -10.35,
          "y": 25.18
        }
      },
      "huaban1": {
        "huaban": {
          "name": "huaban",
          "width": 27,
          "height": 13,
          "x": 1.82,
          "y": 0.41
        }
      },
      "heye1": {
        "heye1": {
          "name": "heye1",
          "width": 80,
          "height": 98,
          "hull": 32,
          "triangles": [ 41, 8, 9, 40, 41, 9, 40, 9, 10, 38, 40, 10, 11, 38, 10, 41, 7, 8, 12, 38, 11, 12, 39, 38, 39, 40, 38, 37, 41, 40, 13, 39, 12, 41, 6, 7, 32, 39, 13, 39, 37, 40, 37, 6, 41, 14, 32, 13, 37, 5, 6, 42, 36, 39, 32, 33, 39, 4, 5, 37, 36, 4, 37, 39, 36, 37, 34, 33, 32, 33, 42, 39, 15, 32, 14, 15, 16, 32, 16, 34, 32, 3, 4, 36, 35, 42, 33, 34, 35, 33, 17, 34, 16, 42, 3, 36, 19, 34, 17, 34, 22, 35, 22, 23, 35, 24, 3, 42, 18, 19, 17, 24, 25, 3, 35, 24, 42, 26, 2, 3, 25, 26, 3, 19, 20, 34, 21, 22, 34, 23, 24, 35, 20, 21, 34, 27, 1, 2, 26, 27, 2, 29, 0, 1, 28, 29, 1, 27, 28, 1, 29, 30, 31, 29, 31, 0 ],
          "uvs": [ 0.11173, 1, 0.2062, 0.88926, 0.31781, 0.75151, 0.42083, 0.62433, 0.50245, 0.67013, 0.62487, 0.74581, 0.80747, 0.77584, 0.90847, 0.7302, 0.98783, 0.65604, 0.99375, 0.56779, 0.99375, 0.45117, 0.96213, 0.30789, 0.88908, 0.22685, 0.80543, 0.17383, 0.66791, 0.11007, 0.56692, 0.01275, 0.46165, -0.00034, 0.37799, -0.00034, 0.27699, 0.0396, 0.25333, 0.11879, 0.25557, 0.17383, 0.25129, 0.25336, 0.27047, 0.32047, 0.32208, 0.3802, 0.32005, 0.4547, 0.24048, 0.55017, 0.1911, 0.66493, 0.11173, 0.74966, 0.05155, 0.84111, 0.00625, 0.90822, 0.00625, 0.98289, 0.05583, 1, 0.6528, 0.15627, 0.56262, 0.36466, 0.33921, 0.20577, 0.39082, 0.39654, 0.51548, 0.55191, 0.68728, 0.6296, 0.91925, 0.41231, 0.64422, 0.39302, 0.85682, 0.49721, 0.84193, 0.67205, 0.46387, 0.46013 ],
          "edges": [ 0, 2, 2, 4, 4, 6, 6, 8, 8, 10, 10, 12, 12, 14, 14, 16, 16, 18, 18, 20, 20, 22, 22, 24, 24, 26, 26, 28, 28, 30, 30, 32, 32, 34, 34, 36, 36, 38, 38, 40, 40, 42, 42, 44, 44, 46, 46, 48, 48, 50, 50, 52, 52, 54, 54, 56, 56, 58, 58, 60, 60, 62, 62, 0 ],
          "vertices": [ 1, 8, -15.04, -2.29, 1, 4, 8, -1.74, -2.45, 0.992683, 25, -9.93, -53.79, 0.002989, 34, -50.49, 37.76, 0.00225, 37, -60.71, -24.88, 0.002078, 4, 8, 14.54, -2.25, 0.99228, 25, -8.85, -37.54, 0.003379, 34, -39.09, 26.14, 0.002275, 37, -45.66, -18.67, 0.002066, 4, 8, 29.57, -2.07, 0.985027, 25, -7.86, -22.55, 0.00739, 34, -28.55, 15.41, 0.004002, 37, -31.77, -12.93, 0.003581, 4, 8, 29.57, -10.06, 0.74118, 25, 0.11, -23.17, 0.139736, 34, -34.32, 9.88, 0.058799, 37, -28.81, -20.36, 0.060285, 4, 8, 29.02, -22.43, 0.417281, 25, 12.4, -24.69, 0.344541, 34, -43.64, 1.72, 0.110101, 37, -24.74, -32.05, 0.128076, 4, 8, 34.92, -36.29, 0.182329, 25, 26.67, -19.89, 0.606954, 34, -49.56, -12.13, 0.092234, 37, -14.12, -42.74, 0.118483, 4, 8, 43.24, -40.5, 0.080644, 25, 31.52, -11.92, 0.800395, 34, -46.84, -21.05, 0.050151, 37, -4.84, -43.57, 0.06881, 4, 8, 52.88, -41.68, 0.027177, 25, 33.46, -2.4, 0.926095, 34, -41.02, -28.83, 0.01878, 37, 4.56, -41.1, 0.027948, 4, 8, 60.31, -37.17, 0.024358, 25, 29.54, 5.36, 0.929725, 34, -32.62, -31.07, 0.016761, 37, 9.79, -34.16, 0.029156, 4, 8, 69.78, -30.69, 0.119844, 25, 23.82, 15.3, 0.573778, 34, -21.4, -33.43, 0.085239, 37, 16.18, -24.64, 0.22114, 4, 8, 79.97, -20.63, 0.109268, 25, 14.59, 26.25, 0.155444, 34, -7.09, -33.82, 0.089662, 37, 21.93, -11.52, 0.645626, 4, 8, 83.21, -11.26, 0.032833, 34, 1.93, -29.68, 0.031468, 25, 5.5, 30.21, 0.030362, 37, 21.47, -1.61, 0.905338, 4, 8, 83.69, -2.73, 0.054242, 34, 8.42, -24.12, 0.069984, 25, -2.97, 31.36, 0.041046, 37, 18.75, 6.49, 0.834727, 4, 8, 82.59, 9.99, 0.128117, 34, 16.84, -14.52, 0.47611, 25, -15.73, 31.25, 0.082061, 37, 13.02, 17.9, 0.313713, 4, 8, 85.88, 22.13, 0.055896, 34, 27.88, -8.5, 0.824431, 25, -27.58, 35.49, 0.037559, 37, 11.58, 30.39, 0.082115, 4, 8, 82.14, 29.89, 0.032562, 34, 30.89, -0.43, 0.906988, 25, -35.61, 32.36, 0.021861, 37, 5.23, 36.21, 0.038589, 4, 8, 78.32, 35.47, 0.056604, 34, 32.28, 6.19, 0.843483, 25, -41.47, 28.99, 0.038412, 37, -0.38, 39.99, 0.0615, 4, 8, 70.47, 39.99, 0.106893, 34, 30.11, 14.99, 0.713001, 25, -46.59, 21.51, 0.072913, 37, -9.35, 41.28, 0.107193, 4, 8, 62.96, 37.17, 0.147579, 34, 22.88, 18.46, 0.616838, 25, -44.37, 13.81, 0.097364, 37, -15.28, 35.88, 0.13822, 4, 8, 58.59, 33.97, 0.178368, 34, 17.55, 19.39, 0.549394, 25, -41.52, 9.21, 0.114286, 37, -18.15, 31.29, 0.157952, 4, 8, 51.94, 29.84, 0.229846, 34, 9.97, 21.34, 0.449456, 25, -37.92, 2.25, 0.141841, 37, -22.8, 24.99, 0.178857, 4, 8, 47.37, 24.84, 0.281201, 34, 3.19, 21.18, 0.386749, 25, -33.29, -2.7, 0.155509, 37, -25.2, 18.65, 0.17654, 4, 8, 44.88, 18.07, 0.355664, 34, -3.43, 18.3, 0.335312, 25, -26.74, -5.71, 0.155383, 37, -25.01, 11.44, 0.15364, 4, 8, 38.74, 14.08, 0.526095, 34, -10.55, 19.97, 0.204383, 25, -23.24, -12.15, 0.151625, 37, -29.23, 5.46, 0.117896, 4, 8, 27.36, 14.08, 0.677946, 34, -18.42, 28.19, 0.118639, 25, -24.13, -23.49, 0.11859, 37, -39.8, 1.25, 0.084825, 4, 8, 15.78, 11.01, 0.847686, 25, -21.98, -35.27, 0.059534, 34, -28.65, 34.42, 0.05127, 37, -49.42, -5.89, 0.04151, 4, 8, 5.28, 11.61, 0.883018, 25, -23.39, -45.69, 0.045149, 34, -35.49, 42.41, 0.038903, 37, -59.4, -9.22, 0.03293, 3, 8, -4.88, 10.55, 0.93588, 25, -23.13, -55.91, 0.034546, 34, -43.29, 49.02, 0.029575, 1, 8, -12.4, 9.85, 1, 1, 8, -18.46, 5.7, 1, 1, 8, -17.59, 1.44, 1, 4, 8, 78.15, 8.43, 0.13164, 34, 12.64, -12.4, 0.465041, 25, -14.53, 26.71, 0.077325, 37, 9.48, 14.81, 0.325995, 4, 8, 57.12, 2.88, 0.696764, 34, -5.92, -1.05, 0.169419, 25, -10.64, 5.3, 0.043314, 37, -8.01, 1.86, 0.090503, 4, 8, 59.82, 26.62, 0.155267, 34, 13.09, 13.42, 0.620431, 25, -34.09, 9.85, 0.088774, 37, -14.29, 24.91, 0.135528, 4, 8, 46.69, 12.59, 0.416079, 34, -6.13, 13.19, 0.311237, 25, -21.13, -4.34, 0.141612, 37, -21.29, 7.02, 0.131072, 4, 8, 39.77, -4.37, 0.853972, 25, -4.77, -12.56, 0.090158, 34, -23.16, 6.46, 0.02816, 37, -21.44, -11.3, 0.02771, 4, 8, 41.31, -20.15, 0.220685, 25, 11.08, -12.26, 0.595622, 34, -33.49, -5.57, 0.077723, 37, -14.17, -25.38, 0.105971, 4, 8, 69.54, -23.57, 0.145366, 25, 16.7, 15.61, 0.433752, 34, -16.42, -28.32, 0.098636, 37, 13.32, -18.11, 0.322246, 4, 8, 58.54, -4.14, 0.452115, 25, -3.52, 6.17, 0.193021, 34, -10.01, -6.94, 0.06587, 37, -4.09, -4.14, 0.288994, 4, 8, 59.79, -24.11, 0.049842, 25, 16.48, 5.86, 0.861498, 34, -23.56, -21.66, 0.028845, 37, 4.47, -22.22, 0.059816, 4, 8, 44.91, -32.82, 0.07167, 25, 24, -9.66, 0.829184, 34, -40.14, -16.95, 0.040675, 37, -6.13, -35.82, 0.05847, 4, 8, 44.86, 4.17, 0.837709, 25, -12.89, -6.82, 0.068703, 34, -13.47, 8.69, 0.056829, 37, -19.88, -1.48, 0.03676 ],
          "type": "mesh"
        }
      }
    }
  },"animations":{"newAnimation":{"bones":{"chuizi2":{"translate":[{"time":0,"x":-18.33,"y":25.51},{"time":0.0833,"x":-24.35,"y":28.52},{"time":0.125,"x":-19.84,"y":27.01},{"time":0.3333,"x":-19.84,"y":27.01},{"time":0.625,"curve":"stepped","x":-18.84,"y":24.02},{"time":3.0417,"x":-18.84,"y":24.02},{"time":3.25,"x":-29.87,"y":28.03},{"time":3.3333,"x":-18.33,"y":25.51},{"time":3.4166,"x":-24.35,"y":28.52},{"time":3.4583,"x":-19.84,"y":27.01},{"time":3.6666,"x":-19.84,"y":27.01},{"time":3.9166,"curve":"stepped","x":-18.84,"y":24.02},{"time":6.3749,"x":-18.84,"y":24.02},{"time":6.5832,"x":-29.87,"y":28.03},{"time":6.6665,"x":-18.33,"y":25.51}],"rotate":[{"time":0,"angle":-55.85},{"time":0.0833,"angle":-50.54},{"time":0.125,"angle":-55.85},{"time":0.3333,"angle":-55.85},{"time":0.625,"curve":"stepped","angle":22.71},{"time":3.0417,"angle":22.71},{"time":3.25,"angle":31.51},{"time":3.3333,"angle":-55.85},{"time":3.4166,"angle":-50.54},{"time":3.4583,"angle":-55.85},{"time":3.6666,"angle":-55.85},{"time":3.9166,"curve":"stepped","angle":22.71},{"time":6.3749,"angle":22.71},{"time":6.5832,"angle":31.51},{"time":6.6665,"angle":-55.85}],"shear":[{"time":0},{"time":0.0833},{"time":0.125},{"time":0.3333},{"time":0.625,"curve":"stepped"},{"time":3.0417},{"time":3.25},{"time":3.3333},{"time":3.4166},{"time":3.4583},{"time":3.6666},{"time":3.9166,"curve":"stepped"},{"time":6.3749},{"time":6.5832},{"time":6.6665}]},"chuizi1":{"translate":[{"time":0,"x":-16.68,"y":10.78},{"time":1.6667,"x":-16.68,"y":10.78},{"time":1.7917,"x":-4.51,"y":7.1},{"time":1.875,"x":-17.34,"y":0.42},{"time":1.9583,"x":-17.34,"y":2.38},{"time":2.0833,"x":-17.34,"y":0.42},{"time":2.4166,"x":-16.68,"y":10.78},{"time":4.7916,"x":-16.68,"y":10.78},{"time":4.9166,"x":-4.51,"y":7.1},{"time":4.9999,"x":-17.34,"y":0.42},{"time":5.0832,"x":-17.34,"y":2.38},{"time":5.2082,"x":-17.34,"y":0.42},{"time":5.5415,"x":-16.68,"y":10.78}],"rotate":[{"time":0,"angle":0},{"time":1.6667,"angle":0},{"time":1.7917,"angle":-43},{"time":1.875,"curve":"stepped","angle":-17},{"time":1.9583,"angle":-24},{"time":2.0833,"angle":-15},{"time":2.3333,"curve":"stepped","angle":-10.24},{"time":2.375,"curve":"stepped","angle":36.88},{"time":2.4167,"angle":0},{"time":4.7917,"angle":0},{"time":4.9167,"angle":-43},{"time":5,"curve":"stepped","angle":-17},{"time":5.0833,"angle":-24},{"time":5.2083,"angle":-15},{"time":5.4583,"curve":"stepped","angle":-10.24},{"time":5.5,"curve":"stepped","angle":36.88},{"time":5.5417,"angle":0}],"shear":[{"time":0},{"time":1.6667},{"time":1.7917},{"time":1.875,"curve":"stepped"},{"time":1.9583},{"time":2.0833},{"time":2.3333,"curve":"stepped"},{"time":2.375,"curve":"stepped"},{"time":2.4167},{"time":4.7917},{"time":4.9167},{"time":5,"curve":"stepped"},{"time":5.0833},{"time":5.2083},{"time":5.4583,"curve":"stepped"},{"time":5.5,"curve":"stepped"},{"time":5.5417}]},"c3db9fa7":{"translate":[{"time":0,"x":3.09,"y":2.7}],"scale":[{"time":0,"x":1,"y":1},{"time":0.875,"x":4.3,"y":4.1},{"time":0.9167,"x":4.8,"y":4.8}]},"hua":{"rotate":[{"time":0,"angle":0},{"time":0.5417,"angle":0.96},{"time":0.875,"angle":1.51},{"time":1.6667,"angle":0},{"time":2.5417,"angle":0.56},{"time":3.3334,"angle":0},{"time":4.2084,"angle":1.51},{"time":5.0001,"angle":0},{"time":5.8751,"angle":0.56},{"time":6.6668,"angle":0}],"shear":[{"time":0},{"time":0.5417},{"time":0.875},{"time":1.6667},{"time":2.5417},{"time":3.3334},{"time":4.2084},{"time":5.0001},{"time":5.8751},{"time":6.6668}]},"hua1":{"rotate":[{"time":0,"angle":0},{"time":0.4167,"angle":0.28},{"time":0.6667,"angle":0.45},{"time":1.25,"angle":0},{"time":1.9167,"angle":0.45},{"time":2.5,"angle":0},{"time":3.1667,"angle":0.45},{"time":3.75,"angle":0},{"time":4.4167,"angle":0.45},{"time":5,"angle":0}],"shear":[{"time":0},{"time":0.4167},{"time":0.6667},{"time":1.25},{"time":1.9167},{"time":2.5},{"time":3.1667},{"time":3.75},{"time":4.4167},{"time":5}]},"hua2":{"rotate":[{"time":0,"angle":0},{"time":0.4167,"angle":-0.45},{"time":0.6667,"angle":-0.71},{"time":1.25,"angle":0},{"time":1.9167,"angle":-0.71},{"time":2.5,"angle":0},{"time":3.1667,"angle":-0.71},{"time":3.75,"angle":0},{"time":4.4167,"angle":-0.71},{"time":5,"angle":0}],"shear":[{"time":0},{"time":0.4167},{"time":0.6667},{"time":1.25},{"time":1.9167},{"time":2.5},{"time":3.1667},{"time":3.75},{"time":4.4167},{"time":5}]},"hua3":{"rotate":[{"time":0,"angle":0},{"time":0.4167,"angle":-0.05},{"time":0.6667,"angle":-0.09},{"time":1.25,"angle":0},{"time":1.9167,"angle":-0.09},{"time":2.5,"angle":0},{"time":3.1667,"angle":-0.09},{"time":3.75,"angle":0},{"time":4.4167,"angle":-0.09},{"time":5,"angle":0}],"shear":[{"time":0},{"time":0.4167},{"time":0.6667},{"time":1.25},{"time":1.9167},{"time":2.5},{"time":3.1667},{"time":3.75},{"time":4.4167},{"time":5}]},"hua21":{"rotate":[{"time":0,"angle":0},{"time":0.625,"angle":1.31},{"time":1.6667,"angle":3.74},{"time":3.3334,"angle":0},{"time":5.0001,"angle":3.74},{"time":6.6668,"angle":0}],"shear":[{"time":0},{"time":0.625},{"time":1.6667},{"time":3.3334},{"time":5.0001},{"time":6.6668}]},"hua22":{"rotate":[{"time":0,"angle":0},{"time":0.4167,"angle":-1.07},{"time":1.25,"angle":-3.05},{"time":2.5,"angle":0},{"time":3.7083,"angle":-3.05},{"time":5,"angle":0}],"shear":[{"time":0},{"time":0.4167},{"time":1.25},{"time":2.5},{"time":3.7083},{"time":5}]},"hua23":{"rotate":[{"time":0,"angle":0},{"time":0.4167,"angle":-1.19},{"time":1.25,"angle":-3.39},{"time":2.5,"angle":0},{"time":3.7083,"angle":-3.39},{"time":5,"angle":0}],"shear":[{"time":0},{"time":0.4167},{"time":1.25},{"time":2.5},{"time":3.7083},{"time":5}]},"hua24":{"rotate":[{"time":0,"angle":0},{"time":0.4167,"angle":0.49},{"time":1.25,"angle":1.4},{"time":2.5,"angle":0},{"time":3.7083,"angle":1.4},{"time":5,"angle":0}],"shear":[{"time":0},{"time":0.4167},{"time":1.25},{"time":2.5},{"time":3.7083},{"time":5}]},"hua25":{"rotate":[{"time":0,"angle":0},{"time":0.4167,"angle":1.29},{"time":1.25,"angle":3.7},{"time":2.5,"angle":0},{"time":3.7083,"angle":3.7},{"time":5,"angle":0}],"shear":[{"time":0},{"time":0.4167},{"time":1.25},{"time":2.5},{"time":3.7083},{"time":5}]},"hua26":{"rotate":[{"time":0,"angle":0},{"time":0.4167,"angle":0.21},{"time":1.25,"angle":0.6},{"time":2.5,"angle":0},{"time":3.7083,"angle":0.6},{"time":5,"angle":0}],"shear":[{"time":0},{"time":0.4167},{"time":1.25},{"time":2.5},{"time":3.7083},{"time":5}]},"hua27":{"rotate":[{"time":0,"angle":0},{"time":0.4167,"angle":-1.56},{"time":1.25,"angle":-4.44},{"time":2.5,"angle":0},{"time":3.7083,"angle":-4.44},{"time":5,"angle":0}],"shear":[{"time":0},{"time":0.4167},{"time":1.25},{"time":2.5},{"time":3.7083},{"time":5}]},"hua31":{"rotate":[{"time":0,"angle":0},{"time":0.625,"angle":-0.56},{"time":1.6667,"angle":-1.59},{"time":3.3334,"angle":0},{"time":5.0001,"angle":-1.2},{"time":6.6668,"angle":0}],"shear":[{"time":0},{"time":0.625},{"time":1.6667},{"time":3.3334},{"time":5.0001},{"time":6.6668}]},"hua32":{"rotate":[{"time":0,"angle":0},{"time":0.4583,"angle":-0.89},{"time":0.625,"angle":-1.27},{"time":1.25,"angle":0},{"time":1.875,"angle":-1.37},{"time":2.5,"angle":0},{"time":3.125,"angle":-1.27},{"time":3.75,"angle":0},{"time":4.375,"angle":-1.37},{"time":5,"angle":0}],"shear":[{"time":0},{"time":0.4583},{"time":0.625},{"time":1.25},{"time":1.875},{"time":2.5},{"time":3.125},{"time":3.75},{"time":4.375},{"time":5}]},"hua33":{"rotate":[{"time":0,"angle":0},{"time":0.4583,"angle":-1.4},{"time":0.625,"angle":-2},{"time":1.25,"angle":0},{"time":1.875,"angle":-1.98},{"time":2.5,"angle":0},{"time":3.125,"angle":-2},{"time":3.75,"angle":0},{"time":4.375,"angle":-1.98},{"time":5,"angle":0}],"shear":[{"time":0},{"time":0.4583},{"time":0.625},{"time":1.25},{"time":1.875},{"time":2.5},{"time":3.125},{"time":3.75},{"time":4.375},{"time":5}]},"hua34":{"rotate":[{"time":0,"angle":0},{"time":0.4583,"angle":4.46},{"time":0.625,"angle":6.38},{"time":1.25,"angle":0},{"time":1.875,"angle":2.93},{"time":2.5,"angle":0},{"time":3.125,"angle":6.38},{"time":3.75,"angle":0},{"time":4.375,"angle":2.93},{"time":5,"angle":0}],"shear":[{"time":0},{"time":0.4583},{"time":0.625},{"time":1.25},{"time":1.875},{"time":2.5},{"time":3.125},{"time":3.75},{"time":4.375},{"time":5}]},"heye1":{"rotate":[{"time":0,"angle":0},{"time":0.625,"angle":-0.39},{"time":1.6667,"angle":-1.12},{"time":3.3334,"angle":0},{"time":5.0001,"angle":-1.12},{"time":6.6668,"angle":0}],"shear":[{"time":0},{"time":0.625},{"time":1.6667},{"time":3.3334},{"time":5.0001},{"time":6.6668}]},"heye11":{"rotate":[{"time":0,"angle":0},{"time":0.4583,"angle":0.7},{"time":1.25,"angle":2},{"time":2.5,"angle":0},{"time":3.75,"angle":2},{"time":5,"angle":0}],"shear":[{"time":0},{"time":0.4583},{"time":1.25},{"time":2.5},{"time":3.75},{"time":5}]},"hua35":{"rotate":[{"time":0,"angle":0},{"time":0.4583,"angle":-0.44},{"time":1.25,"angle":-1.25},{"time":2.5,"angle":0},{"time":3.75,"angle":-1.25},{"time":5,"angle":0}],"shear":[{"time":0},{"time":0.4583},{"time":1.25},{"time":2.5},{"time":3.75},{"time":5}]},"heye12":{"rotate":[{"time":0,"angle":0},{"time":0.4583,"angle":-0.48},{"time":1.25,"angle":-1.37},{"time":2.5,"angle":0},{"time":3.75,"angle":-1.37},{"time":5,"angle":0}],"shear":[{"time":0},{"time":0.4583},{"time":1.25},{"time":2.5},{"time":3.75},{"time":5}]},"heye2":{"rotate":[{"time":0,"angle":0},{"time":0.625,"angle":-0.15},{"time":1.6667,"angle":-0.43},{"time":3.3334,"angle":0},{"time":5.0001,"angle":-0.43},{"time":6.6668,"angle":0}],"shear":[{"time":0},{"time":0.625},{"time":1.6667},{"time":3.3334},{"time":5.0001},{"time":6.6668}]},"heye21":{"rotate":[{"time":0,"angle":0},{"time":0.2917,"angle":0.92},{"time":0.8334,"angle":2.62},{"time":1.6667,"angle":0},{"time":2.5,"angle":2.62},{"time":3.3333,"angle":0}],"shear":[{"time":0},{"time":0.2917},{"time":0.8334},{"time":1.6667},{"time":2.5},{"time":3.3333}]},"heye22":{"rotate":[{"time":0,"angle":0},{"time":0.4167,"angle":0.89},{"time":1.25,"angle":2.54},{"time":2.5,"angle":0},{"time":3.75,"angle":2.54},{"time":5,"angle":0}],"shear":[{"time":0},{"time":0.4167},{"time":1.25},{"time":2.5},{"time":3.75},{"time":5}]},"c3db9fa72":{"translate":[{"time":0},{"time":0.0417,"x":-1.49,"y":0.2},{"time":0.0834,"x":-0.63,"y":-0.31},{"time":0.1251,"x":-1.49,"y":0.2},{"time":0.2501,"x":-1.49,"y":0.2},{"time":0.2918,"x":2.17,"y":-1.09},{"time":0.3751,"x":4.03,"y":-1.82},{"time":0.4168},{"time":0.4585,"x":-1.49,"y":0.2},{"time":0.5002,"x":-0.63,"y":-0.31},{"time":0.5419,"x":-1.49,"y":0.2},{"time":0.5836,"x":-0.29,"y":-0.14},{"time":1.8336,"x":-0.29,"y":-0.14},{"time":1.8753,"x":2.17,"y":-1.09},{"time":1.9586,"x":4.03,"y":-1.82},{"time":2.0419},{"time":2.1252,"x":-1.49,"y":0.2},{"time":2.1669,"x":-0.63,"y":-0.31},{"time":2.2086,"x":-1.49,"y":0.2},{"time":2.2503,"x":-0.29,"y":-0.14},{"time":2.292,"x":-0.81,"y":0.03},{"time":3.292,"x":-0.81,"y":0.03},{"time":3.3337,"x":2.17,"y":-1.09},{"time":3.417,"x":4.03,"y":-1.82},{"time":3.5003},{"time":3.5836,"x":-1.49,"y":0.2},{"time":3.6253,"x":-0.63,"y":-0.31},{"time":3.667,"x":-1.49,"y":0.2},{"time":3.7087,"x":-0.29,"y":-0.14},{"time":3.7504,"x":-0.81,"y":0.03},{"time":4.9587,"x":-0.81,"y":0.03},{"time":5.0004,"x":2.17,"y":-1.09},{"time":5.0837,"x":4.03,"y":-1.82},{"time":5.167},{"time":5.2503,"x":-1.49,"y":0.2},{"time":5.292,"x":-0.63,"y":-0.31},{"time":5.3337,"x":-1.49,"y":0.2},{"time":5.3754,"x":-0.29,"y":-0.14},{"time":5.4171,"x":-0.81,"y":0.03}]},"huaban":{"translate":[{"time":0,"x":-0.27,"y":-34.67},{"time":3.3333,"x":-34.66,"y":-65.7}],"rotate":[{"time":0,"angle":-91},{"time":3.3333,"angle":88}],"scale":[{"time":0,"x":0.6,"y":0.6}],"shear":[{"time":0},{"time":3.3333}]},"xx":{"translate":[{"time":0,"curve":"stepped","x":1.09,"y":0.13},{"time":3.9583,"x":17.38,"y":-10.43}],"scale":[{"time":0,"curve":"stepped","x":1,"y":1},{"time":2.5,"x":1,"y":1},{"time":3.0417,"curve":"stepped","x":1.5,"y":1.5},{"time":5,"x":1,"y":1},{"time":5.5417,"x":1.5,"y":1.5}]},"xx1":{"translate":[{"time":0,"curve":"stepped","x":3.62,"y":1.44},{"time":4.1667,"x":-18.56,"y":-11.24}],"scale":[{"time":0,"curve":"stepped","x":1,"y":1},{"time":1.6667,"x":1,"y":1},{"time":2.2084,"curve":"stepped","x":1.5,"y":1.5},{"time":4.1667,"x":1,"y":1},{"time":4.7084,"x":1.5,"y":1.5}]},"huaban1":{"translate":[{"time":0,"x":9.52,"y":-33.78},{"time":4.1667,"x":26.22,"y":-57.19}],"rotate":[{"time":0,"angle":-91},{"time":4.1667,"angle":88}],"scale":[{"time":0,"x":0.6,"y":0.6}],"shear":[{"time":0},{"time":4.1667}]},"c3db9fa71":{"translate":[{"time":0,"x":23.73,"y":-8.62}],"scale":[{"time":0,"curve":"stepped","x":1,"y":1},{"time":1.8333,"x":1,"y":1},{"time":2.625,"x":4.3,"y":4.1},{"time":2.6667,"x":4.8,"y":4.8},{"time":2.9584,"curve":"stepped","x":1,"y":1},{"time":3.2917,"x":1,"y":1},{"time":4.0834,"x":4.3,"y":4.1},{"time":4.1251,"x":4.8,"y":4.8},{"time":4.4168,"curve":"stepped","x":1,"y":1},{"time":4.9585,"x":1,"y":1},{"time":5.7502,"x":4.3,"y":4.1},{"time":5.7919,"x":4.8,"y":4.8},{"time":6.0836,"x":1,"y":1}]},"huaban2":{"translate":[{"time":0,"curve":"stepped"},{"time":2.5833,"x":-5.35,"y":-34.67},{"time":5.9583,"x":-14.48,"y":-82.41}],"rotate":[{"time":0,"curve":"stepped","angle":0},{"time":2.5833,"angle":-91},{"time":5.9583,"angle":88}],"scale":[{"time":0,"curve":"stepped","x":1,"y":1},{"time":2.5833,"x":0.6,"y":0.6}],"shear":[{"time":0,"curve":"stepped"},{"time":2.5833},{"time":5.9583}]},"huaban21":{"translate":[{"time":0,"curve":"stepped"},{"time":2.6667,"x":130.69,"y":18.33},{"time":4.9584,"x":136.21,"y":-65.7}],"rotate":[{"time":0,"curve":"stepped","angle":0},{"time":2.6667,"angle":-91},{"time":4.9584,"angle":88}],"scale":[{"time":0,"curve":"stepped","x":1,"y":1},{"time":2.6667,"x":0.6,"y":0.6}],"shear":[{"time":0,"curve":"stepped"},{"time":2.6667},{"time":4.9584}]},"light":{"translate":[{"time":0,"curve":"stepped"},{"time":0.8333,"x":40.17,"y":-61.73}],"scale":[{"time":0,"curve":"stepped","x":1,"y":1},{"time":0.8333,"x":2,"y":2}]},"lightB":{"translate":[{"time":0,"curve":"stepped"},{"time":1.6667,"x":54.58,"y":-60.97}],"scale":[{"time":0,"curve":"stepped","x":1,"y":1},{"time":1.6667,"x":2,"y":2}]},"lightC":{"translate":[{"time":0,"x":18.38,"y":-69.19}],"scale":[{"time":0,"x":2,"y":2}]},"saoguang4_00":{"translate":[{"time":0,"y":2.37}]}},"slots":{"chuizi1":{"attachment":[{"time":0,"name":"chuizi3"},{"time":1.875,"name":"chuizi1"},{"time":2.375,"name":"chuizi3"},{"time":5,"name":"chuizi1"},{"time":5.5,"name":"chuizi3"}]},"chuizi2":{"attachment":[{"time":0,"name":"chuizi4"}]},"c3db9fa7":{"color":[{"time":0,"color":"FFBA00FF"},{"time":0.7083,"color":"FFBA00FF"},{"time":0.9166,"color":"FFBD0000"}]},"huaban":{"color":[{"time":0,"curve":"stepped","color":"FFFFFFFF"},{"time":0.7917,"color":"FFFFFFFF"},{"time":3.375,"color":"FFFFFF00"}]},"xx":{"color":[{"time":0,"color":"FFFFFF00"},{"time":2.5,"color":"FFFA0000"},{"time":2.7083,"color":"FFF000FF"},{"time":3.0416,"color":"FFED0000"},{"time":3.9583,"color":"FFFFFF00"},{"time":5,"color":"FFFA0000"},{"time":5.2083,"color":"FFF000FF"},{"time":5.5416,"color":"FFED0000"}]},"xx1":{"color":[{"time":0,"color":"FFFFFF00"},{"time":1.6667,"color":"FFF00000"},{"time":1.875,"color":"FFDB00FF"},{"time":2.2083,"curve":"stepped","color":"FFF00000"},{"time":4.1666,"color":"FFF00000"},{"time":4.3749,"color":"FFDB00FF"},{"time":4.7082,"color":"FFF00000"}]},"huaban1":{"color":[{"time":0,"curve":"stepped","color":"FFFFFFFF"},{"time":2.0833,"color":"FFFFFFFF"},{"time":4.2083,"color":"FFFFFF00"}]},"c3db9fa71":{"color":[{"time":0,"curve":"stepped","color":"FFBD0000"},{"time":1.8333,"color":"FFBA0000"},{"time":1.875,"color":"FFBA00FF"},{"time":2.1667,"color":"FFBA00FF"},{"time":2.6667,"color":"FFBD0000"},{"time":2.9584,"curve":"stepped","color":"FFBA0000"},{"time":3.2917,"color":"FFBA0000"},{"time":3.3334,"color":"FFBA00FF"},{"time":3.6251,"color":"FFBA00FF"},{"time":4.1251,"color":"FFBD0000"},{"time":4.4168,"curve":"stepped","color":"FFBA0000"},{"time":4.9585,"color":"FFBA0000"},{"time":5.0002,"color":"FFBA00FF"},{"time":5.2919,"color":"FFBA00FF"},{"time":5.7919,"color":"FFBD0000"},{"time":6.0836,"color":"FFBA0000"}]},"huaban2":{"color":[{"time":0,"curve":"stepped","color":"FFFFFFFF"},{"time":3.375,"color":"FFFFFFFF"},{"time":6,"color":"FFFFFF00"}]},"huaban21":{"color":[{"time":0,"curve":"stepped","color":"FFFFFFFF"},{"time":3.4583,"color":"FFFFFFFF"},{"time":5,"color":"FFFFFF00"}]},"light0000":{"attachment":[{"time":0,"name":"light/light0002"},{"time":0.8333,"name":"light/light0000"},{"time":0.9166,"name":"light/light0002"},{"time":0.9999,"name":"light/light0004"},{"time":1.0832,"name":"light/light0006"},{"time":1.1665,"name":"light/light0008"},{"time":1.2498,"name":"light/light0010"},{"time":1.3331,"name":"light/light0012"},{"time":1.4164,"name":"light/light0014"},{"time":1.4997,"name":"light/light0016"},{"time":1.583,"name":"light/light0018"},{"time":1.6663,"name":"light/light0020"},{"time":1.7496,"name":"light/light0022"},{"time":1.8329,"name":"light/light0023"},{"time":4.2079,"name":"light/light0000"},{"time":4.2912,"name":"light/light0002"},{"time":4.3745,"name":"light/light0004"},{"time":4.4578,"name":"light/light0006"},{"time":4.5411,"name":"light/light0008"},{"time":4.6244,"name":"light/light0010"},{"time":4.7077,"name":"light/light0012"},{"time":4.791,"name":"light/light0014"},{"time":4.8743,"name":"light/light0016"},{"time":4.9576,"name":"light/light0018"},{"time":5.0409,"name":"light/light0020"},{"time":5.1242,"name":"light/light0022"},{"time":5.2075,"name":"light/light0023"}],"color":[{"time":0,"curve":"stepped","color":"FFFFFFFF"},{"time":0.8333,"color":"FFFFFF7F"},{"time":1.7083,"color":"FFFFFF7F"},{"time":1.9166,"curve":"stepped","color":"FFFFFF00"},{"time":4.1666,"curve":"stepped","color":"FFFFFF00"},{"time":4.2083,"color":"FFFFFF7F"},{"time":5.0833,"color":"FFFFFF7F"},{"time":5.2916,"color":"FFFFFF00"}]},"lightB0001":{"attachment":[{"time":0,"name":"lightB/lightB0001"},{"time":1.75,"name":"lightB/lightB0003"},{"time":1.8333,"name":"lightB/lightB0005"},{"time":1.9166,"name":"lightB/lightB0007"},{"time":1.9999,"name":"lightB/lightB0009"},{"time":2.0832,"name":"lightB/lightB0011"},{"time":2.1665,"name":"lightB/lightB0013"},{"time":2.2498,"name":"lightB/lightB0015"},{"time":2.3331,"name":"lightB/lightB0017"},{"time":2.4164,"name":"lightB/lightB0018"},{"time":2.4997,"name":"lightB/lightB0020"},{"time":2.583,"name":"lightB/lightB0022"},{"time":2.6663,"name":"lightB/lightB0023"},{"time":2.7496,"name":"lightB/lightB0001"},{"time":5.0829,"name":"lightB/lightB0003"},{"time":5.1662,"name":"lightB/lightB0005"},{"time":5.2495,"name":"lightB/lightB0007"},{"time":5.3328,"name":"lightB/lightB0009"},{"time":5.4161,"name":"lightB/lightB0011"},{"time":5.4994,"name":"lightB/lightB0013"},{"time":5.5827,"name":"lightB/lightB0015"},{"time":5.666,"name":"lightB/lightB0017"},{"time":5.7493,"name":"lightB/lightB0018"},{"time":5.8326,"name":"lightB/lightB0020"},{"time":5.9159,"name":"lightB/lightB0022"},{"time":5.9992,"name":"lightB/lightB0023"},{"time":6.0825,"name":"lightB/lightB0001"}],"color":[{"time":0,"curve":"stepped","color":"FFFFFFFF"},{"time":1.6667,"color":"FFFFFF7F"},{"time":2.375,"color":"FFFFFF7F"},{"time":2.7917,"color":"FFFFFF00"},{"time":2.8334,"curve":"stepped","color":"FFFFFF00"},{"time":5.0001,"color":"FFFFFF7F"},{"time":5.7084,"color":"FFFFFF7F"},{"time":6.1251,"color":"FFFFFF00"}]},"lightC0000":{"attachment":[{"time":0,"name":"lightC/lightC0000"},{"time":0.0833,"name":"lightC/lightC0002"},{"time":0.1666,"name":"lightC/lightC0004"},{"time":0.2499,"name":"lightC/lightC0006"},{"time":0.3332,"name":"lightC/lightC0008"},{"time":0.4165,"name":"lightC/lightC0010"},{"time":0.4998,"name":"lightC/lightC0012"},{"time":0.5831,"name":"lightC/lightC0014"},{"time":0.7498,"name":"lightC/lightC0018"},{"time":0.8331,"name":"lightC/lightC0020"},{"time":2.2498,"name":"lightC/lightC0000"},{"time":2.3331,"name":"lightC/lightC0002"},{"time":2.4164,"name":"lightC/lightC0004"},{"time":2.4997,"name":"lightC/lightC0006"},{"time":2.583,"name":"lightC/lightC0008"},{"time":2.6663,"name":"lightC/lightC0010"},{"time":2.7496,"name":"lightC/lightC0012"},{"time":2.8329,"name":"lightC/lightC0014"},{"time":2.9996,"name":"lightC/lightC0018"},{"time":3.0829,"name":"lightC/lightC0020"}],"color":[{"time":0,"color":"FFFFFF7F"},{"time":0.875,"curve":"stepped","color":"FFFFFF00"},{"time":2.2083,"curve":"stepped","color":"FFFFFF00"},{"time":2.25,"color":"FFFFFF7F"},{"time":3.125,"color":"FFFFFF00"}]},"saoguang4_00":{"attachment":[{"time":0,"name":""},{"time":0.8333,"name":"saoguang4_00"},{"time":0.875,"name":"saoguang4_02"},{"time":0.9167,"name":"saoguang4_04"},{"time":0.9584,"name":"saoguang4_06"},{"time":1.0001,"name":"saoguang4_08"},{"time":1.0418,"name":"saoguang4_10"},{"time":1.0835,"name":"saoguang4_12"},{"time":1.1252,"name":"saoguang4_14"},{"time":1.1669,"name":"saoguang4_16"},{"time":1.2086,"name":"saoguang4_18"},{"time":1.2503,"name":"saoguang4_20"},{"time":1.292,"name":"saoguang4_22"},{"time":1.3337,"name":"saoguang4_24"},{"time":1.3754,"name":"saoguang4_26"},{"time":1.4171,"name":"saoguang4_28"},{"time":1.4588,"name":"saoguang4_30"},{"time":1.5005,"name":"saoguang4_32"},{"time":1.5422,"name":"saoguang4_34"},{"time":1.5839,"name":"saoguang4_36"},{"time":1.6256,"name":"saoguang4_38"}],"color":[{"time":0,"curve":"stepped","color":"FFFFFFFF"},{"time":1.6667,"color":"FFFFFFFF"},{"time":1.7084,"color":"FFFFFF00"}]}}}}}