{
  "skeleton": {
    "width": 289.6,
    "height": 237.34,
    "fps": 24,
    "hash": " ",
    "spine": " ",
    "name": "sg_effect_hall6"
  },
  "bones": [

    { "name": "root" },
    {
      "x": -20.5755,
      "y": 13.86,
      "name": "c3db9fa7",
      "parent": "root"
    },
    {
      "length": 50,
      "x": -15.906,
      "y": 2.442,
      "rotation": 149.5145,
      "name": "heye2",
      "parent": "root"
    },
    {
      "name": "bone",
      "parent": "root"
    },
    {
      "x": -65.0082,
      "y": -35.0216,
      "name": "chuizi2B",
      "parent": "root"
    },
    {
      "x": 32.0028,
      "y": -13.4859,
      "name": "chuizi",
      "parent": "root"
    },
    {
      "x": -22.1782,
      "y": 11.2677,
      "name": "bo00",
      "parent": "root"
    },
    {
      "x": 56.067,
      "y": -9.8835,
      "name": "hua4",
      "parent": "root"
    },
    {
      "x": -12.606,
      "y": 86.2455,
      "name": "huaban1",
      "parent": "root"
    },
    {
      "x": -101.145,
      "y": -46.7115,
      "name": "huaban2",
      "parent": "root"
    },
    {
      "x": 107.151,
      "y": -19.206,
      "name": "huaban111",
      "parent": "root"
    },
    {
      "x": 157.5585,
      "y": -34.6525,
      "name": "xx",
      "parent": "root"
    },
    {
      "x": 107.151,
      "y": -19.206,
      "name": "huaban11",
      "parent": "root"
    },
    {
      "length": 69,
      "x": 43.2795,
      "y": -38.2305,
      "rotation": 67.2518,
      "name": "shuzhi",
      "parent": "root"
    },
    {
      "x": 43.3552,
      "y": -41.4746,
      "name": "glow25",
      "parent": "root"
    },
    {
      "x": 157.5585,
      "y": -34.6525,
      "name": "xx1",
      "parent": "root"
    },
    {
      "x": 157.5585,
      "y": -34.6525,
      "name": "xx2",
      "parent": "root"
    },
    {
      "x": 157.5585,
      "y": -34.6525,
      "name": "xx3",
      "parent": "root"
    },
    {
      "x": 157.5585,
      "y": -34.6525,
      "name": "xx4",
      "parent": "root"
    },
    {
      "x": 157.5585,
      "y": -34.6525,
      "name": "xx5",
      "parent": "root"
    },
    {
      "x": 157.5585,
      "y": -34.6525,
      "name": "xx6",
      "parent": "root"
    },
    {
      "x": 36.6871,
      "y": -49.995,
      "name": "guangdian",
      "parent": "root"
    },
    {
      "x": 5.3188,
      "y": -94.6585,
      "scaleX": 2,
      "scaleY": 2,
      "name": "saoguang600",
      "parent": "root"
    },
    {
      "x": 55.4765,
      "y": -16.7985,
      "name": "hua41",
      "parent": "shuzhi"
    },
    {
      "length": 53,
      "x": -35.5575,
      "y": -8.0025,
      "rotation": 56.4408,
      "name": "gumian",
      "parent": "bone"
    },
    {
      "x": 0.2898,
      "y": 0.7269,
      "rotation": 11,
      "name": "chuizi2",
      "parent": "chuizi2B"
    },
    {
      "x": -20.724,
      "y": 13.662,
      "name": "c3db9fa72",
      "parent": "bone"
    },
    {
      "length": 35,
      "x": 21.5406,
      "y": -15.2543,
      "rotation": -25.4342,
      "name": "heye22",
      "parent": "heye2"
    },
    {
      "length": 48,
      "x": 77.908,
      "y": 1.1771,
      "rotation": 60.5908,
      "name": "shuzhi1",
      "parent": "shuzhi"
    },
    {
      "length": 75,
      "x": -15.4755,
      "y": 66.7778,
      "rotation": 60.6056,
      "name": "shuzhi4",
      "parent": "shuzhi"
    },
    {
      "length": 48,
      "x": -12.162,
      "y": 2.9339,
      "rotation": 115.8766,
      "name": "gu",
      "parent": "shuzhi"
    },
    {
      "length": 43,
      "x": 57.6058,
      "y": -1.2092,
      "rotation": 30.2756,
      "name": "shuzhi2",
      "parent": "shuzhi1"
    },
    {
      "length": 44,
      "x": 65.1757,
      "y": -2.3725,
      "rotation": -28.3652,
      "name": "shuzhi3",
      "parent": "gu"
    },
    {
      "x": 68.1333,
      "y": -5.4784,
      "name": "hua2",
      "parent": "shuzhi4"
    },
    {
      "x": 30.7918,
      "y": 3.5961,
      "name": "hua3",
      "parent": "shuzhi1"
    },
    {
      "x": 49.6124,
      "y": -6.8042,
      "name": "hua",
      "parent": "shuzhi3"
    }
  ],
  "slots": [

    {
      "name": "huaban1",
      "bone": "huaban1",
      "attachment": "huaban1"
    },
    {
      "name": "shuzhi",
      "bone": "root",
      "attachment": "shuzhi"
    },
    {
      "name": "huaban2",
      "bone": "huaban2",
      "attachment": "huaban2"
    },
    {
      "name": "huaban111",
      "bone": "huaban111",
      "attachment": "huaban1"
    },
    {
      "name": "huaban11",
      "bone": "huaban11",
      "attachment": "huaban1"
    },
    {
      "name": "hua",
      "bone": "hua",
      "attachment": "hua"
    },
    {
      "name": "hua2",
      "bone": "hua2",
      "attachment": "hua2"
    },
    {
      "name": "hua3",
      "bone": "hua3",
      "attachment": "hua3"
    },
    {
      "name": "hua4",
      "bone": "hua41",
      "attachment": "hua4"
    },
    {
      "name": "gu",
      "bone": "root",
      "attachment": "gu"
    },
    {
      "name": "gumian",
      "bone": "root",
      "attachment": "gumian"
    },
    {
      "name": "xiangzi",
      "bone": "root",
      "attachment": "xiangzi"
    },
    {
      "name": "c3db9fa7",
      "bone": "c3db9fa7",
      "color": "FFBD00FF",
      "blend": "additive",
      "attachment": "c3db9fa7"
    },
    {
      "name": "bo00",
      "bone": "bo00",
      "blend": "additive"
    },
    {
      "name": "chuizi2",
      "bone": "chuizi",
      "attachment": "chuizi2"
    },
    {
      "name": "chuizi3",
      "bone": "chuizi2",
      "attachment": "chuizi4"
    },
    {
      "name": "wangzhe",
      "bone": "root",
      "attachment": "wangzhe"
    },
    {
      "name": "glow25",
      "bone": "glow25",
      "blend": "additive",
      "attachment": "glow25"
    },
    {
      "name": "xx",
      "bone": "xx",
      "blend": "additive",
      "attachment": "xx"
    },
    {
      "name": "xx1",
      "bone": "xx1",
      "blend": "additive",
      "attachment": "xx"
    },
    {
      "name": "xx2",
      "bone": "xx2",
      "blend": "additive",
      "attachment": "xx"
    },
    {
      "name": "xx3",
      "bone": "xx3",
      "blend": "additive",
      "attachment": "xx"
    },
    {
      "name": "xx4",
      "bone": "xx4",
      "blend": "additive",
      "attachment": "xx"
    },
    {
      "name": "xx5",
      "bone": "xx5",
      "blend": "additive",
      "attachment": "xx"
    },
    {
      "name": "xx6",
      "bone": "xx6",
      "blend": "additive",
      "attachment": "xx"
    },
    {
      "name": "guangdian0000",
      "bone": "guangdian",
      "blend": "additive",
      "attachment": "guangdian/guangdian0000"
    },
    {
      "name": "saoguang600",
      "bone": "saoguang600",
      "blend": "additive"
    }
  ],
  "skins": 
  {
    "default": {
      "gumian": {
        "gumian": {
          "name": "gumian",
          "width": 69,
          "height": 72,
          "hull": 25,
          "triangles": [ 29, 6, 5, 3, 30, 4, 30, 5, 4, 28, 8, 7, 6, 28, 7, 2, 31, 3, 31, 30, 3, 27, 9, 8, 28, 27, 8, 29, 28, 6, 30, 29, 5, 47, 28, 29, 1, 31, 2, 27, 10, 9, 48, 47, 29, 48, 29, 30, 31, 48, 30, 46, 27, 28, 47, 46, 28, 32, 48, 31, 27, 26, 10, 26, 11, 10, 1, 32, 31, 0, 32, 1, 46, 45, 27, 45, 26, 27, 33, 41, 48, 33, 48, 32, 26, 12, 11, 42, 46, 47, 41, 42, 47, 48, 41, 47, 0, 24, 32, 24, 33, 32, 43, 45, 46, 42, 43, 46, 25, 12, 26, 45, 49, 26, 49, 25, 26, 43, 44, 49, 33, 34, 41, 43, 49, 45, 23, 33, 24, 35, 42, 41, 34, 35, 41, 25, 13, 12, 23, 34, 33, 22, 34, 23, 44, 40, 49, 49, 40, 25, 40, 13, 25, 36, 43, 42, 35, 36, 42, 22, 35, 34, 22, 21, 35, 40, 14, 13, 39, 40, 44, 38, 44, 43, 37, 38, 43, 36, 37, 43, 38, 39, 44, 21, 36, 35, 21, 20, 36, 39, 17, 40, 17, 15, 40, 40, 15, 14, 20, 37, 36, 17, 16, 15, 38, 18, 39, 19, 38, 37, 20, 19, 37, 18, 17, 39, 19, 18, 38 ],
          "uvs": [ 0.6618, 0.00694, 0.78458, 0.00694, 0.93499, -0.00821, 1.00477, 0.07977, 1.04627, 0.17386, 0.99275, 0.26139, 0.99275, 0.41247, 1.03307, 0.57125, 0.99605, 0.6737, 0.92839, 0.79515, 0.8348, 0.88721, 0.69734, 1.0021, 0.50919, 0.99306, 0.2953, 0.99306, 0.19798, 0.99306, 0.06289, 1.01477, -0.03095, 0.92679, 0.00725, 0.82954, 0.00725, 0.65923, 0.00725, 0.48349, 0.01715, 0.28468, 0.11311, 0.13405, 0.22629, 0.03567, 0.36821, -0.05413, 0.52116, 0.00694, 0.40313, 0.90861, 0.62097, 0.84792, 0.76739, 0.71162, 0.86287, 0.55148, 0.90035, 0.3511, 0.898, 0.20611, 0.81258, 0.10457, 0.67426, 0.05096, 0.50757, 0.06929, 0.37059, 0.12628, 0.2744, 0.23483, 0.18976, 0.35359, 0.13176, 0.4755, 0.10441, 0.59242, 0.12397, 0.75143, 0.20679, 0.88419, 0.51205, 0.29801, 0.37908, 0.36965, 0.30024, 0.51094, 0.29115, 0.67275, 0.54507, 0.6983, 0.63842, 0.57975, 0.6785, 0.42727, 0.64974, 0.31649, 0.41262, 0.74571 ],
          "edges": [ 0, 2, 2, 4, 4, 6, 6, 8, 8, 10, 10, 12, 12, 14, 14, 16, 16, 18, 18, 20, 20, 22, 22, 24, 24, 26, 26, 28, 28, 30, 30, 32, 32, 34, 34, 36, 36, 38, 38, 40, 40, 42, 42, 44, 44, 46, 46, 48, 48, 0 ],
          "vertices": [ 3, 24, 63.05, 8.95, 0.37, 3, -8.16, 49.49, 0.03, 26, 12.56, 35.83, 0.6, 3, 24, 67.63, 1.8, 0.36, 3, 0.33, 49.35, 0.03, 26, 21.05, 35.69, 0.61, 3, 24, 74.52, -6.32, 0.37, 3, 10.9, 50.6, 0.05, 26, 31.62, 36.94, 0.58, 3, 24, 71.87, -13.94, 0.35, 3, 15.79, 44.18, 0.08, 26, 36.51, 30.52, 0.57, 3, 24, 67.76, -20.15, 0.26, 3, 18.69, 37.32, 0.08, 26, 39.41, 23.66, 0.66, 3, 24, 60.36, -20.57, 0.33, 3, 14.95, 30.93, 0.15, 26, 35.67, 17.27, 0.52, 3, 24, 51.18, -26.66, 0.19, 3, 14.95, 19.91, 0.29, 26, 35.67, 6.25, 0.52, 3, 24, 43.09, -35.41, 0.11, 3, 17.77, 8.33, 0.37, 26, 38.49, -5.33, 0.52, 2, 24, 35.42, -37.39, 0.13, 3, 15.18, 0.85, 0.87, 3, 24, 25.42, -38.33, 0.05, 3, 10.44, -8.01, 0.43, 26, 31.16, -21.67, 0.52, 3, 24, 16.21, -36.59, 0.06, 3, 3.89, -14.72, 0.43, 26, 24.61, -28.38, 0.51, 3, 24, 3.9, -33.21, 0.16, 3, -5.73, -23.11, 0.33, 26, 14.99, -36.77, 0.51, 3, 24, -2.81, -21.86, 0.24, 3, -18.9, -22.43, 0.15, 26, 1.82, -36.09, 0.61, 3, 24, -11.2, -9.25, 0.35, 3, -34.04, -22.45, 0.11, 26, -13.32, -36.11, 0.54, 3, 24, -15, -3.53, 0.37, 3, -40.91, -22.45, 0.06, 26, -20.19, -36.11, 0.57, 3, 24, -21.41, 3.28, 0.41, 3, -50.13, -24.03, 0.05, 26, -29.41, -37.69, 0.54, 3, 24, -19.69, 12.31, 0.42, 3, -56.7, -17.61, 0.06, 26, -35.98, -31.27, 0.52, 3, 24, -12.3, 13.99, 0.43, 3, -54.02, -10.52, 0.06, 26, -33.3, -24.18, 0.51, 3, 24, -1.82, 20.95, 0.38, 3, -54.02, 2.06, 0.05, 26, -33.3, -11.6, 0.57, 3, 24, 8.63, 27.88, 0.39, 3, -54.02, 14.6, 0.09, 26, -33.3, 0.94, 0.52, 3, 24, 21.2, 35.39, 0.33, 3, -53.33, 29.23, 0.1, 26, -32.61, 15.57, 0.57, 3, 24, 34.07, 35.88, 0.35, 3, -46.62, 40.22, 0.11, 26, -25.9, 26.56, 0.54, 3, 24, 44.43, 33.25, 0.34, 3, -38.7, 47.4, 0.09, 26, -17.98, 33.74, 0.57, 3, 24, 55.38, 28.58, 0.33, 3, -28.76, 53.95, 0.06, 26, -8.04, 40.29, 0.61, 3, 24, 57.59, 17.19, 0.37, 3, -18.05, 49.49, 0.05, 26, 2.67, 35.83, 0.58, 1, 26, -5.88, -29.95, 1, 1, 26, 9.65, -25.49, 1, 1, 26, 19.89, -15.87, 1, 1, 26, 26.58, -3.89, 1, 1, 26, 29.2, 10.73, 1, 1, 26, 29.04, 21.3, 1, 1, 26, 22.96, 28.45, 1, 1, 26, 13.38, 32.62, 1, 2, 26, 1.71, 31.29, 0.99, 24, 53.27, 15.48, 0.01, 1, 26, -7.87, 27.13, 1, 1, 26, -14.61, 19.21, 1, 1, 26, -20.53, 10.55, 1, 1, 26, -24.59, 1.65, 1, 1, 26, -26.5, -6.88, 1, 1, 26, -25.13, -18.48, 1, 1, 26, -19.19, -28.16, 1, 1, 26, 1.88, 14.9, 1, 1, 26, -7.28, 9.37, 1, 1, 26, -12.92, -0.86, 1, 1, 26, -13.44, -12.7, 1, 1, 26, 4.34, -14.63, 1, 1, 26, 10.87, -5.95, 1, 1, 26, 13.67, 4.84, 1, 1, 26, 11.84, 13.37, 1, 1, 26, -4.97, -18.1, 1 ],
          "type": "mesh"
        }
      },
      "chuizi3": {
        "chuizi3": {
          "name": "chuizi3",
          "width": 77,
          "height": 41,
          "x": 18.61,
          "y": 16.2
        },
        "chuizi4": {
          "name": "chuizi4",
          "width": 37,
          "height": 73,
          "x": -11.27,
          "y": 14.36
        }
      },
      "huaban111": {
        "huaban1": {
          "name": "huaban1",
          "width": 14,
          "height": 8,
          "x": -0.13,
          "y": 1.01
        }
      },
      "xx2": {
        "xx": {
          "name": "xx",
          "width": 21,
          "height": 23,
          "y": -0.06
        }
      },
      "gu": {
        "gu": {
          "name": "gu",
          "width": 139,
          "height": 131
        }
      },
      "hua4": {
        "hua4": {
          "name": "hua4",
          "width": 50,
          "height": 44,
          "x": -0.71,
          "y": -0.34,
          "rotation": -67.25
        }
      },
      "hua3": {
        "hua3": {
          "name": "hua3",
          "width": 61,
          "height": 38,
          "x": -1.32,
          "y": -3.34,
          "rotation": -127.84
        }
      },
      "huaban2": {
        "huaban2": {
          "name": "huaban2",
          "width": 12,
          "height": 7,
          "x": 1.01,
          "y": -0.14
        }
      },
      "hua": {
        "hua": {
          "name": "hua",
          "width": 79,
          "height": 56,
          "x": -3.08,
          "y": -3.25,
          "rotation": -154.76
        }
      },
      "glow25": {
        "glow25": {
          "name": "glow25",
          "width": 79,
          "height": 78,
          "x": -2.29,
          "y": 1.44
        }
      },
      "xx5": {
        "xx": {
          "name": "xx",
          "width": 21,
          "height": 23,
          "y": -0.06
        }
      },
      "huaban11": {
        "huaban1": {
          "name": "huaban1",
          "width": 14,
          "height": 8,
          "x": -0.13,
          "y": 1.01
        }
      },
      "chuizi2": {
        "chuizi2": {
          "name": "chuizi2",
          "width": 77,
          "height": 41,
          "x": -17.54,
          "y": 11.51
        },
        "chuizi1": {
          "name": "chuizi1",
          "width": 34,
          "height": 58,
          "x": 0.25,
          "y": 16
        }
      },
      "hua2": {
        "hua2": {
          "name": "hua2",
          "width": 56,
          "height": 40,
          "x": -18.1,
          "y": -8.52,
          "rotation": -127.86
        }
      },
      "shuzhi": {
        "shuzhi": {
          "name": "shuzhi",
          "width": 175,
          "height": 165,
          "hull": 48,
          "triangles": [ 20, 21, 2, 22, 0, 1, 21, 22, 1, 2, 21, 1, 4, 5, 3, 20, 2, 3, 5, 20, 3, 16, 19, 6, 6, 19, 5, 19, 20, 5, 22, 47, 0, 17, 19, 16, 22, 46, 47, 7, 15, 6, 15, 16, 6, 8, 15, 7, 23, 46, 22, 9, 15, 8, 9, 14, 15, 17, 18, 19, 13, 14, 9, 23, 45, 46, 10, 13, 9, 44, 45, 23, 24, 44, 23, 11, 12, 10, 10, 12, 13, 29, 27, 28, 30, 27, 29, 26, 27, 30, 24, 43, 44, 31, 26, 30, 42, 43, 24, 25, 42, 24, 41, 42, 25, 35, 38, 26, 35, 26, 31, 32, 35, 31, 40, 41, 25, 39, 40, 26, 38, 39, 26, 40, 25, 26, 33, 35, 32, 36, 38, 35, 34, 35, 33, 37, 38, 36 ],
          "uvs": [ 0.83402, 0.96769, 0.99714, 0.7691, 0.99714, 0.61364, 0.99714, 0.42033, 0.99714, 0.32551, 0.92164, 0.29524, 0.79687, 0.204, 0.74641, 0.08758, 0.70927, 0.02325, 0.60675, 0.00303, 0.47026, 0.00303, 0.39926, 0.00303, 0.35883, 0.084, 0.47861, 0.14127, 0.54081, 0.2057, 0.65215, 0.18777, 0.68085, 0.25052, 0.61172, 0.3291, 0.57119, 0.37382, 0.67222, 0.44532, 0.7059, 0.53486, 0.748, 0.64032, 0.674, 0.78882, 0.51576, 0.84071, 0.32009, 0.86571, 0.23764, 0.76561, 0.23933, 0.69042, 0.3472, 0.73335, 0.46004, 0.71383, 0.4348, 0.62608, 0.3472, 0.57779, 0.2746, 0.55269, 0.2308, 0.44891, 0.16869, 0.3523, 0.11129, 0.30231, 0.096, 0.44891, 0.03728, 0.47042, 0.00277, 0.48476, 0.00277, 0.63854, 0.00277, 0.73872, 0.05557, 0.80326, 0.09938, 0.88911, 0.14487, 0.9659, 0.23595, 0.99707, 0.37759, 0.99707, 0.50732, 0.99707, 0.63188, 0.99707, 0.75983, 0.99707 ],
          "edges": [ 0, 2, 2, 4, 4, 6, 6, 8, 8, 10, 10, 12, 12, 14, 14, 16, 16, 18, 18, 20, 20, 22, 22, 24, 24, 26, 26, 28, 28, 30, 30, 32, 32, 34, 34, 36, 36, 38, 38, 40, 40, 42, 42, 44, 44, 46, 46, 48, 48, 50, 50, 52, 52, 54, 54, 56, 56, 58, 58, 60, 60, 62, 62, 64, 64, 66, 66, 68, 68, 70, 70, 72, 72, 74, 74, 76, 76, 78, 78, 80, 80, 82, 82, 84, 84, 86, 86, 88, 88, 90, 90, 92, 92, 94, 94, 0 ],
          "vertices": [ 1, 13, -8.51, -22.99, 1, 1, 13, 32.93, -36.74, 1, 1, 13, 56.67, -26.78, 1, 1, 28, -9.49, -14.88, 1, 1, 28, 2.92, -24.52, 1, 4, 13, 100.18, 5.87, 0.205921, 28, 15.03, -17.1, 0.681754, 31, -44.78, 7.74, 0.09654, 30, -46.38, -102.36, 0.015784, 1, 28, 40.43, -9.05, 1, 1, 31, -3.36, -12.7, 1, 1, 31, 6.67, -20.15, 1, 1, 31, 24.66, -16.53, 1, 1, 31, 46.94, -7.59, 1, 1, 31, 58.53, -2.93, 1, 1, 31, 60.13, 12.16, 1, 1, 31, 37.04, 13.12, 1, 1, 31, 22.92, 18.94, 1, 4, 13, 98.28, 56.47, 0.013499, 31, 5.84, 8.88, 0.685427, 28, 58.17, 9.41, 0.29748, 30, -0.03, -122.73, 0.003594, 1, 28, 46.86, 11.8, 1, 1, 28, 44.04, 29.39, 1, 1, 28, 42.56, 39.57, 1, 2, 28, 22.31, 32.8, 0.98, 13, 60.29, 36.72, 0.02, 1, 13, 48.9, 25.52, 1, 1, 13, 35.65, 11.93, 1, 4, 13, 7.93, 14.43, 0.676699, 30, 1.57, -23.09, 0.264073, 32, -46.12, -48.45, 0.031468, 28, -22.82, 67.47, 0.02776, 1, 30, 29.83, -16.02, 1, 1, 32, 4.75, -10.38, 1, 1, 32, 24.95, -19.2, 1, 1, 29, 25.67, 4.28, 1, 1, 29, 8.41, -6.34, 1, 1, 29, -1.22, -24, 1, 1, 29, 12.98, -29.41, 1, 4, 13, 17.94, 80.95, 0.176195, 32, 20.78, -55.57, 0.374026, 30, 57.06, -61.14, 0.303447, 31, 31.54, 88.84, 0.146331, 1, 29, 39.88, -14.63, 1, 4, 32, 48.4, -66.15, 0.363009, 31, 58.5, 76.66, 0.261168, 30, 76.34, -83.57, 0.205764, 28, 69.48, 94.49, 0.170058, 2, 31, 74.6, 65.87, 0.03, 29, 77.52, -20.29, 0.97, 1, 29, 90.26, -17.4, 1, 4, 32, 69.85, -56.04, 0.479709, 31, 80.5, 85.5, 0.208185, 30, 100.02, -84.87, 0.183837, 28, 84.02, 113.21, 0.128269, 4, 32, 77.68, -48.41, 0.48, 30, 110.53, -81.88, 0.15, 31, 88.76, 92.65, 0.15, 29, 76.26, 9.97, 0.22, 4, 32, 82.15, -43.67, 0.57, 30, 116.72, -79.83, 0.16, 31, 93.5, 97.12, 0.16, 29, 78.1, 16.22, 0.11, 1, 32, 71.29, -20.63, 1, 1, 32, 64.22, -5.62, 1, 1, 32, 51.26, 0.09, 1, 1, 32, 38.22, 9.68, 1, 1, 32, 25.55, 17.77, 1, 1, 32, 8.86, 15.61, 1, 1, 30, 55.52, 8.51, 1, 1, 30, 32.73, 9.76, 1, 1, 30, 10.85, 10.95, 1, 2, 30, -11.62, 12.18, 0.95, 13, -18.05, -12.84, 0.05 ],
          "type": "mesh"
        }
      },
      "xiangzi": {
        "xiangzi": {
          "name": "xiangzi",
          "width": 78,
          "height": 78,
          "x": 44.07,
          "y": -47.69
        }
      },
      "xx1": {
        "xx": {
          "name": "xx",
          "width": 21,
          "height": 23,
          "y": -0.06
        }
      },
      "saoguang600": {
        "saoguang600": {
          "name": "saoguang600",
          "width": 13,
          "height": 14
        },
        "saoguang638": {
          "name": "saoguang638",
          "width": 20,
          "height": 29
        },
        "saoguang636": {
          "name": "saoguang636",
          "width": 21,
          "height": 32
        },
        "saoguang634": {
          "name": "saoguang634",
          "width": 23,
          "height": 32
        },
        "saoguang632": {
          "name": "saoguang632",
          "width": 23,
          "height": 32
        },
        "saoguang630": {
          "name": "saoguang630",
          "width": 36,
          "height": 29
        },
        "saoguang628": {
          "name": "saoguang628",
          "width": 42,
          "height": 32
        },
        "saoguang626": {
          "name": "saoguang626",
          "width": 41,
          "height": 33
        },
        "saoguang624": {
          "name": "saoguang624",
          "width": 39,
          "height": 33
        },
        "saoguang622": {
          "name": "saoguang622",
          "width": 35,
          "height": 33
        },
        "saoguang620": {
          "name": "saoguang620",
          "width": 33,
          "height": 32
        },
        "saoguang618": {
          "name": "saoguang618",
          "width": 22,
          "height": 32
        },
        "saoguang616": {
          "name": "saoguang616",
          "width": 37,
          "height": 28
        },
        "saoguang614": {
          "name": "saoguang614",
          "width": 42,
          "height": 29
        },
        "saoguang612": {
          "name": "saoguang612",
          "width": 38,
          "height": 26
        },
        "saoguang610": {
          "name": "saoguang610",
          "width": 33,
          "height": 24
        },
        "saoguang608": {
          "name": "saoguang608",
          "width": 29,
          "height": 23
        },
        "saoguang606": {
          "name": "saoguang606",
          "width": 22,
          "height": 24
        },
        "saoguang604": {
          "name": "saoguang604",
          "width": 24,
          "height": 25
        },
        "saoguang602": {
          "name": "saoguang602",
          "width": 18,
          "height": 23
        }
      },
      "guangdian0000": {
        "guangdian/guangdian0000": {
          "name": "guangdian/guangdian0000",
          "width": 36,
          "height": 27,
          "x": 0.12,
          "y": 18.88
        },
        "guangdian/guangdian0019": {
          "name": "guangdian/guangdian0019",
          "width": 52,
          "height": 27,
          "x": 0.12,
          "y": 18.88
        },
        "guangdian/guangdian0018": {
          "name": "guangdian/guangdian0018",
          "width": 52,
          "height": 20,
          "x": 0.12,
          "y": 18.88
        },
        "guangdian/guangdian0016": {
          "name": "guangdian/guangdian0016",
          "width": 52,
          "height": 24,
          "x": 0.12,
          "y": 18.88
        },
        "guangdian/guangdian0014": {
          "name": "guangdian/guangdian0014",
          "width": 52,
          "height": 24,
          "x": 0.12,
          "y": 18.88
        },
        "guangdian/guangdian0012": {
          "name": "guangdian/guangdian0012",
          "width": 52,
          "height": 24,
          "x": 0.12,
          "y": 18.88
        },
        "guangdian/guangdian0010": {
          "name": "guangdian/guangdian0010",
          "width": 52,
          "height": 23,
          "x": 0.12,
          "y": 18.88
        },
        "guangdian/guangdian0008": {
          "name": "guangdian/guangdian0008",
          "width": 52,
          "height": 20,
          "x": 0.12,
          "y": 18.88
        },
        "guangdian/guangdian0006": {
          "name": "guangdian/guangdian0006",
          "width": 39,
          "height": 20,
          "x": 0.12,
          "y": 18.88
        },
        "guangdian/guangdian0004": {
          "name": "guangdian/guangdian0004",
          "width": 39,
          "height": 26,
          "x": 0.12,
          "y": 18.88
        },
        "guangdian/guangdian0002": {
          "name": "guangdian/guangdian0002",
          "width": 36,
          "height": 26,
          "x": 0.12,
          "y": 18.88
        }
      },
      "c3db9fa7": {
        "c3db9fa7": {
          "name": "c3db9fa7",
          "width": 40,
          "height": 40,
          "x": -0.4,
          "y": -1.04,
          "rotation": 57.99,
          "scaleX": 0.8976,
          "scaleY": 0.6575
        }
      },
      "wangzhe": {
        "wangzhe": {
          "name": "wangzhe",
          "width": 270,
          "height": 78,
          "x": 23.96,
          "y": -98.32
        }
      },
      "xx4": {
        "xx": {
          "name": "xx",
          "width": 21,
          "height": 23,
          "y": -0.06
        }
      },
      "xx3": {
        "xx": {
          "name": "xx",
          "width": 21,
          "height": 23,
          "y": -0.06
        }
      },
      "bo00": {
        "bo00": {
          "name": "bo00",
          "width": 83,
          "height": 95
        },
        "bo14": {
          "name": "bo14",
          "width": 81,
          "height": 95
        },
        "bo13": {
          "name": "bo13",
          "width": 79,
          "height": 95
        },
        "bo12": {
          "name": "bo12",
          "width": 77,
          "height": 94
        },
        "bo11": {
          "name": "bo11",
          "width": 79,
          "height": 94
        },
        "bo10": {
          "name": "bo10",
          "width": 79,
          "height": 93
        },
        "bo09": {
          "name": "bo09",
          "width": 82,
          "height": 91
        },
        "bo08": {
          "name": "bo08",
          "width": 82,
          "height": 92
        },
        "bo07": {
          "name": "bo07",
          "width": 79,
          "height": 87
        },
        "bo06": {
          "name": "bo06",
          "width": 75,
          "height": 84
        },
        "bo05": {
          "name": "bo05",
          "width": 72,
          "height": 81
        },
        "bo04": {
          "name": "bo04",
          "width": 68,
          "height": 78
        },
        "bo03": {
          "name": "bo03",
          "width": 64,
          "height": 75
        },
        "bo02": {
          "name": "bo02",
          "width": 62,
          "height": 91
        },
        "bo01": {
          "name": "bo01",
          "width": 60,
          "height": 95
        }
      },
      "xx": {
        "xx": {
          "name": "xx",
          "width": 21,
          "height": 23,
          "y": -0.06
        }
      },
      "huaban1": {
        "huaban1": {
          "name": "huaban1",
          "width": 14,
          "height": 8,
          "x": 1.29,
          "y": -0.44
        }
      },
      "xx6": {
        "xx": {
          "name": "xx",
          "width": 21,
          "height": 23,
          "y": -0.06
        }
      }
    }
  },"animations":{"newAnimation":{"bones":{"c3db9fa7":{"scale":[{"time":0,"x":4,"y":3.5},{"time":0.8333,"curve":"stepped","x":5.5,"y":5.5},{"time":2.0833,"x":4,"y":3.5},{"time":3.25,"curve":"stepped","x":5.5,"y":5.5},{"time":4.25,"x":4,"y":3.5},{"time":5.4167,"curve":"stepped","x":5.5,"y":5.5},{"time":6.25,"x":4,"y":3.5},{"time":7.4167,"curve":"stepped","x":5.5,"y":5.5},{"time":8.3334,"x":4,"y":3.5},{"time":9.5001,"curve":"stepped","x":5.5,"y":5.5},{"time":10.4168,"x":4,"y":3.5},{"time":11.5835,"x":5.5,"y":5.5}]},"heye2":{"rotate":[{"time":0,"angle":0},{"time":0.2917,"angle":-0.15},{"time":0.8334,"angle":-0.43},{"time":1.6667,"angle":0},{"time":2.5,"angle":-0.43},{"time":3.3333,"angle":0}],"shear":[{"time":0},{"time":0.2917},{"time":0.8334},{"time":1.6667},{"time":2.5},{"time":3.3333}]},"heye22":{"rotate":[{"time":0,"angle":0},{"time":0.2917,"angle":0.89},{"time":0.8334,"angle":2.54},{"time":1.6667,"angle":0},{"time":2.5,"angle":2.54},{"time":3.3333,"angle":0}],"shear":[{"time":0},{"time":0.2917},{"time":0.8334},{"time":1.6667},{"time":2.5},{"time":3.3333}]},"bone":{"translate":[{"time":0,"x":1.74,"y":0.2}]},"c3db9fa72":{"translate":[{"time":0},{"time":0.0417,"x":-1.49,"y":0.2},{"time":0.0834,"x":-0.63,"y":-0.31},{"time":0.1251,"x":-1.49,"y":0.2},{"time":2.0418,"x":-1.49,"y":0.2},{"time":2.0835,"x":2.17,"y":-1.09},{"time":2.1668,"x":4.03,"y":-1.82},{"time":2.2085},{"time":2.2502,"x":-1.49,"y":0.2},{"time":2.2919,"x":-0.63,"y":-0.31},{"time":2.3336,"x":-1.49,"y":0.2},{"time":2.3753,"x":-0.29,"y":-0.14},{"time":4.2086,"x":-0.29,"y":-0.14},{"time":4.2503,"x":2.17,"y":-1.09},{"time":4.3336,"x":4.03,"y":-1.82},{"time":4.4169},{"time":4.5002,"x":-1.49,"y":0.2},{"time":4.5419,"x":-0.63,"y":-0.31},{"time":4.5836,"x":-1.49,"y":0.2},{"time":4.6253,"x":-0.29,"y":-0.14},{"time":4.667,"x":-0.81,"y":0.03},{"time":6.2087,"x":-0.81,"y":0.03},{"time":6.2504,"x":2.17,"y":-1.09},{"time":6.3337,"x":4.03,"y":-1.82},{"time":6.417},{"time":6.5003,"x":-1.49,"y":0.2},{"time":6.542,"x":-0.63,"y":-0.31},{"time":6.5837,"x":-1.49,"y":0.2},{"time":6.6254,"x":-0.29,"y":-0.14},{"time":6.6671,"x":-0.81,"y":0.03},{"time":8.2921,"x":-0.81,"y":0.03},{"time":8.3338,"x":2.17,"y":-1.09},{"time":8.4171,"x":4.03,"y":-1.82},{"time":8.5004},{"time":8.5837,"x":-1.49,"y":0.2},{"time":8.6254,"x":-0.63,"y":-0.31},{"time":8.6671,"x":-1.49,"y":0.2},{"time":8.7088,"x":-0.29,"y":-0.14},{"time":8.7505,"x":-0.81,"y":0.03},{"time":10.3755,"x":-0.81,"y":0.03},{"time":10.4172,"x":2.17,"y":-1.09},{"time":10.5005,"x":4.03,"y":-1.82},{"time":10.5838},{"time":10.6671,"x":-1.49,"y":0.2},{"time":10.7088,"x":-0.63,"y":-0.31},{"time":10.7505,"x":-1.49,"y":0.2},{"time":10.7922,"x":-0.29,"y":-0.14},{"time":10.8339,"x":-0.81,"y":0.03}]},"chuizi2":{"translate":[{"time":0,"x":-15.61,"y":15.32},{"time":1.5417,"x":-15.61,"y":15.32},{"time":1.9167,"x":-22.3,"y":20.51},{"time":2.0834,"x":-10.05,"y":22.73},{"time":2.1667,"x":-9.88,"y":22.95},{"time":2.625,"x":-9.88,"y":22.95},{"time":2.7917,"x":-22.3,"y":20.51},{"time":5.7084,"x":-15.61,"y":15.32},{"time":6.0834,"x":-22.3,"y":20.51},{"time":6.2501,"x":-10.05,"y":22.73},{"time":6.3334,"x":-9.88,"y":22.95},{"time":6.7917,"x":-9.88,"y":22.95},{"time":6.9584,"x":-22.3,"y":20.51},{"time":9.8751,"x":-15.61,"y":15.32},{"time":10.2501,"x":-22.3,"y":20.51},{"time":10.4168,"x":-10.05,"y":22.73},{"time":10.5001,"x":-9.88,"y":22.95},{"time":10.9584,"x":-9.88,"y":22.95},{"time":11.1251,"x":-22.3,"y":20.51},{"time":12.5001,"x":-15.61,"y":15.32}],"rotate":[{"time":0,"angle":-12},{"time":0.75,"angle":-7},{"time":1.5417,"angle":-21},{"time":2,"angle":2},{"time":2.0833,"angle":-75.57},{"time":2.1666,"angle":-71},{"time":2.2499,"angle":-79},{"time":2.4166,"angle":-79},{"time":2.7916,"angle":2},{"time":3.4999,"angle":-16},{"time":4.5832,"angle":-6},{"time":5.7082,"angle":-37},{"time":6.1665,"angle":2},{"time":6.2498,"angle":-75.57},{"time":6.3331,"angle":-71},{"time":6.4164,"angle":-79},{"time":6.5831,"angle":-79},{"time":6.9581,"angle":2},{"time":6.9998,"angle":-8.73},{"time":7.8748,"angle":-6},{"time":8.8331,"angle":-15},{"time":9.8748,"angle":-34},{"time":10.3331,"angle":2},{"time":10.4164,"angle":-75.57},{"time":10.4997,"angle":-71},{"time":10.583,"angle":-79},{"time":10.7497,"angle":-79},{"time":11.1247,"angle":2},{"time":11.1664,"angle":-8.73},{"time":11.7914,"angle":-18.73},{"time":12.4997,"angle":-12}],"shear":[{"time":0},{"time":0.75},{"time":1.5417},{"time":2},{"time":2.0833},{"time":2.1666},{"time":2.2499},{"time":2.4166},{"time":2.7916},{"time":3.4999},{"time":4.5832},{"time":5.7082},{"time":6.1665},{"time":6.2498},{"time":6.3331},{"time":6.4164},{"time":6.5831},{"time":6.9581},{"time":6.9998},{"time":7.8748},{"time":8.8331},{"time":9.8748},{"time":10.3331},{"time":10.4164},{"time":10.4997},{"time":10.583},{"time":10.7497},{"time":11.1247},{"time":11.1664},{"time":11.7914},{"time":12.4997}]},"chuizi2B":{"translate":[{"time":0,"x":18.43}]},"chuizi":{"translate":[{"time":0,"x":-0.64,"y":13.11},{"time":0.0833,"x":2.08,"y":11.44},{"time":0.1666,"y":12.47},{"time":0.3333,"y":12.47},{"time":0.4166,"x":-5.33,"y":11.65},{"time":0.5416,"curve":"stepped","y":12.47},{"time":3.6249,"y":12.47},{"time":4.1666,"x":6.38,"y":13.75},{"time":4.2499,"x":-7.37,"y":12.4},{"time":4.5832,"curve":"stepped","x":-7.37,"y":12.4},{"time":4.7499,"x":-7.13,"y":13.14},{"time":7.7082,"y":12.47},{"time":8.2499,"x":6.38,"y":13.75},{"time":8.3332,"x":-7.37,"y":12.4},{"time":8.6665,"x":-7.37,"y":12.4},{"time":8.8332,"x":-7.13,"y":13.14},{"time":12.7915,"y":12.47}],"rotate":[{"time":0,"curve":"stepped","angle":0},{"time":0.0833,"angle":-2},{"time":0.1666,"curve":"stepped","angle":0},{"time":0.4166,"angle":17},{"time":0.5416,"angle":0},{"time":1.2916,"angle":4},{"time":2.4166,"angle":-10},{"time":3.6249,"angle":6.76},{"time":4.1666,"curve":"stepped","angle":-40},{"time":4.2499,"curve":"stepped","angle":0.5},{"time":4.3332,"curve":"stepped","angle":-2},{"time":4.4165,"curve":"stepped","angle":0.5},{"time":4.5832,"curve":"stepped","angle":0.5},{"time":4.7499,"angle":35.5},{"time":4.8749,"angle":0},{"time":6.2499,"angle":-22},{"time":7.7082,"angle":6.76},{"time":8.2499,"curve":"stepped","angle":-40},{"time":8.3332,"curve":"stepped","angle":0.5},{"time":8.4165,"curve":"stepped","angle":-2},{"time":8.4998,"curve":"stepped","angle":0.5},{"time":8.6665,"curve":"stepped","angle":0.5},{"time":8.8332,"angle":35.5},{"time":8.9582,"angle":0},{"time":10.2499,"angle":-10},{"time":11.5832,"angle":6.76},{"time":12.7915,"angle":-44.55},{"time":12.8332,"curve":"stepped","angle":31.5},{"time":12.8749,"curve":"stepped","angle":-2},{"time":12.9166,"angle":0}],"shear":[{"time":0,"curve":"stepped"},{"time":0.0833},{"time":0.1666,"curve":"stepped"},{"time":0.4166},{"time":0.5416},{"time":1.2916},{"time":2.4166},{"time":3.6249},{"time":4.1666,"curve":"stepped"},{"time":4.2499,"curve":"stepped"},{"time":4.3332,"curve":"stepped"},{"time":4.4165,"curve":"stepped"},{"time":4.5832,"curve":"stepped"},{"time":4.7499},{"time":4.8749},{"time":6.2499},{"time":7.7082},{"time":8.2499,"curve":"stepped"},{"time":8.3332,"curve":"stepped"},{"time":8.4165,"curve":"stepped"},{"time":8.4998,"curve":"stepped"},{"time":8.6665,"curve":"stepped"},{"time":8.8332},{"time":8.9582},{"time":10.2499},{"time":11.5832},{"time":12.7915},{"time":12.8332,"curve":"stepped"},{"time":12.8749,"curve":"stepped"},{"time":12.9166}]},"bo00":{"translate":[{"time":0,"x":3.2,"y":-2.14}],"scale":[{"time":0,"x":1.5,"y":1.5}]},"glow25":{"rotate":[{"time":0,"angle":0},{"time":3.1667,"angle":-180},{"time":6.4584,"angle":0},{"time":9.6251,"angle":-180},{"time":12.9168,"angle":0}],"shear":[{"time":0},{"time":3.1667},{"time":6.4584},{"time":9.6251},{"time":12.9168}]},"shuzhi1":{"rotate":[{"time":0,"angle":-0.26},{"time":1.625,"angle":-1.48},{"time":3.2083,"angle":-0.13},{"time":4.8333,"angle":-1.6},{"time":6.4583,"angle":-0.26},{"time":8.0833,"angle":-1.48},{"time":9.6666,"angle":-0.13},{"time":11.2916,"angle":-1.6},{"time":12.9166,"angle":0}],"shear":[{"time":0},{"time":1.625},{"time":3.2083},{"time":4.8333},{"time":6.4583},{"time":8.0833},{"time":9.6666},{"time":11.2916},{"time":12.9166}]},"shuzhi2":{"rotate":[{"time":0,"angle":0},{"time":1,"angle":0.67},{"time":1.9583,"angle":0},{"time":2.9583,"angle":0.98},{"time":3.9583,"angle":0},{"time":4.9583,"angle":0.67},{"time":5.9166,"angle":0},{"time":6.9166,"angle":0.98},{"time":7.9166,"angle":0}],"shear":[{"time":0},{"time":1},{"time":1.9583},{"time":2.9583},{"time":3.9583},{"time":4.9583},{"time":5.9166},{"time":6.9166},{"time":7.9166}]},"hua41":{"rotate":[{"time":0,"angle":0},{"time":1.5417,"angle":-2.69},{"time":3.1667,"angle":0},{"time":4.8334,"angle":-2.18},{"time":6.4584,"angle":0},{"time":9.6251,"angle":3},{"time":12.9168,"angle":0}],"shear":[{"time":0},{"time":1.5417},{"time":3.1667},{"time":4.8334},{"time":6.4584},{"time":9.6251},{"time":12.9168}]},"hua":{"rotate":[{"time":0,"angle":0},{"time":1.625,"angle":2.04},{"time":3.2083,"angle":0},{"time":4.8333,"angle":1.31},{"time":6.4583,"angle":0},{"time":8.0833,"angle":2.04},{"time":9.6666,"angle":0},{"time":11.2916,"angle":1.31},{"time":12.9166,"angle":0}],"shear":[{"time":0},{"time":1.625},{"time":3.2083},{"time":4.8333},{"time":6.4583},{"time":8.0833},{"time":9.6666},{"time":11.2916},{"time":12.9166}]},"hua2":{"rotate":[{"time":0,"angle":0},{"time":3.25,"angle":10},{"time":6.4583,"angle":0},{"time":9.7083,"angle":10},{"time":12.9166,"angle":0}],"shear":[{"time":0},{"time":3.25},{"time":6.4583},{"time":9.7083},{"time":12.9166}]},"huaban1":{"translate":[{"time":0,"x":10.42,"y":11.21},{"time":2.9167,"curve":"stepped","x":28.93,"y":-27.72},{"time":3.625,"x":44.87,"y":3.74},{"time":7.875,"x":-7.54,"y":-32.86}],"rotate":[{"time":0,"angle":0},{"time":2.9167,"curve":"stepped","angle":-180},{"time":3.625,"angle":0},{"time":3.7917,"angle":-87.76},{"time":7.875,"angle":-180}],"scale":[{"time":0,"x":0.5,"y":0.5}],"shear":[{"time":0},{"time":2.9167,"curve":"stepped"},{"time":3.625},{"time":3.7917},{"time":7.875}]},"huaban11":{"translate":[{"time":0,"x":-21.26,"y":29.82},{"time":2.125,"curve":"stepped","x":-47.29,"y":-33.36},{"time":4.1667,"x":-21.26,"y":29.82},{"time":7.9167,"x":-28.35,"y":-64.38}],"rotate":[{"time":0,"angle":0},{"time":2.125,"curve":"stepped","angle":-180},{"time":4.1667,"angle":0},{"time":7.9167,"angle":-180}],"shear":[{"time":0},{"time":2.125,"curve":"stepped"},{"time":4.1667},{"time":7.9167}]},"huaban2":{"translate":[{"time":0,"x":69.69,"y":-3.87},{"time":0.5417,"x":69.69,"y":-3.87},{"time":3.0834,"x":91.1,"y":-38.12}],"rotate":[{"time":0,"angle":0},{"time":0.5417,"angle":0},{"time":3.0834,"angle":-90}],"shear":[{"time":0},{"time":0.5417},{"time":3.0834}]},"huaban111":{"translate":[{"time":0,"curve":"stepped","x":-189.68,"y":-22.34},{"time":1.3333,"x":-189.68,"y":-22.34},{"time":3.4583,"curve":"stepped","x":-183.03,"y":-58.35},{"time":5.25,"x":-161.22,"y":-22.34},{"time":7.375,"x":-147.31,"y":-58.35}],"rotate":[{"time":0,"curve":"stepped","angle":0},{"time":1.3333,"angle":0},{"time":3.4583,"curve":"stepped","angle":-180},{"time":5.25,"angle":0},{"time":7.375,"angle":-180}],"shear":[{"time":0,"curve":"stepped"},{"time":1.3333},{"time":3.4583,"curve":"stepped"},{"time":5.25},{"time":7.375}]},"xx":{"translate":[{"time":0,"x":-144.34,"y":-6.47}],"scale":[{"time":0,"x":0.3,"y":0.3},{"time":0.375,"x":1,"y":1}]},"xx1":{"translate":[{"time":0,"x":-94.15,"y":-13.02}],"scale":[{"time":0,"curve":"stepped","x":1,"y":1},{"time":1.6667,"x":0.3,"y":0.3},{"time":2.0417,"x":1,"y":1}]},"xx2":{"translate":[{"time":0,"x":-125.28,"y":1.9}],"scale":[{"time":0,"curve":"stepped","x":1,"y":1},{"time":3.3333,"x":0.3,"y":0.3},{"time":3.7083,"x":1,"y":1}]},"xx3":{"translate":[{"time":0,"x":-105.83,"y":-0.05}],"scale":[{"time":0,"curve":"stepped","x":1,"y":1},{"time":5,"x":0.3,"y":0.3},{"time":5.375,"x":0.6,"y":0.6}]},"xx4":{"translate":[{"time":0,"x":-131.37,"y":-8.74}],"scale":[{"time":0,"curve":"stepped","x":1,"y":1},{"time":6.6667,"x":0.3,"y":0.3},{"time":7.0417,"x":1,"y":1}]},"xx5":{"translate":[{"time":0,"x":-100.88,"y":-8.09}],"scale":[{"time":0,"curve":"stepped","x":1,"y":1},{"time":9.1667,"x":0.3,"y":0.3},{"time":9.5417,"x":1,"y":1}]},"xx6":{"translate":[{"time":0,"x":-97.4,"y":-4.59}],"scale":[{"time":0,"curve":"stepped","x":1,"y":1},{"time":11.625,"x":0.3,"y":0.3},{"time":12,"x":1,"y":1}]}},"slots":{"c3db9fa7":{"color":[{"time":0,"color":"FFBA007F"},{"time":0.25,"color":"FFBA007F"},{"time":0.8333,"curve":"stepped","color":"FFBD0000"},{"time":2.0833,"color":"FFBA007F"},{"time":2.625,"color":"FFBA007F"},{"time":3.25,"curve":"stepped","color":"FFBD0000"},{"time":4.25,"color":"FFBA007F"},{"time":4.7917,"color":"FFBA007F"},{"time":5.4167,"curve":"stepped","color":"FFBD0000"},{"time":6.25,"color":"FFBA007F"},{"time":6.7917,"color":"FFBA007F"},{"time":7.4167,"curve":"stepped","color":"FFBD0000"},{"time":8.3334,"color":"FFBA007F"},{"time":8.8751,"color":"FFBA007F"},{"time":9.5001,"curve":"stepped","color":"FFBD0000"},{"time":10.4168,"color":"FFBA007F"},{"time":10.9585,"color":"FFBA007F"},{"time":11.5835,"color":"FFBD0000"}]},"chuizi2":{"attachment":[{"time":0,"name":"chuizi2"},{"time":0.4167,"name":"chuizi1"},{"time":4.25,"name":"chuizi2"},{"time":4.75,"name":"chuizi1"},{"time":8.3333,"name":"chuizi2"},{"time":8.8333,"name":"chuizi1"},{"time":12.875,"name":"chuizi2"}]},"bo00":{"attachment":[{"time":0,"name":"bo00"},{"time":0.0417,"name":"bo01"},{"time":0.0834,"name":"bo02"},{"time":0.1251,"name":"bo03"},{"time":0.1668,"name":"bo04"},{"time":0.2085,"name":"bo05"},{"time":0.2502,"name":"bo06"},{"time":0.2919,"name":"bo07"},{"time":0.3336,"name":"bo08"},{"time":0.3753,"name":"bo09"},{"time":0.417,"name":"bo10"},{"time":0.4587,"name":"bo11"},{"time":0.5004,"name":"bo12"},{"time":0.5421,"name":"bo13"},{"time":0.5838,"name":"bo14"},{"time":2.0838,"name":"bo00"},{"time":2.1255,"name":"bo01"},{"time":2.1672,"name":"bo02"},{"time":2.2089,"name":"bo03"},{"time":2.2506,"name":"bo04"},{"time":2.2923,"name":"bo05"},{"time":2.334,"name":"bo06"},{"time":2.3757,"name":"bo07"},{"time":2.4174,"name":"bo08"},{"time":2.4591,"name":"bo09"},{"time":2.5008,"name":"bo10"},{"time":2.5425,"name":"bo11"},{"time":2.5842,"name":"bo12"},{"time":2.6259,"name":"bo13"},{"time":2.6676,"name":"bo14"},{"time":4.2509,"name":"bo01"},{"time":4.3342,"name":"bo02"},{"time":4.3759,"name":"bo03"},{"time":4.4176,"name":"bo04"},{"time":4.4593,"name":"bo05"},{"time":4.501,"name":"bo06"},{"time":4.5427,"name":"bo07"},{"time":4.5844,"name":"bo08"},{"time":4.6261,"name":"bo09"},{"time":4.6678,"name":"bo10"},{"time":4.7095,"name":"bo11"},{"time":4.7512,"name":"bo12"},{"time":4.7929,"name":"bo13"},{"time":4.8346,"name":"bo14"},{"time":6.2513,"name":"bo01"},{"time":6.3346,"name":"bo02"},{"time":6.3763,"name":"bo03"},{"time":6.418,"name":"bo04"},{"time":6.4597,"name":"bo05"},{"time":6.5014,"name":"bo06"},{"time":6.5431,"name":"bo07"},{"time":6.5848,"name":"bo08"},{"time":6.6265,"name":"bo09"},{"time":6.6682,"name":"bo10"},{"time":6.7099,"name":"bo11"},{"time":6.7516,"name":"bo12"},{"time":6.7933,"name":"bo13"},{"time":6.835,"name":"bo14"},{"time":8.335,"name":"bo01"},{"time":8.4183,"name":"bo02"},{"time":8.46,"name":"bo03"},{"time":8.5017,"name":"bo04"},{"time":8.5434,"name":"bo05"},{"time":8.5851,"name":"bo06"},{"time":8.6268,"name":"bo07"},{"time":8.6685,"name":"bo08"},{"time":8.7102,"name":"bo09"},{"time":8.7519,"name":"bo10"},{"time":8.7936,"name":"bo11"},{"time":8.8353,"name":"bo12"},{"time":8.877,"name":"bo13"},{"time":8.9187,"name":"bo14"},{"time":10.4187,"name":"bo01"},{"time":10.502,"name":"bo02"},{"time":10.5437,"name":"bo03"},{"time":10.5854,"name":"bo04"},{"time":10.6271,"name":"bo05"},{"time":10.6688,"name":"bo06"},{"time":10.7105,"name":"bo07"},{"time":10.7522,"name":"bo08"},{"time":10.7939,"name":"bo09"},{"time":10.8356,"name":"bo10"},{"time":10.8773,"name":"bo11"},{"time":10.919,"name":"bo12"},{"time":10.9607,"name":"bo13"},{"time":11.0024,"name":"bo14"}],"color":[{"time":0,"color":"FFFFFFFF"},{"time":0.5833,"curve":"stepped","color":"FFFFFF00"},{"time":2.0833,"color":"FFFFFFFF"}]},"glow25":{"color":[{"time":0,"color":"FFFFFF00"},{"time":1.625,"color":"FFFFFFFF"},{"time":3.1667,"color":"FFFFFF00"},{"time":4.8334,"color":"FFFFFFFF"},{"time":6.4584,"color":"FFFFFF00"},{"time":8.0834,"color":"FFFFFFFF"},{"time":9.6251,"color":"FFFFFF00"},{"time":11.2501,"color":"FFFFFFFF"},{"time":12.9168,"color":"FFFFFF00"}]},"xx":{"color":[{"time":0,"color":"FFFFFF00"},{"time":0.375,"color":"F0FF00FF"},{"time":1.3333,"color":"FFFFFF00"}]},"xx1":{"color":[{"time":0,"curve":"stepped","color":"FFFFFF00"},{"time":1.6667,"color":"FFFFFF00"},{"time":2.0417,"color":"F0FF00FF"},{"time":3,"color":"FFFFFF00"}]},"xx2":{"color":[{"time":0,"color":"FFFFFF00"},{"time":3.3333,"color":"FFFFFF00"},{"time":3.7083,"color":"F0FF00FF"},{"time":4.6666,"color":"FFFFFF00"}]},"xx3":{"color":[{"time":0,"color":"FFFFFF00"},{"time":5,"color":"FFFFFF00"},{"time":5.375,"color":"F0FF00FF"},{"time":6.3333,"color":"FFFFFF00"}]},"xx4":{"color":[{"time":0,"color":"FFFFFF00"},{"time":6.6667,"color":"FFFFFF00"},{"time":7.0417,"color":"F0FF00FF"},{"time":7.375,"color":"FFFFFF00"}]},"xx5":{"color":[{"time":0,"color":"FFFFFF00"},{"time":9.1667,"color":"FFFFFF00"},{"time":9.5417,"color":"F0FF00FF"},{"time":10.5,"color":"FFFFFF00"}]},"xx6":{"color":[{"time":0,"color":"FFFFFF00"},{"time":11.625,"color":"FFFFFF00"},{"time":12,"color":"F0FF00FF"},{"time":12.5,"color":"FFFFFF00"}]},"guangdian0000":{"attachment":[{"time":0,"name":"guangdian/guangdian0000"},{"time":0.0833,"name":"guangdian/guangdian0002"},{"time":0.1666,"name":"guangdian/guangdian0004"},{"time":0.2499,"name":"guangdian/guangdian0006"},{"time":0.3332,"name":"guangdian/guangdian0008"},{"time":0.4165,"name":"guangdian/guangdian0010"},{"time":0.4998,"name":"guangdian/guangdian0012"},{"time":0.5831,"name":"guangdian/guangdian0014"},{"time":0.6664,"name":"guangdian/guangdian0016"},{"time":0.7497,"name":"guangdian/guangdian0018"},{"time":0.833,"name":"guangdian/guangdian0019"},{"time":0.9163,"name":"guangdian/guangdian0000"},{"time":0.9996,"name":"guangdian/guangdian0002"},{"time":1.0829,"name":"guangdian/guangdian0004"},{"time":1.1662,"name":"guangdian/guangdian0006"},{"time":1.2495,"name":"guangdian/guangdian0008"},{"time":1.3328,"name":"guangdian/guangdian0010"},{"time":1.4161,"name":"guangdian/guangdian0012"},{"time":1.4994,"name":"guangdian/guangdian0014"},{"time":1.5827,"name":"guangdian/guangdian0016"},{"time":1.666,"name":"guangdian/guangdian0018"},{"time":1.7493,"name":"guangdian/guangdian0019"},{"time":1.791,"name":"guangdian/guangdian0000"},{"time":1.8743,"name":"guangdian/guangdian0002"},{"time":1.9576,"name":"guangdian/guangdian0004"},{"time":2.0409,"name":"guangdian/guangdian0006"},{"time":2.1242,"name":"guangdian/guangdian0008"},{"time":2.2075,"name":"guangdian/guangdian0010"},{"time":2.2908,"name":"guangdian/guangdian0012"},{"time":2.3741,"name":"guangdian/guangdian0014"},{"time":2.4574,"name":"guangdian/guangdian0016"},{"time":2.5407,"name":"guangdian/guangdian0018"},{"time":2.624,"name":"guangdian/guangdian0019"},{"time":2.7073,"name":"guangdian/guangdian0000"},{"time":2.7906,"name":"guangdian/guangdian0002"},{"time":2.8739,"name":"guangdian/guangdian0004"},{"time":2.9572,"name":"guangdian/guangdian0006"},{"time":3.0405,"name":"guangdian/guangdian0008"},{"time":3.1238,"name":"guangdian/guangdian0010"},{"time":3.2071,"name":"guangdian/guangdian0012"},{"time":3.2904,"name":"guangdian/guangdian0014"},{"time":3.3737,"name":"guangdian/guangdian0016"},{"time":3.457,"name":"guangdian/guangdian0018"},{"time":3.5403,"name":"guangdian/guangdian0019"},{"time":3.582,"name":"guangdian/guangdian0000"},{"time":3.6653,"name":"guangdian/guangdian0002"},{"time":3.7486,"name":"guangdian/guangdian0004"},{"time":3.8319,"name":"guangdian/guangdian0006"},{"time":3.9152,"name":"guangdian/guangdian0008"},{"time":3.9985,"name":"guangdian/guangdian0010"},{"time":4.0818,"name":"guangdian/guangdian0012"},{"time":4.1651,"name":"guangdian/guangdian0014"},{"time":4.2484,"name":"guangdian/guangdian0016"},{"time":4.3317,"name":"guangdian/guangdian0018"},{"time":4.415,"name":"guangdian/guangdian0019"},{"time":4.4983,"name":"guangdian/guangdian0000"},{"time":4.5816,"name":"guangdian/guangdian0002"},{"time":4.6649,"name":"guangdian/guangdian0004"},{"time":4.7482,"name":"guangdian/guangdian0006"},{"time":4.8315,"name":"guangdian/guangdian0008"},{"time":4.9148,"name":"guangdian/guangdian0010"},{"time":4.9981,"name":"guangdian/guangdian0012"},{"time":5.0814,"name":"guangdian/guangdian0014"},{"time":5.1647,"name":"guangdian/guangdian0016"},{"time":5.248,"name":"guangdian/guangdian0018"},{"time":5.3313,"name":"guangdian/guangdian0019"},{"time":5.373,"name":"guangdian/guangdian0000"},{"time":5.4563,"name":"guangdian/guangdian0002"},{"time":5.5396,"name":"guangdian/guangdian0004"},{"time":5.6229,"name":"guangdian/guangdian0006"},{"time":5.7062,"name":"guangdian/guangdian0008"},{"time":5.7895,"name":"guangdian/guangdian0010"},{"time":5.8728,"name":"guangdian/guangdian0012"},{"time":5.9561,"name":"guangdian/guangdian0014"},{"time":6.0394,"name":"guangdian/guangdian0016"},{"time":6.1227,"name":"guangdian/guangdian0018"},{"time":6.206,"name":"guangdian/guangdian0019"},{"time":6.2893,"name":"guangdian/guangdian0000"},{"time":6.3726,"name":"guangdian/guangdian0002"},{"time":6.4559,"name":"guangdian/guangdian0004"},{"time":6.5392,"name":"guangdian/guangdian0006"},{"time":6.6225,"name":"guangdian/guangdian0008"},{"time":6.7058,"name":"guangdian/guangdian0010"},{"time":6.7891,"name":"guangdian/guangdian0012"},{"time":6.8724,"name":"guangdian/guangdian0014"},{"time":6.9557,"name":"guangdian/guangdian0016"},{"time":7.039,"name":"guangdian/guangdian0018"},{"time":7.1223,"name":"guangdian/guangdian0000"},{"time":7.2056,"name":"guangdian/guangdian0002"},{"time":7.2889,"name":"guangdian/guangdian0004"},{"time":7.3722,"name":"guangdian/guangdian0006"},{"time":7.4555,"name":"guangdian/guangdian0008"},{"time":7.5388,"name":"guangdian/guangdian0010"},{"time":7.6221,"name":"guangdian/guangdian0012"},{"time":7.7054,"name":"guangdian/guangdian0014"},{"time":7.7887,"name":"guangdian/guangdian0016"},{"time":7.872,"name":"guangdian/guangdian0018"},{"time":7.9137,"name":"guangdian/guangdian0019"},{"time":7.9554,"name":"guangdian/guangdian0000"},{"time":8.0387,"name":"guangdian/guangdian0002"},{"time":8.122,"name":"guangdian/guangdian0004"},{"time":8.2053,"name":"guangdian/guangdian0006"},{"time":8.2886,"name":"guangdian/guangdian0008"},{"time":8.3719,"name":"guangdian/guangdian0010"},{"time":8.4552,"name":"guangdian/guangdian0012"},{"time":8.5385,"name":"guangdian/guangdian0014"},{"time":8.6218,"name":"guangdian/guangdian0016"},{"time":8.7051,"name":"guangdian/guangdian0018"},{"time":8.7468,"name":"guangdian/guangdian0019"},{"time":8.7885,"name":"guangdian/guangdian0000"},{"time":8.8718,"name":"guangdian/guangdian0002"},{"time":8.9551,"name":"guangdian/guangdian0004"},{"time":9.0384,"name":"guangdian/guangdian0006"},{"time":9.1217,"name":"guangdian/guangdian0008"},{"time":9.205,"name":"guangdian/guangdian0010"},{"time":9.2883,"name":"guangdian/guangdian0012"},{"time":9.3716,"name":"guangdian/guangdian0014"},{"time":9.4549,"name":"guangdian/guangdian0016"},{"time":9.5382,"name":"guangdian/guangdian0018"},{"time":9.5799,"name":"guangdian/guangdian0019"},{"time":9.6216,"name":"guangdian/guangdian0000"},{"time":9.7049,"name":"guangdian/guangdian0002"},{"time":9.7882,"name":"guangdian/guangdian0004"},{"time":9.8715,"name":"guangdian/guangdian0006"},{"time":9.9548,"name":"guangdian/guangdian0008"},{"time":10.0381,"name":"guangdian/guangdian0010"},{"time":10.1214,"name":"guangdian/guangdian0012"},{"time":10.2047,"name":"guangdian/guangdian0014"},{"time":10.288,"name":"guangdian/guangdian0016"},{"time":10.3713,"name":"guangdian/guangdian0018"},{"time":10.413,"name":"guangdian/guangdian0019"},{"time":10.4963,"name":"guangdian/guangdian0000"},{"time":10.5796,"name":"guangdian/guangdian0002"},{"time":10.6629,"name":"guangdian/guangdian0004"},{"time":10.7462,"name":"guangdian/guangdian0006"},{"time":10.8295,"name":"guangdian/guangdian0008"},{"time":10.9128,"name":"guangdian/guangdian0010"},{"time":10.9961,"name":"guangdian/guangdian0012"},{"time":11.0794,"name":"guangdian/guangdian0014"},{"time":11.1627,"name":"guangdian/guangdian0016"},{"time":11.246,"name":"guangdian/guangdian0018"},{"time":11.2877,"name":"guangdian/guangdian0019"},{"time":11.3294,"name":"guangdian/guangdian0000"},{"time":11.4127,"name":"guangdian/guangdian0002"},{"time":11.496,"name":"guangdian/guangdian0004"},{"time":11.5793,"name":"guangdian/guangdian0006"},{"time":11.6626,"name":"guangdian/guangdian0008"},{"time":11.7459,"name":"guangdian/guangdian0010"},{"time":11.8292,"name":"guangdian/guangdian0012"},{"time":11.9125,"name":"guangdian/guangdian0014"},{"time":11.9958,"name":"guangdian/guangdian0016"},{"time":12.0791,"name":"guangdian/guangdian0018"},{"time":12.1208,"name":"guangdian/guangdian0000"},{"time":12.2041,"name":"guangdian/guangdian0002"},{"time":12.2874,"name":"guangdian/guangdian0004"},{"time":12.3707,"name":"guangdian/guangdian0006"},{"time":12.454,"name":"guangdian/guangdian0008"},{"time":12.5373,"name":"guangdian/guangdian0010"},{"time":12.6206,"name":"guangdian/guangdian0012"},{"time":12.7039,"name":"guangdian/guangdian0014"},{"time":12.7872,"name":"guangdian/guangdian0016"},{"time":12.8705,"name":"guangdian/guangdian0018"},{"time":12.9122,"name":"guangdian/guangdian0019"}]},"saoguang600":{"attachment":[{"time":0,"name":""},{"time":4.1667,"name":"saoguang600"},{"time":4.2084,"name":"saoguang602"},{"time":4.2501,"name":"saoguang604"},{"time":4.2918,"name":"saoguang606"},{"time":4.3335,"name":"saoguang608"},{"time":4.3752,"name":"saoguang610"},{"time":4.4169,"name":"saoguang612"},{"time":4.4586,"name":"saoguang614"},{"time":4.5003,"name":"saoguang616"},{"time":4.542,"name":"saoguang618"},{"time":4.5837,"name":"saoguang620"},{"time":4.6254,"name":"saoguang622"},{"time":4.6671,"name":"saoguang624"},{"time":4.7088,"name":"saoguang626"},{"time":4.7505,"name":"saoguang628"},{"time":4.7922,"name":"saoguang630"},{"time":4.8339,"name":"saoguang632"},{"time":4.8756,"name":"saoguang634"},{"time":4.9173,"name":"saoguang636"},{"time":4.959,"name":"saoguang638"}],"color":[{"time":0,"curve":"stepped","color":"FFFFFFFF"},{"time":5,"color":"FFFFFFFF"},{"time":5.0417,"color":"FFFFFF00"}]}}}}}