{
  "skeleton": {
    "width": 266,
    "height": 205.39,
    "fps": 24,
    "hash": " ",
    "spine": " ",
    "name": "sg_effect_hall1"
  },
  "bones": [

    { "name": "root" },
    {
      "x": -26.2667,
      "y": -30.3623,
      "name": "shanzi",
      "parent": "root"
    },
    {
      "length": 32,
      "x": 25.773,
      "y": -62.766,
      "rotation": 12.8017,
      "name": "yezi01",
      "parent": "root"
    },
    {
      "length": 20,
      "x": 29.5515,
      "y": 53.13,
      "rotation": 93.2903,
      "name": "yezi03",
      "parent": "root"
    },
    {
      "length": 19,
      "x": -47.982,
      "y": -22.6875,
      "rotation": -83.3432,
      "name": "yezi07",
      "parent": "root"
    },
    {
      "length": 10,
      "x": -46.5795,
      "y": 38.7255,
      "rotation": 133.8767,
      "name": "yezi04",
      "parent": "root"
    },
    {
      "length": 20,
      "x": -55.308,
      "y": 16.4175,
      "rotation": 143.5674,
      "name": "yezi043",
      "parent": "root"
    },
    {
      "length": 16,
      "x": 22.8855,
      "y": -64.4655,
      "rotation": 71.881,
      "name": "yezi02",
      "parent": "root"
    },
    {
      "length": 25,
      "x": -8.382,
      "y": 13.4805,
      "rotation": 107.4422,
      "name": "yezi06",
      "parent": "root"
    },
    {
      "x": -92.532,
      "y": -8.4645,
      "name": "yezi08",
      "parent": "root"
    },
    {
      "x": 76.8405,
      "y": 51.48,
      "name": "yezi081",
      "parent": "root"
    },
    {
      "x": 198.4125,
      "y": 97.086,
      "name": "bone",
      "parent": "root"
    },
    {
      "x": 82.5165,
      "y": 16.6815,
      "name": "yezi09",
      "parent": "root"
    },
    {
      "x": -1.9904,
      "y": -66.7557,
      "scaleX": 2,
      "scaleY": 2,
      "name": "saoguang100",
      "parent": "root"
    },
    {
      "length": 13,
      "x": 0.7072,
      "y": -4.5256,
      "rotation": -34.3676,
      "name": "yezi052",
      "parent": "yezi04"
    },
    {
      "length": 17,
      "x": -1.9066,
      "y": -5.2783,
      "rotation": -45.3287,
      "name": "yezi033",
      "parent": "yezi03"
    },
    {
      "length": 21,
      "x": 3.7237,
      "y": 4.7058,
      "rotation": 51.9345,
      "name": "yezi041",
      "parent": "yezi04"
    },
    {
      "length": 15,
      "x": 10.3428,
      "y": -2.644,
      "rotation": -26.9494,
      "name": "yezi032",
      "parent": "yezi03"
    },
    {
      "length": 12,
      "x": 6.4557,
      "y": 1.1749,
      "rotation": 26.9929,
      "name": "yezi022",
      "parent": "yezi02"
    },
    {
      "length": 23,
      "x": -1.3416,
      "y": -4.1281,
      "rotation": -31.5145,
      "name": "yezi047",
      "parent": "yezi043"
    },
    {
      "length": 16,
      "x": 10.0454,
      "y": -3.3153,
      "rotation": -23.9241,
      "name": "yezi072",
      "parent": "yezi07"
    },
    {
      "length": 17,
      "x": 4.0099,
      "y": -5.0695,
      "rotation": -39.7585,
      "scaleX": 0.9654,
      "scaleY": 0.9654,
      "name": "yezi073",
      "parent": "yezi07"
    },
    {
      "length": 20,
      "x": 7.0478,
      "y": 7.8655,
      "rotation": 56.1093,
      "name": "yezi075",
      "parent": "yezi07"
    },
    {
      "length": 15,
      "x": -2.5977,
      "y": 5.0708,
      "rotation": 89.6704,
      "name": "yezi076",
      "parent": "yezi07"
    },
    {
      "length": 10,
      "x": 17.8761,
      "y": -0.9351,
      "rotation": -31.7501,
      "name": "yezi044",
      "parent": "yezi043"
    },
    {
      "length": 22,
      "x": 18.5919,
      "y": 2.485,
      "rotation": 18.6517,
      "name": "yezi045",
      "parent": "yezi043"
    },
    {
      "length": 7,
      "x": 13.0786,
      "y": 0.1514,
      "rotation": 2.622,
      "name": "yezi05",
      "parent": "yezi04"
    },
    {
      "length": 37,
      "x": -1.3476,
      "y": 4.604,
      "rotation": 26.7456,
      "name": "yezi046",
      "parent": "yezi043"
    },
    {
      "length": 19,
      "x": 4.8963,
      "y": 4.0982,
      "rotation": 35.7412,
      "name": "yezi031",
      "parent": "yezi03"
    },
    {
      "x": -17.6055,
      "y": -89.8095,
      "name": "bone1",
      "parent": "bone"
    },
    {
      "length": 41,
      "x": 9.5143,
      "y": -3.3971,
      "rotation": -36.8104,
      "name": "yezi021",
      "parent": "yezi02"
    },
    {
      "length": 16,
      "x": 13.4545,
      "y": 2.2671,
      "rotation": 22.5392,
      "name": "yezi071",
      "parent": "yezi07"
    },
    {
      "length": 26,
      "x": 11.3134,
      "y": -0.296,
      "rotation": 5.4999,
      "name": "yezi051",
      "parent": "yezi05"
    },
    {
      "length": 25,
      "x": 1.2525,
      "y": -3.4291,
      "rotation": -25.9863,
      "name": "yezi053",
      "parent": "yezi05"
    },
    {
      "length": 24,
      "x": 2.4878,
      "y": 4.9769,
      "rotation": 33.407,
      "name": "yezi042",
      "parent": "yezi05"
    }
  ],
  "slots": [

    {
      "name": "yezi08",
      "bone": "yezi08",
      "attachment": "yezi08"
    },
    {
      "name": "yezi081",
      "bone": "yezi081",
      "attachment": "yezi08"
    },
    {
      "name": "yezi06",
      "bone": "yezi06",
      "attachment": "yezi06"
    },
    {
      "name": "yezi03",
      "bone": "root",
      "attachment": "yezi03"
    },
    {
      "name": "yezi04",
      "bone": "yezi047",
      "attachment": "yezi04"
    },
    {
      "name": "yezi05",
      "bone": "root",
      "attachment": "yezi05"
    },
    {
      "name": "yezi07",
      "bone": "yezi076",
      "attachment": "yezi07"
    },
    {
      "name": "yezi09",
      "bone": "yezi09",
      "attachment": "yezi09"
    },
    {
      "name": "shanzi",
      "bone": "shanzi",
      "attachment": "shanzi1_01"
    },
    {
      "name": "yezi02",
      "bone": "root",
      "attachment": "yezi02"
    },
    {
      "name": "yezi01",
      "bone": "yezi01",
      "attachment": "yezi01"
    },
    {
      "name": "4",
      "bone": "root",
      "attachment": "4"
    },
    {
      "name": "saoguang100",
      "bone": "saoguang100",
      "blend": "additive"
    }
  ],
  "skins": 
  {
    "default": {
      "4": {
        "4": {
          "name": "4",
          "width": 266,
          "height": 79,
          "x": 17.27,
          "y": -72.85
        }
      },
      "yezi07": {
        "yezi07": {
          "name": "yezi07",
          "width": 56,
          "height": 49,
          "hull": 36,
          "triangles": [ 24, 25, 26, 27, 24, 26, 23, 24, 27, 28, 23, 27, 33, 31, 32, 30, 31, 33, 34, 30, 33, 22, 23, 28, 29, 22, 28, 34, 29, 30, 34, 40, 29, 18, 19, 20, 21, 18, 20, 35, 40, 34, 42, 22, 29, 17, 18, 21, 22, 17, 21, 40, 42, 29, 39, 42, 41, 16, 17, 22, 36, 16, 22, 41, 42, 40, 35, 41, 40, 35, 1, 41, 42, 36, 22, 1, 2, 39, 0, 1, 35, 1, 39, 41, 38, 36, 42, 39, 38, 42, 13, 15, 16, 37, 13, 16, 37, 16, 36, 38, 37, 36, 37, 11, 13, 13, 14, 15, 2, 38, 39, 2, 3, 38, 6, 37, 38, 3, 6, 38, 9, 11, 37, 11, 12, 13, 6, 9, 37, 3, 4, 6, 7, 8, 9, 6, 7, 9, 4, 5, 6, 9, 10, 11 ],
          "uvs": [ 0.42135, 0.0102, 0.28421, 0.06385, 0.2076, 0.1988, 0.02661, 0.3384, 0, 0.50167, 0, 0.67726, 0.09737, 0.54665, 0.04327, 0.68659, 0.03304, 0.82386, 0.12865, 0.67926, 0.08041, 0.87351, 0.17836, 0.75756, 0.16579, 0.92782, 0.2345, 0.81187, 0.22398, 0.9898, 0.34474, 0.84019, 0.37573, 0.66027, 0.41111, 0.71958, 0.49591, 0.91383, 0.6538, 0.9898, 0.6769, 0.88518, 0.63129, 0.7479, 0.50029, 0.54432, 0.70205, 0.65793, 0.87632, 0.73624, 0.99971, 0.76922, 0.99971, 0.6486, 0.90526, 0.51633, 0.73889, 0.40337, 0.59649, 0.33007, 0.69094, 0.26509, 0.81579, 0.23344, 0.9, 0.16847, 0.82573, 0.06918, 0.60409, 0.08351, 0.47515, 0.08351, 0.37573, 0.58963, 0.19298, 0.62162, 0.26082, 0.46068, 0.33596, 0.35539, 0.50556, 0.28242, 0.47251, 0.28042, 0.43772, 0.48101 ],
          "edges": [ 0, 2, 2, 4, 4, 6, 6, 8, 8, 10, 10, 12, 12, 14, 14, 16, 16, 18, 18, 20, 20, 22, 22, 24, 24, 26, 26, 28, 28, 30, 30, 32, 32, 34, 34, 36, 36, 38, 38, 40, 40, 42, 42, 44, 44, 46, 46, 48, 48, 50, 50, 52, 52, 54, 54, 56, 56, 58, 58, 60, 60, 62, 62, 64, 64, 66, 66, 68, 68, 70, 70, 0 ],
          "vertices": [ 4, 21, -18.81, -1.11, 0.110066, 23, 0.99, 8.57, 0.531791, 4, -11.16, 6.11, 0.2414, 22, -11.61, 14.14, 0.116743, 4, 21, -12.36, -6.14, 0.178963, 4, -9.42, -1.89, 0.36918, 23, -7, 6.78, 0.358799, 22, -17.28, 8.23, 0.093058, 1, 21, -4.4, -6.12, 1, 1, 21, 6.97, -10.9, 1, 1, 21, 14.56, -7.74, 1, 1, 21, 21.84, -2.99, 1, 1, 21, 13.42, -1.93, 1, 1, 21, 20.9, -0.69, 1, 1, 21, 26.91, 2.53, 1, 1, 21, 17.96, 3.14, 1, 4, 21, 27.51, 6.12, 0.303366, 20, 23.33, -5.67, 0.535181, 4, 29.07, -17.96, 0.096015, 31, 6.67, -24.67, 0.065438, 1, 20, 16.21, -2.1, 1, 1, 20, 24.46, -0.27, 1, 1, 20, 17.83, 1.72, 1, 1, 20, 26.42, 3.77, 1, 1, 20, 17.32, 8.08, 1, 4, 21, 9.56, 14.31, 0.005087, 4, 20.51, -0.19, 0.9321, 31, 5.58, -4.97, 0.042184, 20, 8.3, 7.1, 0.020628, 1, 31, 9.12, -4.66, 1, 1, 31, 19.85, -5.18, 1, 1, 31, 27.48, 0.77, 1, 1, 31, 23.59, 4.44, 1, 1, 31, 16.4, 5.5, 1, 4, 31, 3.99, 3.97, 0.594525, 22, 4.45, -7.34, 0.173625, 4, 15.62, 7.46, 0.168065, 20, 0.73, 12.11, 0.063786, 1, 22, 17.15, -7.14, 1, 1, 22, 27.66, -6.08, 1, 1, 22, 34.6, -4.35, 1, 1, 22, 31.86, 0.96, 1, 1, 22, 24.13, 4.35, 1, 1, 22, 13.23, 5.03, 1, 4, 22, 4.42, 4.58, 0.659083, 23, 9.06, -8.26, 0.20224, 4, 5.71, 14.08, 0.069547, 31, -2.62, 13.88, 0.06913, 1, 23, 14.71, -5.65, 1, 1, 23, 21.88, -4.87, 1, 1, 23, 26.97, -2.2, 1, 1, 23, 23.35, 3.16, 1, 1, 23, 10.83, 3.83, 1, 1, 23, 3.6, 4.63, 1, 4, 21, 6.63, 12.39, 0.000316, 4, 17.03, 0.22, 0.993801, 31, 2.52, -3.26, 0.004563, 20, 4.95, 6.06, 0.001319, 4, 21, 13.59, 4.63, 0.304654, 20, 9.53, -3.31, 0.594739, 4, 17.42, -10.21, 0.062559, 31, -1.12, -13.04, 0.038048, 4, 21, 4.82, 3.48, 0.22043, 20, 0.78, -2.02, 0.653835, 4, 9.94, -5.48, 0.088858, 31, -6.21, -5.81, 0.036878, 4, 21, -1.87, 4.18, 0.02014, 4, 5.25, -0.66, 0.960207, 20, -5.46, 0.48, 0.014084, 31, -8.7, 0.44, 0.005569, 4, 22, -1.22, 4.33, 0.484109, 23, 4.22, -5.35, 0.341849, 4, 2.77, 9.26, 0.114027, 31, -7.18, 10.55, 0.060014, 4, 22, -2.93, 3.56, 0.422974, 23, 2.38, -5.04, 0.35296, 4, 2.46, 7.42, 0.16313, 31, -8.18, 8.97, 0.060936, 4, 31, -0.47, 2.42, 0.633044, 4, 12.09, 4.32, 0.205217, 22, -0.13, -6.17, 0.100491, 20, -1.22, 7.81, 0.061248 ],
          "type": "mesh"
        }
      },
      "yezi04": {
        "yezi04": {
          "name": "yezi04",
          "width": 66,
          "height": 56,
          "hull": 38,
          "triangles": [ 37, 0, 2, 3, 37, 2, 0, 1, 2, 5, 46, 4, 46, 47, 4, 4, 47, 3, 47, 51, 3, 36, 37, 3, 35, 36, 3, 51, 35, 3, 40, 51, 13, 13, 51, 47, 6, 46, 5, 45, 11, 46, 46, 12, 47, 12, 13, 47, 45, 46, 6, 7, 45, 6, 11, 12, 46, 10, 45, 7, 51, 34, 35, 8, 10, 7, 10, 11, 45, 14, 41, 13, 41, 39, 13, 39, 40, 13, 9, 10, 8, 50, 34, 51, 39, 50, 51, 39, 51, 40, 50, 33, 34, 15, 18, 14, 18, 41, 14, 18, 42, 41, 41, 38, 39, 38, 50, 39, 42, 38, 41, 16, 18, 15, 38, 49, 50, 32, 33, 50, 49, 32, 50, 19, 42, 18, 19, 43, 42, 26, 38, 42, 43, 26, 42, 26, 49, 38, 20, 43, 19, 43, 25, 26, 48, 49, 26, 49, 48, 32, 48, 31, 32, 20, 44, 43, 44, 25, 43, 21, 44, 20, 44, 24, 25, 28, 30, 48, 21, 22, 44, 22, 24, 44, 28, 48, 27, 30, 31, 48, 22, 23, 24, 29, 30, 28, 16, 17, 18, 27, 48, 26 ],
          "uvs": [ 0.90804, 1, 0.99242, 1, 0.99242, 0.84942, 0.90235, 0.76667, 0.88033, 0.54503, 0.83035, 0.36257, 0.77813, 0.23275, 0.70044, 0.09825, 0.62224, 0, 0.56805, 0, 0.55642, 0.15, 0.60046, 0.31784, 0.65836, 0.47602, 0.68237, 0.57076, 0.59824, 0.47368, 0.54825, 0.32749, 0.46833, 0.20439, 0.40647, 0.19971, 0.47031, 0.38158, 0.37825, 0.31784, 0.27432, 0.29415, 0.1803, 0.28947, 0.06424, 0.29181, 0.01029, 0.32749, 0.11225, 0.45994, 0.2283, 0.50906, 0.30625, 0.53743, 0.17238, 0.53977, 0.06127, 0.53977, 0.00758, 0.55497, 0.01549, 0.65029, 0.12759, 0.73567, 0.32382, 0.82924, 0.4708, 0.87368, 0.60764, 0.89737, 0.70588, 0.89912, 0.77517, 0.94181, 0.83578, 0.97076, 0.40943, 0.56491, 0.57324, 0.60819, 0.64649, 0.62602, 0.55865, 0.51462, 0.44012, 0.46988, 0.28967, 0.41404, 0.185, 0.37632, 0.69846, 0.20409, 0.76823, 0.43216, 0.78952, 0.54152, 0.18351, 0.64942, 0.31244, 0.65468, 0.50396, 0.71228, 0.66654, 0.74444 ],
          "edges": [ 0, 2, 2, 4, 4, 6, 6, 8, 8, 10, 10, 12, 12, 14, 14, 16, 16, 18, 18, 20, 20, 22, 22, 24, 24, 26, 26, 28, 28, 30, 30, 32, 32, 34, 34, 36, 36, 38, 38, 40, 40, 42, 42, 44, 44, 46, 46, 48, 48, 50, 50, 52, 52, 54, 54, 56, 56, 58, 58, 60, 60, 62, 62, 64, 64, 66, 66, 68, 68, 70, 70, 72, 72, 74, 74, 0 ],
          "vertices": [ 4, 6, -20.81, 9.56, 0.281422, 27, -15.15, 13.18, 0.365871, 25, -35.07, 19.3, 0.092092, 19, -23.75, 1.49, 0.260615, 4, 6, -25.34, 6.21, 0.283375, 27, -20.7, 12.23, 0.333603, 24, -40.51, -16.66, 0.100535, 19, -25.86, -3.73, 0.282487, 4, 6, -20.29, -0.63, 0.289033, 27, -19.27, 3.86, 0.308441, 24, -32.62, -19.82, 0.081774, 19, -17.99, -6.92, 0.320752, 4, 6, -12.68, -0.81, 0.13, 27, -12.56, 0.26, 0.13, 24, -26.05, -15.98, 0.02, 19, -11.4, -3.1, 0.72, 1, 19, 0.73, -6.44, 1, 1, 19, 11.53, -7.22, 1, 1, 19, 19.63, -6.74, 1, 1, 19, 28.61, -4.79, 1, 1, 19, 35.7, -2.04, 1, 1, 19, 37.06, 1.31, 1, 1, 19, 29.51, 5.2, 1, 1, 19, 19.62, 6.05, 1, 1, 19, 9.91, 5.82, 1, 4, 6, 5.67, -1, 0.955712, 27, 3.75, -8.16, 0.014256, 24, -10.34, -6.47, 0.006386, 19, 4.34, 6.34, 0.023647, 1, 6, 13.44, -2.08, 1, 1, 24, 5.73, -3.27, 1, 1, 24, 14.16, -0.9, 1, 1, 24, 15.94, 2.83, 1, 4, 6, 23.39, -1.19, 0.353664, 24, 4.83, 2.68, 0.490532, 25, 3.37, -5.02, 0.14092, 19, 19.55, 15.43, 0.014883, 1, 25, 10.32, -6.56, 1, 1, 25, 17.32, -5.72, 1, 1, 25, 23.38, -4.07, 1, 1, 25, 30.7, -1.57, 1, 1, 25, 33.52, 1.44, 1, 1, 25, 24.76, 6.48, 1, 1, 25, 16.54, 6.76, 1, 4, 6, 26.97, 12.38, 0.07, 27, 28.79, -5.8, 0.53, 25, 11.1, 6.7, 0.35, 24, 0.72, 16.11, 0.05, 1, 27, 37.57, -4.16, 1, 1, 27, 44.87, -2.92, 1, 1, 27, 48.26, -1.47, 1, 1, 27, 46.83, 3.75, 1, 1, 27, 38.66, 7.23, 1, 1, 27, 24.86, 10.23, 1, 1, 27, 14.78, 11.06, 1, 1, 27, 5.57, 10.84, 1, 4, 6, -6.59, 12.98, 0.242895, 27, -0.91, 9.84, 0.527229, 25, -20.5, 18, 0.069158, 19, -13.42, 11.85, 0.160718, 4, 6, -11.73, 12.18, 0.264709, 27, -5.87, 11.44, 0.458138, 25, -25.63, 18.88, 0.074671, 19, -17.38, 8.47, 0.202482, 4, 6, -15.96, 11.09, 0.275941, 27, -10.13, 12.36, 0.407813, 25, -29.99, 19.2, 0.08219, 19, -20.42, 5.33, 0.234056, 4, 6, 20.51, 9.54, 0.1, 27, 21.74, -5.43, 0.58, 25, 4.08, 6.07, 0.25, 24, -3.27, 10.3, 0.07, 4, 6, 10.28, 5.02, 0.3, 27, 10.57, -4.86, 0.55, 25, -7.07, 5.06, 0.08, 24, -9.6, 1.07, 0.07, 1, 6, 5.75, 2.94, 1, 4, 6, 14.19, 1.35, 0.829676, 24, -4.33, 0.01, 0.080986, 25, -4.53, 0.33, 0.073823, 27, 12.41, -9.9, 0.015515, 4, 6, 22.05, 4.02, 0.00624, 25, 3.77, 0.35, 0.989971, 24, 0.95, 6.41, 0.002836, 27, 20.64, -11.05, 0.000953, 4, 6, 32, 7.44, 0.000871, 25, 14.29, 0.4, 0.997299, 27, 31.05, -12.48, 0.001055, 24, 7.61, 14.55, 0.000775, 4, 6, 38.88, 9.87, 0.000595, 25, 21.58, 0.51, 0.997336, 27, 38.29, -13.39, 0.001438, 24, 12.17, 20.24, 0.000631, 1, 19, 23.12, -2.42, 1, 1, 19, 9.44, -1.9, 1, 4, 6, 0.91, -6.57, 0.018378, 27, -3.01, -10.99, 0.006102, 24, -11.46, -13.72, 0.002481, 19, 3.19, -0.9, 0.973039, 4, 6, 29.8, 22.33, 0.005449, 27, 35.8, 1.81, 0.976088, 25, 16.97, 15.22, 0.013792, 24, -2.1, 26.06, 0.004671, 1, 27, 27.27, 0.65, 1, 1, 27, 14.14, 1.71, 1, 4, 6, 0.71, 7.52, 0.046091, 27, 3.14, 1.68, 0.92774, 25, -15.34, 10.49, 0.007543, 19, -4.34, 11, 0.018626 ],
          "type": "mesh"
        }
      },
      "yezi06": {
        "yezi06": {
          "name": "yezi06",
          "width": 132,
          "height": 129,
          "x": 11.04,
          "y": -8.43,
          "rotation": -107.44
        }
      },
      "yezi02": {
        "yezi02": {
          "name": "yezi02",
          "width": 78,
          "height": 52,
          "hull": 21,
          "triangles": [ 9, 29, 8, 8, 29, 7, 29, 6, 7, 29, 28, 6, 28, 5, 6, 10, 28, 9, 9, 28, 29, 27, 5, 28, 10, 27, 28, 27, 4, 5, 26, 4, 27, 10, 11, 27, 11, 26, 27, 26, 25, 4, 25, 3, 4, 11, 12, 26, 12, 25, 26, 25, 24, 3, 24, 2, 3, 12, 13, 25, 13, 24, 25, 23, 1, 2, 31, 32, 2, 13, 30, 24, 31, 2, 24, 23, 20, 1, 22, 32, 31, 32, 23, 2, 30, 31, 24, 19, 20, 23, 20, 0, 1, 33, 21, 30, 13, 33, 30, 21, 34, 31, 34, 35, 31, 30, 21, 31, 35, 22, 31, 33, 34, 21, 22, 23, 32, 14, 33, 13, 18, 19, 23, 14, 16, 33, 36, 23, 22, 33, 16, 34, 16, 35, 34, 35, 17, 22, 17, 36, 22, 16, 17, 35, 36, 18, 23, 15, 16, 14, 17, 18, 36 ],
          "uvs": [ 0.04844, 0.99968, 0.12375, 0.99968, 0.15825, 0.80854, 0.3149, 0.78956, 0.51715, 0.63956, 0.74136, 0.46867, 0.91265, 0.28133, 0.99359, 0.12247, 0.99359, 0, 0.89216, 0, 0.55647, 0, 0.34942, 0.13418, 0.18167, 0.35443, 0.10806, 0.52089, 0.05284, 0.42848, 0.00641, 0.38291, 0.00641, 0.57563, 0.00641, 0.73924, 0.03088, 0.8038, 0.02021, 0.90538, 0.03276, 0.9693, 0.11119, 0.60854, 0.08923, 0.73671, 0.07815, 0.80791, 0.15658, 0.62975, 0.28207, 0.5231, 0.42638, 0.39715, 0.6098, 0.2693, 0.81853, 0.12911, 0.89696, 0.07943, 0.12918, 0.60316, 0.11851, 0.67627, 0.10032, 0.78449, 0.09174, 0.55949, 0.093, 0.61234, 0.08003, 0.67943, 0.05556, 0.79019 ],
          "edges": [ 0, 2, 2, 4, 4, 6, 6, 8, 8, 10, 10, 12, 12, 14, 14, 16, 16, 18, 18, 20, 20, 22, 22, 24, 24, 26, 26, 28, 28, 30, 30, 32, 32, 34, 34, 36, 36, 38, 38, 40, 40, 0 ],
          "vertices": [ 1, 7, -5.66, -1.92, 1, 3, 18, -13.11, -3.13, 0.12, 7, -3.81, -7.56, 0.32, 30, -8.17, -11.32, 0.56, 1, 30, -0.22, -4.72, 1, 1, 30, 10.47, -11.02, 1, 1, 30, 28.02, -13.79, 1, 1, 30, 47.62, -16.66, 1, 1, 30, 64.29, -16.42, 1, 1, 30, 74.28, -13.32, 1, 1, 30, 77.95, -8.1, 1, 1, 30, 71.39, -3.49, 1, 1, 30, 49.72, 11.72, 1, 1, 30, 32.34, 15.38, 1, 1, 30, 14.9, 13.59, 1, 1, 7, 19.54, 1.38, 1, 1, 18, 17.17, -2.2, 1, 2, 18, 20.09, 1.05, 0.99, 7, 23.88, 11.23, 0.01, 1, 18, 10.16, 2.6, 1, 1, 18, 1.73, 3.92, 1, 1, 18, -1.9, 2.53, 1, 1, 7, -1.68, 1.73, 1, 1, 7, -4.53, -0.25, 1, 3, 18, 7.19, -5.3, 0.002829, 7, 15.27, -0.28, 0.994921, 30, 2.74, 5.94, 0.00225, 3, 18, 0.85, -2.56, 0.068641, 7, 8.37, -0.72, 0.878617, 30, -2.52, 1.46, 0.052741, 3, 18, -2.68, -1.11, 0.109733, 7, 4.57, -1.03, 0.85939, 30, -5.37, -1.07, 0.030877, 1, 30, 5.03, 2.98, 1, 1, 30, 16.33, 1.84, 1, 3, 18, 14.25, -31.57, 0.000454, 30, 29.43, 0.67, 0.998896, 7, 33.48, -20.49, 0.00065, 1, 30, 45.1, -2.19, 1, 1, 30, 62.77, -5.66, 1, 1, 30, 69.32, -7.1, 1, 1, 30, 4.06, 5.36, 1, 1, 30, 1.18, 2.71, 1, 1, 7, 6.28, -2.32, 1, 1, 7, 17.22, 1.97, 1, 1, 7, 14.63, 1.02, 1, 1, 7, 10.99, 0.91, 1, 3, 18, -1.5, 0.5, 0.26026, 7, 4.89, 0.94, 0.723689, 30, -6.3, 0.71, 0.016051 ],
          "type": "mesh"
        }
      },
      "yezi08": {
        "yezi08": {
          "name": "yezi08",
          "width": 8,
          "height": 45,
          "x": -0.37,
          "y": 0.92,
          "rotation": 107.72,
          "scaleX": 0.8,
          "scaleY": 0.8
        }
      },
      "yezi09": {
        "yezi09": {
          "name": "yezi09",
          "width": 7,
          "height": 31,
          "x": 0.16,
          "y": -1.37
        }
      },
      "yezi05": {
        "yezi05": {
          "name": "yezi05",
          "width": 67,
          "height": 76,
          "hull": 37,
          "triangles": [ 1, 34, 36, 36, 34, 35, 1, 36, 0, 31, 33, 34, 42, 43, 2, 3, 5, 2, 31, 34, 1, 43, 31, 1, 2, 43, 1, 56, 31, 43, 5, 42, 2, 41, 56, 43, 4, 5, 3, 50, 41, 43, 5, 49, 42, 49, 50, 42, 50, 43, 42, 47, 48, 6, 48, 49, 5, 31, 32, 33, 48, 38, 49, 44, 41, 50, 49, 44, 50, 55, 31, 56, 40, 56, 41, 44, 40, 41, 38, 44, 49, 7, 47, 6, 7, 10, 47, 38, 37, 44, 37, 53, 44, 53, 40, 44, 47, 11, 48, 11, 38, 48, 40, 55, 56, 54, 30, 55, 55, 30, 31, 10, 11, 47, 8, 9, 7, 9, 10, 7, 11, 46, 38, 46, 37, 38, 39, 55, 40, 53, 39, 40, 37, 52, 53, 52, 39, 53, 39, 54, 55, 20, 52, 37, 46, 20, 37, 45, 19, 46, 54, 29, 30, 20, 51, 52, 26, 39, 52, 51, 26, 52, 26, 29, 54, 19, 20, 46, 26, 54, 39, 28, 29, 26, 27, 28, 26, 45, 18, 19, 51, 25, 26, 13, 45, 12, 13, 17, 45, 17, 18, 45, 21, 25, 51, 22, 23, 21, 23, 24, 21, 24, 25, 21, 14, 17, 13, 14, 16, 17, 15, 16, 14, 6, 48, 5, 12, 45, 46, 12, 46, 11, 21, 51, 20 ],
          "uvs": [ 0.99156, 0.70952, 0.83847, 0.60974, 0.81882, 0.44675, 0.74602, 0.2961, 0.68925, 0.2803, 0.68124, 0.40476, 0.59292, 0.22078, 0.52232, 0.10844, 0.41824, 0.03485, 0.39664, 0.10152, 0.426, 0.20671, 0.47695, 0.32749, 0.30808, 0.17338, 0.1904, 0.11385, 0.06448, 0.05411, 0.00746, 0.04372, 0.00746, 0.10671, 0.07443, 0.18745, 0.17075, 0.30996, 0.31609, 0.39242, 0.34738, 0.40996, 0.1904, 0.40823, 0.03318, 0.40108, 0.00746, 0.43442, 0.00746, 0.51147, 0.19234, 0.56753, 0.31196, 0.58485, 0.13144, 0.629, 0.12756, 0.72186, 0.20205, 0.79199, 0.41411, 0.77251, 0.54586, 0.74978, 0.46142, 0.83745, 0.57327, 0.92338, 0.77368, 0.9671, 0.98768, 0.92684, 0.99254, 0.77792, 0.44881, 0.44113, 0.51844, 0.39026, 0.39397, 0.57576, 0.51747, 0.55931, 0.61574, 0.55433, 0.68998, 0.46775, 0.69338, 0.5513, 0.57327, 0.47792, 0.26975, 0.25087, 0.41265, 0.35433, 0.54101, 0.2539, 0.57497, 0.34957, 0.6053, 0.44351, 0.62859, 0.50714, 0.25713, 0.47532, 0.41265, 0.50238, 0.48035, 0.5039, 0.38936, 0.62987, 0.48569, 0.60758, 0.566, 0.59632 ],
          "edges": [ 0, 2, 2, 4, 4, 6, 6, 8, 8, 10, 10, 12, 12, 14, 14, 16, 16, 18, 18, 20, 20, 22, 22, 24, 24, 26, 26, 28, 28, 30, 30, 32, 32, 34, 34, 36, 36, 38, 38, 40, 40, 42, 42, 44, 44, 46, 46, 48, 48, 50, 50, 52, 52, 54, 54, 56, 56, 58, 58, 60, 60, 62, 62, 64, 64, 66, 66, 68, 68, 70, 70, 72, 72, 0 ],
          "vertices": [ 4, 14, -14.52, -14.14, 0.343756, 5, -19.26, -8, 0.324582, 16, -24.18, 10.26, 0.204701, 26, -32.68, -6.67, 0.126962, 1, 14, -5.29, -5.13, 1, 1, 14, 7.18, -5.87, 1, 1, 14, 19.33, -2.89, 1, 1, 14, 21.15, 0.73, 1, 4, 14, 11.89, 2.83, 0.711599, 33, 0.08, -6.16, 0.150018, 5, 12.12, -8.9, 0.069714, 26, -1.38, -9, 0.068669, 1, 33, 15.32, -5.44, 1, 1, 33, 25.02, -3.95, 1, 1, 33, 32.75, 0.72, 1, 1, 33, 28.5, 3.87, 1, 1, 33, 20.3, 4.81, 1, 4, 32, 1.11, -3.54, 0.511364, 33, 10.46, 4.79, 0.278234, 26, 12.75, -3.71, 0.17205, 34, 3.79, -12.91, 0.038351, 1, 32, 17.39, -5.71, 1, 1, 32, 26.49, -4.37, 1, 1, 32, 36.04, -2.69, 1, 1, 32, 39.58, -0.92, 1, 1, 32, 36.63, 2.86, 1, 1, 32, 29.25, 4.91, 1, 1, 32, 18.34, 8.24, 1, 1, 32, 6.68, 7.1, 1, 4, 32, 4.18, 6.84, 0.290042, 34, 11.36, -5.17, 0.509049, 26, 14.81, 6.92, 0.142425, 33, 7.66, 15.24, 0.058484, 1, 34, 21.9, -3.42, 1, 1, 34, 32.52, -2.09, 1, 1, 34, 33.79, 0.72, 1, 1, 34, 32.76, 6.5, 1, 1, 34, 19.64, 8.5, 1, 4, 32, -2.13, 18.83, 0.032176, 16, 20.83, -3.88, 0.768513, 34, 11.39, 8.38, 0.164592, 26, 7.39, 18.24, 0.034719, 1, 16, 33.39, -1.77, 1, 1, 16, 34.37, 5.25, 1, 1, 16, 29.87, 11.07, 1, 1, 16, 15.38, 11.06, 1, 1, 16, 6.29, 10.24, 1, 1, 16, 12.67, 16.31, 1, 2, 16, 5.77, 23.6, 0.97, 5, -11.3, 23.79, 0.03, 4, 5, -23.15, 16.28, 0.308249, 16, -7.46, 28.29, 0.288385, 14, -31.43, 3.71, 0.24638, 26, -35.45, 17.77, 0.156986, 4, 5, -31.02, 3.66, 0.311064, 14, -30.81, -11.15, 0.282668, 16, -22.24, 26.71, 0.25119, 26, -43.89, 5.52, 0.155077, 4, 5, -23.06, -4.44, 0.324626, 14, -19.67, -13.35, 0.316936, 16, -23.72, 15.45, 0.223512, 26, -36.32, -2.94, 0.134926, 4, 32, -2.72, 4.48, 0.209444, 26, 8.18, 3.9, 0.376563, 34, 4.16, -4.03, 0.351982, 33, 3.02, 9.62, 0.062011, 1, 33, 4.99, 3.82, 1, 4, 16, 15.22, -4, 0.664022, 34, 6.03, 6.72, 0.235583, 26, 3.82, 13.91, 0.055032, 5, 16.26, 14.22, 0.045363, 4, 16, 6.74, -4.4, 0.373605, 34, -2.02, 4.02, 0.358091, 5, 11.34, 7.3, 0.134437, 26, -1.41, 7.22, 0.133867, 4, 5, 6.98, 2.21, 0.679411, 16, 0.04, -4.1, 0.197999, 26, -6, 2.34, 0.080395, 34, -8.54, 2.47, 0.042194, 4, 14, 7.05, 3.04, 0.4, 5, 8.24, -5.99, 0.27, 33, -4.63, -5.03, 0.19, 26, -5.11, -5.92, 0.14, 3, 5, 3.48, -1.75, 0.91, 16, -5.23, -3.79, 0.07, 26, -9.67, -1.46, 0.02, 4, 26, 0.11, 0.1, 0.997388, 5, 13.18, 0.26, 0.001502, 33, -2.58, 2.67, 0.000756, 34, -4.67, -2.76, 0.000354, 4, 32, 15.81, 0.54, 0.996954, 33, 20.87, 15.94, 0.001144, 34, 18.68, -16.19, 0.00111, 26, 26.99, 1.75, 0.000792, 4, 32, 3.3, 0.77, 0.9749, 26, 14.52, 0.79, 0.013144, 33, 10.08, 9.61, 0.006292, 34, 7.74, -10.12, 0.005664, 1, 33, 14.19, -1.25, 1, 4, 32, -5.18, -6.31, 0.010833, 33, 6.55, -0.86, 0.967649, 26, 6.76, -7.07, 0.014434, 14, 17.23, 9.26, 0.007085, 1, 33, -0.89, -0.29, 1, 4, 5, 8.97, -0.91, 0.92323, 26, -4.15, -0.87, 0.042374, 33, -5.98, -0.07, 0.021343, 14, 4.78, 7.65, 0.013053, 1, 34, 16.53, 0.81, 1, 1, 34, 5.76, 1, 1, 4, 34, 1.2, 0.3, 0.995047, 26, 3.33, 5.89, 0.00255, 5, 16.13, 6.18, 0.001275, 16, 8.82, -8.86, 0.001127, 4, 16, 15.95, 0.06, 0.999928, 34, 5.61, 10.83, 0.00004, 26, 1.21, 17.11, 0.000016, 5, 13.51, 17.3, 0.000015, 1, 16, 9.26, -0.95, 1, 1, 16, 3.74, -1.26, 1 ],
          "type": "mesh"
        }
      },
      "saoguang100": {
        "saoguang100": {
          "name": "saoguang100",
          "width": 21,
          "height": 27
        },
        "saoguang138": {
          "name": "saoguang138",
          "width": 20,
          "height": 29
        },
        "saoguang136": {
          "name": "saoguang136",
          "width": 21,
          "height": 32
        },
        "saoguang134": {
          "name": "saoguang134",
          "width": 23,
          "height": 32
        },
        "saoguang132": {
          "name": "saoguang132",
          "width": 23,
          "height": 32
        },
        "saoguang130": {
          "name": "saoguang130",
          "width": 33,
          "height": 28
        },
        "saoguang128": {
          "name": "saoguang128",
          "width": 40,
          "height": 30
        },
        "saoguang126": {
          "name": "saoguang126",
          "width": 41,
          "height": 30
        },
        "saoguang124": {
          "name": "saoguang124",
          "width": 40,
          "height": 30
        },
        "saoguang122": {
          "name": "saoguang122",
          "width": 39,
          "height": 30
        },
        "saoguang120": {
          "name": "saoguang120",
          "width": 33,
          "height": 26
        },
        "saoguang118": {
          "name": "saoguang118",
          "width": 41,
          "height": 29
        },
        "saoguang116": {
          "name": "saoguang116",
          "width": 39,
          "height": 30
        },
        "saoguang114": {
          "name": "saoguang114",
          "width": 36,
          "height": 30
        },
        "saoguang112": {
          "name": "saoguang112",
          "width": 40,
          "height": 30
        },
        "saoguang110": {
          "name": "saoguang110",
          "width": 38,
          "height": 33
        },
        "saoguang108": {
          "name": "saoguang108",
          "width": 35,
          "height": 33
        },
        "saoguang106": {
          "name": "saoguang106",
          "width": 27,
          "height": 31
        },
        "saoguang104": {
          "name": "saoguang104",
          "width": 25,
          "height": 31
        },
        "saoguang102": {
          "name": "saoguang102",
          "width": 22,
          "height": 31
        }
      },
      "yezi03": {
        "yezi03": {
          "name": "yezi03",
          "width": 52,
          "height": 50,
          "hull": 22,
          "triangles": [ 6, 3, 4, 6, 4, 5, 6, 25, 3, 24, 2, 3, 25, 24, 3, 19, 20, 1, 19, 1, 2, 24, 19, 2, 10, 6, 7, 8, 9, 7, 9, 10, 7, 10, 22, 25, 10, 25, 6, 23, 24, 25, 22, 23, 25, 21, 0, 1, 20, 21, 1, 18, 19, 24, 13, 18, 24, 23, 13, 24, 12, 22, 10, 11, 12, 10, 22, 12, 23, 12, 13, 23, 17, 18, 13, 14, 17, 13, 16, 17, 14, 15, 16, 14 ],
          "uvs": [ 0.50688, 0.99837, 0.6087, 0.96013, 0.79142, 0.85359, 0.89605, 0.52843, 0.99038, 0.31536, 0.99038, 0.16242, 0.75769, 0.28824, 0.78642, 0.06144, 0.74456, 0, 0.60651, 0, 0.5253, 0.16242, 0.46252, 0.04771, 0.40754, 0.24444, 0.41316, 0.34837, 0.28011, 0.17059, 0.00962, 0, 0.00962, 0.12974, 0.12581, 0.37026, 0.26918, 0.56699, 0.43378, 0.6817, 0.43628, 0.84542, 0.46252, 0.94379, 0.51967, 0.23824, 0.50375, 0.31961, 0.53748, 0.52778, 0.66054, 0.3451 ],
          "edges": [ 0, 2, 2, 4, 4, 6, 6, 8, 8, 10, 10, 12, 12, 14, 14, 16, 16, 18, 18, 20, 20, 22, 22, 24, 24, 26, 26, 28, 28, 30, 30, 32, 32, 34, 34, 36, 36, 38, 38, 40, 40, 42, 42, 0 ],
          "vertices": [ 4, 28, -23.35, 12, 0.200734, 15, -17.36, -9.77, 0.348419, 3, -21.06, 0.2, 0.311759, 17, -29.24, -11.81, 0.139089, 4, 28, -25.24, 6.61, 0.177011, 15, -12.33, -12.47, 0.391608, 3, -19.45, -5.28, 0.296699, 17, -25.3, -15.95, 0.134682, 4, 28, -27.13, -4.28, 0.152625, 15, -1.87, -16.04, 0.441702, 3, -14.63, -15.22, 0.258366, 17, -16.47, -22.59, 0.147307, 4, 28, -17.86, -18.91, 0.08294, 15, 14.03, -9.15, 0.670467, 17, 0.78, -21, 0.127241, 3, 1.45, -21.69, 0.119351, 4, 28, -12.64, -29.56, 0.061156, 15, 25.35, -5.64, 0.713303, 17, 12.64, -21.2, 0.140593, 3, 11.9, -27.28, 0.084947, 4, 28, -6.64, -34.42, 0.076263, 15, 31.09, -0.47, 0.531788, 17, 19.7, -18.08, 0.269978, 3, 19.61, -27.72, 0.12197, 4, 28, -3.84, -20.88, 0.032051, 15, 18.14, 4.4, 0.741426, 17, 8.91, -9.41, 0.163078, 3, 13.98, -15.09, 0.063445, 1, 17, 20, -6.16, 1, 1, 17, 21.94, -2.88, 1, 1, 17, 18.98, 3.79, 1, 2, 3, 21.02, -3.19, 0.51, 17, 9.75, 4.39, 0.49, 4, 28, 15.42, -16.4, 0.100057, 3, 26.99, -0.21, 0.571236, 17, 13.7, 9.77, 0.282385, 15, 16.71, 24.12, 0.046322, 4, 28, 9.53, -7.9, 0.1, 3, 17.25, 3.26, 0.81, 17, 3.45, 8.4, 0.08, 15, 7.39, 19.62, 0.01, 4, 28, 5.26, -4.82, 0.2, 3, 11.99, 3.26, 0.68, 17, -1.23, 6, 0.11, 15, 3.7, 15.88, 0.01, 1, 28, 16.67, -5.02, 1, 1, 28, 32.35, 0.66, 1, 1, 28, 27.27, 4.79, 1, 1, 28, 13.97, 7.66, 1, 1, 28, 1.48, 8.04, 1, 4, 28, -8.5, 4.93, 0.183804, 3, -4.88, 3.14, 0.526889, 15, -8.07, 3.8, 0.222443, 17, -16.18, -1.81, 0.066864, 4, 28, -15, 10.04, 0.203233, 3, -13.14, 3.48, 0.358231, 15, -14.13, -1.83, 0.326163, 17, -23.69, -5.28, 0.112373, 4, 28, -19.72, 12.09, 0.204653, 15, -16.89, -6.18, 0.338735, 3, -18.17, 2.39, 0.325985, 17, -27.67, -8.55, 0.130626, 2, 3, 17.22, -2.67, 0.49, 17, 6.13, 3.11, 0.51, 2, 3, 13.16, -1.6, 0.51, 17, 2.03, 2.22, 0.49, 4, 28, -5.91, -4.22, 0.07, 3, 2.56, -2.78, 0.7, 15, 1.37, 4.94, 0.17, 17, -6.86, -3.67, 0.06, 2, 17, 4.21, -5.88, 0.75, 15, 12.57, 6.29, 0.25 ],
          "type": "mesh"
        }
      },
      "yezi01": {
        "yezi01": {
          "name": "yezi01",
          "width": 64,
          "height": 23,
          "x": 30.98,
          "y": -2.74,
          "rotation": -12.8
        }
      },
      "yezi081": {
        "yezi08": {
          "name": "yezi08",
          "width": 8,
          "height": 45,
          "x": 1.62,
          "y": -0.86,
          "rotation": -115.62,
          "scaleX": 0.9,
          "scaleY": 0.9
        }
      },
      "shanzi": {
        "shanzi1_01": {
          "name": "shanzi1_01",
          "width": 172,
          "height": 132,
          "hull": 8,
          "triangles": [ 4, 8, 5, 4, 5, 1, 7, 4, 1, 5, 8, 2, 0, 6, 4, 3, 8, 4, 6, 3, 4, 0, 4, 7 ],
          "uvs": [ 0.00301, -0.00013, 0.99709, -0.00013, 0.99709, 0.948, 0.00301, 0.93138, 0.4646, 0.49155, 0.99709, 0.50655, 0.00301, 0.49805, 0.47177, -0.00013, 0.46446, 0.93909 ],
          "edges": [ 0, 12, 2, 10, 2, 14, 4, 10, 4, 16, 6, 12, 6, 16, 14, 0 ],
          "vertices": [ -76.34, 49.25, 95.24, 49.25, 95.24, -75.91, -76.34, -73.71, 3.33, -15.66, 95.24, -17.64, -76.36, -16.51, 4.57, 49.25, 3.31, -74.73 ],
          "type": "mesh"
        }
      }
    }
  },"animations":{"newAnimation":{"bones":{"shanzi":{"translate":[{"time":0,"x":18.37,"y":50.32},{"time":1.6667,"x":18.37,"y":46.64},{"time":3.3334,"x":18.37,"y":50.32},{"time":4.3751,"x":18.37,"y":53.51},{"time":5.4168,"x":18.37,"y":50.32},{"time":6.8751,"x":18.37,"y":47.4},{"time":8.3751,"x":18.37,"y":50.32},{"time":9.2918,"x":18.37,"y":52.74},{"time":10.2085,"x":18.37,"y":50.32}]},"yezi01":{"rotate":[{"time":0,"angle":0},{"time":0.875,"curve":[0,0,0.5,1],"angle":-2.81},{"time":1.75,"angle":0},{"time":4.6667,"curve":[0,0,0.5,1],"angle":-2.81},{"time":5.625,"angle":0},{"time":8.2083,"curve":[0,0,0.5,1],"angle":-2.81},{"time":9.1666,"angle":0}],"shear":[{"time":0},{"time":0.875,"curve":[0,0,0.5,1]},{"time":1.75},{"time":4.6667,"curve":[0,0,0.5,1]},{"time":5.625},{"time":8.2083,"curve":[0,0,0.5,1]},{"time":9.1666}]},"yezi03":{"rotate":[{"time":0,"angle":0},{"time":0.4583,"angle":0},{"time":0.9166,"curve":[0,0,0.5,1],"angle":-1.84},{"time":1.3749,"curve":[0,0,0.5,1],"angle":0},{"time":1.7916,"curve":[0,0,0.5,1],"angle":-1.84},{"time":2.2499,"angle":0},{"time":4.2916,"angle":0},{"time":4.7499,"curve":[0,0,0.5,1],"angle":-1.84},{"time":5.2082,"curve":[0,0,0.5,1],"angle":0},{"time":5.6665,"curve":[0,0,0.5,1],"angle":-1.84},{"time":6.1248,"angle":0},{"time":7.7915,"angle":0},{"time":8.2498,"curve":[0,0,0.5,1],"angle":-1.84},{"time":8.7498,"curve":[0,0,0.5,1],"angle":0},{"time":9.2081,"curve":[0,0,0.5,1],"angle":-1.84},{"time":9.6664,"angle":0}],"shear":[{"time":0},{"time":0.4583},{"time":0.9166,"curve":[0,0,0.5,1]},{"time":1.3749,"curve":[0,0,0.5,1]},{"time":1.7916,"curve":[0,0,0.5,1]},{"time":2.2499},{"time":4.2916},{"time":4.7499,"curve":[0,0,0.5,1]},{"time":5.2082,"curve":[0,0,0.5,1]},{"time":5.6665,"curve":[0,0,0.5,1]},{"time":6.1248},{"time":7.7915},{"time":8.2498,"curve":[0,0,0.5,1]},{"time":8.7498,"curve":[0,0,0.5,1]},{"time":9.2081,"curve":[0,0,0.5,1]},{"time":9.6664}]},"yezi07":{"rotate":[{"time":0,"angle":0},{"time":0.5833,"angle":0},{"time":1.2916,"angle":-1.68},{"time":2.0416,"angle":0},{"time":2.7916,"angle":-2.43},{"time":4.3749,"angle":0},{"time":5.1249,"angle":-1.68},{"time":5.9166,"angle":0},{"time":7.8749,"angle":0},{"time":8.6666,"angle":-1.68},{"time":9.4583,"angle":0}],"shear":[{"time":0},{"time":0.5833},{"time":1.2916},{"time":2.0416},{"time":2.7916},{"time":4.3749},{"time":5.1249},{"time":5.9166},{"time":7.8749},{"time":8.6666},{"time":9.4583}]},"yezi04":{"rotate":[{"time":0,"angle":0},{"time":0.4583,"angle":0},{"time":0.9166,"angle":2.47},{"time":1.3749,"angle":0},{"time":1.7916,"angle":2.47},{"time":2.2499,"angle":0},{"time":4.2916,"angle":0},{"time":4.7499,"angle":2.47},{"time":5.2082,"angle":0},{"time":5.6665,"angle":2.47},{"time":6.1248,"angle":0},{"time":7.7915,"angle":0},{"time":8.2498,"angle":2.47},{"time":8.7498,"angle":0},{"time":9.2081,"angle":2.47},{"time":9.6664,"angle":0}],"shear":[{"time":0},{"time":0.4583},{"time":0.9166},{"time":1.3749},{"time":1.7916},{"time":2.2499},{"time":4.2916},{"time":4.7499},{"time":5.2082},{"time":5.6665},{"time":6.1248},{"time":7.7915},{"time":8.2498},{"time":8.7498},{"time":9.2081},{"time":9.6664}]},"yezi043":{"rotate":[{"time":0,"angle":0},{"time":0.7083,"angle":0},{"time":1.1666,"angle":4.93},{"time":1.6249,"angle":0},{"time":2.0416,"angle":3.28},{"time":2.4999,"angle":0},{"time":4.5416,"angle":0},{"time":4.9999,"angle":4.93},{"time":5.4582,"angle":0},{"time":5.9165,"angle":3.28},{"time":6.3748,"angle":0},{"time":8.0415,"angle":0},{"time":8.4998,"angle":4.93},{"time":8.9998,"angle":0},{"time":9.4581,"angle":3.28},{"time":9.9581,"angle":0}],"shear":[{"time":0},{"time":0.7083},{"time":1.1666},{"time":1.6249},{"time":2.0416},{"time":2.4999},{"time":4.5416},{"time":4.9999},{"time":5.4582},{"time":5.9165},{"time":6.3748},{"time":8.0415},{"time":8.4998},{"time":8.9998},{"time":9.4581},{"time":9.9581}]},"yezi02":{"rotate":[{"time":0,"angle":0},{"time":0.875,"curve":[0,0,0.5,1],"angle":-4.64},{"time":1.75,"angle":0},{"time":4.6667,"curve":[0,0,0.5,1],"angle":-4.64},{"time":5.625,"angle":0},{"time":8.2083,"curve":[0,0,0.5,1],"angle":-4.64},{"time":9.1666,"angle":0}],"shear":[{"time":0},{"time":0.875,"curve":[0,0,0.5,1]},{"time":1.75},{"time":4.6667,"curve":[0,0,0.5,1]},{"time":5.625},{"time":8.2083,"curve":[0,0,0.5,1]},{"time":9.1666}]},"yezi052":{"rotate":[{"time":0,"angle":0},{"time":0.4583,"angle":0},{"time":0.9166,"angle":1.53},{"time":1.3749,"angle":0},{"time":1.7916,"angle":1.52},{"time":2.2499,"angle":0},{"time":4.2916,"angle":0},{"time":4.7499,"angle":1.53},{"time":5.2082,"angle":0},{"time":5.6665,"angle":1.52},{"time":6.1248,"angle":0},{"time":7.7915,"angle":0},{"time":8.2498,"angle":1.53},{"time":8.7498,"angle":0},{"time":9.2081,"angle":1.52},{"time":9.6664,"angle":0}],"shear":[{"time":0},{"time":0.4583},{"time":0.9166},{"time":1.3749},{"time":1.7916},{"time":2.2499},{"time":4.2916},{"time":4.7499},{"time":5.2082},{"time":5.6665},{"time":6.1248},{"time":7.7915},{"time":8.2498},{"time":8.7498},{"time":9.2081},{"time":9.6664}]},"yezi033":{"rotate":[{"time":0,"angle":0},{"time":0.4583,"angle":0},{"time":0.9166,"angle":-3.89},{"time":1.3749,"angle":0},{"time":1.7916,"angle":-2.89},{"time":2.2499,"angle":0},{"time":4.2916,"angle":0},{"time":4.7499,"angle":-3.89},{"time":5.2082,"angle":0},{"time":5.6665,"angle":-2.89},{"time":6.1248,"angle":0},{"time":7.7915,"angle":0},{"time":8.2498,"angle":-3.89},{"time":8.7498,"angle":0},{"time":9.2081,"angle":-2.89},{"time":9.6664,"angle":0}],"shear":[{"time":0},{"time":0.4583},{"time":0.9166},{"time":1.3749},{"time":1.7916},{"time":2.2499},{"time":4.2916},{"time":4.7499},{"time":5.2082},{"time":5.6665},{"time":6.1248},{"time":7.7915},{"time":8.2498},{"time":8.7498},{"time":9.2081},{"time":9.6664}]},"yezi032":{"rotate":[{"time":0,"angle":0},{"time":0.4583,"angle":0},{"time":0.9166,"angle":1.16},{"time":1.3749,"angle":0},{"time":1.7916,"angle":-0.65},{"time":2.2499,"angle":0},{"time":4.2916,"angle":0},{"time":4.7499,"angle":1.16},{"time":5.2082,"angle":0},{"time":5.6665,"angle":-0.65},{"time":6.1248,"angle":0},{"time":7.7915,"angle":0},{"time":8.2498,"angle":1.16},{"time":8.7498,"angle":0},{"time":9.2081,"angle":-0.65},{"time":9.6664,"angle":0}],"shear":[{"time":0},{"time":0.4583},{"time":0.9166},{"time":1.3749},{"time":1.7916},{"time":2.2499},{"time":4.2916},{"time":4.7499},{"time":5.2082},{"time":5.6665},{"time":6.1248},{"time":7.7915},{"time":8.2498},{"time":8.7498},{"time":9.2081},{"time":9.6664}]},"yezi041":{"rotate":[{"time":0,"angle":0},{"time":0.4583,"angle":0},{"time":0.9166,"angle":-0.57},{"time":1.3749,"angle":0},{"time":1.7916,"angle":-0.57},{"time":2.2499,"angle":0},{"time":4.2916,"angle":0},{"time":4.7499,"angle":-0.57},{"time":5.2082,"angle":0},{"time":5.6665,"angle":-0.57},{"time":6.1248,"angle":0},{"time":7.7915,"angle":0},{"time":8.2498,"angle":-0.57},{"time":8.7498,"angle":0},{"time":9.2081,"angle":-0.57},{"time":9.6664,"angle":0}],"shear":[{"time":0},{"time":0.4583},{"time":0.9166},{"time":1.3749},{"time":1.7916},{"time":2.2499},{"time":4.2916},{"time":4.7499},{"time":5.2082},{"time":5.6665},{"time":6.1248},{"time":7.7915},{"time":8.2498},{"time":8.7498},{"time":9.2081},{"time":9.6664}]},"yezi071":{"rotate":[{"time":0,"angle":0},{"time":1.25,"angle":0},{"time":2,"angle":-5.78},{"time":2.75,"angle":0},{"time":5.0833,"angle":0},{"time":5.875,"angle":-5.78},{"time":6.625,"angle":0},{"time":8.625,"angle":0},{"time":9.4167,"angle":-5.78},{"time":10.2084,"angle":0}],"shear":[{"time":0},{"time":1.25},{"time":2},{"time":2.75},{"time":5.0833},{"time":5.875},{"time":6.625},{"time":8.625},{"time":9.4167},{"time":10.2084}]},"yezi072":{"rotate":[{"time":0,"angle":0},{"time":1.25,"angle":0},{"time":2,"angle":-3.68},{"time":2.75,"angle":0},{"time":5.0833,"angle":0},{"time":5.875,"angle":-3.68},{"time":6.625,"angle":0},{"time":8.625,"angle":0},{"time":9.4167,"angle":-3.68},{"time":10.2084,"angle":0}],"shear":[{"time":0},{"time":1.25},{"time":2},{"time":2.75},{"time":5.0833},{"time":5.875},{"time":6.625},{"time":8.625},{"time":9.4167},{"time":10.2084}]},"yezi073":{"rotate":[{"time":0,"angle":0},{"time":1.25,"angle":0},{"time":2,"angle":-4.16},{"time":2.75,"angle":0},{"time":5.0833,"angle":0},{"time":5.875,"angle":-4.16},{"time":6.625,"angle":0},{"time":8.625,"angle":0},{"time":9.4167,"angle":-4.16},{"time":10.2084,"angle":0}],"shear":[{"time":0},{"time":1.25},{"time":2},{"time":2.75},{"time":5.0833},{"time":5.875},{"time":6.625},{"time":8.625},{"time":9.4167},{"time":10.2084}]},"yezi05":{"rotate":[{"time":0,"angle":0},{"time":0.4583,"angle":0},{"time":0.9166,"angle":0.86},{"time":1.3749,"angle":0},{"time":1.7916,"angle":0.86},{"time":2.2499,"angle":0},{"time":4.2916,"angle":0},{"time":4.7499,"angle":0.86},{"time":5.2082,"angle":0},{"time":5.6665,"angle":0.86},{"time":6.1248,"angle":0},{"time":7.7915,"angle":0},{"time":8.2498,"angle":0.86},{"time":8.7498,"angle":0},{"time":9.2081,"angle":0.86},{"time":9.6664,"angle":0}],"shear":[{"time":0},{"time":0.4583},{"time":0.9166},{"time":1.3749},{"time":1.7916},{"time":2.2499},{"time":4.2916},{"time":4.7499},{"time":5.2082},{"time":5.6665},{"time":6.1248},{"time":7.7915},{"time":8.2498},{"time":8.7498},{"time":9.2081},{"time":9.6664}]},"yezi044":{"rotate":[{"time":0,"angle":0},{"time":0.7083,"angle":0},{"time":1.1666,"angle":-9.72},{"time":1.6249,"angle":0},{"time":2.0416,"angle":-5.5},{"time":2.4999,"angle":0},{"time":4.5416,"angle":0},{"time":4.9999,"angle":-9.72},{"time":5.4582,"angle":0},{"time":5.9165,"angle":-5.5},{"time":6.3748,"angle":0},{"time":8.0415,"angle":0},{"time":8.4998,"angle":-9.72},{"time":8.9998,"angle":0},{"time":9.4581,"angle":-5.5},{"time":9.9581,"angle":0}],"shear":[{"time":0},{"time":0.7083},{"time":1.1666},{"time":1.6249},{"time":2.0416},{"time":2.4999},{"time":4.5416},{"time":4.9999},{"time":5.4582},{"time":5.9165},{"time":6.3748},{"time":8.0415},{"time":8.4998},{"time":8.9998},{"time":9.4581},{"time":9.9581}]},"yezi045":{"rotate":[{"time":0,"angle":0},{"time":0.7083,"angle":0},{"time":1.1666,"angle":-1.26},{"time":1.6249,"angle":0},{"time":2.0416,"angle":-1.26},{"time":2.4999,"angle":0},{"time":4.5416,"angle":0},{"time":4.9999,"angle":-1.26},{"time":5.4582,"angle":0},{"time":5.9165,"angle":-1.26},{"time":6.3748,"angle":0},{"time":8.0415,"angle":0},{"time":8.4998,"angle":-1.26},{"time":8.9998,"angle":0},{"time":9.4581,"angle":-1.26},{"time":9.9581,"angle":0}],"shear":[{"time":0},{"time":0.7083},{"time":1.1666},{"time":1.6249},{"time":2.0416},{"time":2.4999},{"time":4.5416},{"time":4.9999},{"time":5.4582},{"time":5.9165},{"time":6.3748},{"time":8.0415},{"time":8.4998},{"time":8.9998},{"time":9.4581},{"time":9.9581}]},"yezi046":{"rotate":[{"time":0,"angle":0},{"time":0.7083,"angle":0},{"time":1.1666,"angle":-1.76},{"time":1.6249,"angle":0},{"time":2.0416,"angle":-1.76},{"time":2.4999,"angle":0},{"time":4.5416,"angle":0},{"time":4.9999,"angle":-1.76},{"time":5.4582,"angle":0},{"time":5.9165,"angle":-1.76},{"time":6.3748,"angle":0},{"time":8.0415,"angle":0},{"time":8.4998,"angle":-1.76},{"time":8.9998,"angle":0},{"time":9.4581,"angle":-1.76},{"time":9.9581,"angle":0}],"shear":[{"time":0},{"time":0.7083},{"time":1.1666},{"time":1.6249},{"time":2.0416},{"time":2.4999},{"time":4.5416},{"time":4.9999},{"time":5.4582},{"time":5.9165},{"time":6.3748},{"time":8.0415},{"time":8.4998},{"time":8.9998},{"time":9.4581},{"time":9.9581}]},"yezi031":{"rotate":[{"time":0,"angle":0},{"time":0.4583,"angle":0},{"time":0.9166,"angle":-0.21},{"time":1.3749,"angle":0},{"time":1.7916,"angle":-0.21},{"time":2.2499,"angle":0},{"time":4.2916,"angle":0},{"time":4.7499,"angle":-0.21},{"time":5.2082,"angle":0},{"time":5.6665,"angle":-0.21},{"time":6.1248,"angle":0},{"time":7.7915,"angle":0},{"time":8.2498,"angle":-0.21},{"time":8.7498,"angle":0},{"time":9.2081,"angle":-0.21},{"time":9.6664,"angle":0}],"shear":[{"time":0},{"time":0.4583},{"time":0.9166},{"time":1.3749},{"time":1.7916},{"time":2.2499},{"time":4.2916},{"time":4.7499},{"time":5.2082},{"time":5.6665},{"time":6.1248},{"time":7.7915},{"time":8.2498},{"time":8.7498},{"time":9.2081},{"time":9.6664}]},"yezi021":{"rotate":[{"time":0,"angle":0},{"time":0.875,"angle":2.34},{"time":1.75,"angle":0},{"time":4.6667,"angle":2.34},{"time":5.625,"angle":0},{"time":8.2083,"angle":2.34},{"time":9.1666,"angle":0}],"shear":[{"time":0},{"time":0.875},{"time":1.75},{"time":4.6667},{"time":5.625},{"time":8.2083},{"time":9.1666}]},"yezi022":{"rotate":[{"time":0,"angle":0},{"time":0.875,"angle":-4.98},{"time":1.75,"angle":0},{"time":4.6667,"angle":-4.98},{"time":5.625,"angle":0},{"time":8.2083,"angle":-4.98},{"time":9.1666,"angle":0}],"shear":[{"time":0},{"time":0.875},{"time":1.75},{"time":4.6667},{"time":5.625},{"time":8.2083},{"time":9.1666}]},"yezi047":{"rotate":[{"time":0,"angle":0},{"time":0.7083,"angle":0},{"time":1.1666,"angle":-1.4},{"time":1.6249,"angle":0},{"time":2.0416,"angle":-1.4},{"time":2.4999,"angle":0},{"time":4.5416,"angle":0},{"time":4.9999,"angle":-1.4},{"time":5.4582,"angle":0},{"time":5.9165,"angle":-1.4},{"time":6.3748,"angle":0},{"time":8.0415,"angle":0},{"time":8.4998,"angle":-1.4},{"time":8.9998,"angle":0},{"time":9.4581,"angle":-1.4},{"time":9.9581,"angle":0}],"shear":[{"time":0},{"time":0.7083},{"time":1.1666},{"time":1.6249},{"time":2.0416},{"time":2.4999},{"time":4.5416},{"time":4.9999},{"time":5.4582},{"time":5.9165},{"time":6.3748},{"time":8.0415},{"time":8.4998},{"time":8.9998},{"time":9.4581},{"time":9.9581}]},"yezi051":{"rotate":[{"time":0,"angle":0},{"time":0.4583,"angle":0},{"time":0.9166,"angle":0.08},{"time":1.3749,"angle":0},{"time":1.7916,"angle":0.08},{"time":2.2499,"angle":0},{"time":4.2916,"angle":0},{"time":4.7499,"angle":0.08},{"time":5.2082,"angle":0},{"time":5.6665,"angle":0.08},{"time":6.1248,"angle":0},{"time":7.7915,"angle":0},{"time":8.2498,"angle":0.08},{"time":8.7498,"angle":0},{"time":9.2081,"angle":0.08},{"time":9.6664,"angle":0}],"shear":[{"time":0},{"time":0.4583},{"time":0.9166},{"time":1.3749},{"time":1.7916},{"time":2.2499},{"time":4.2916},{"time":4.7499},{"time":5.2082},{"time":5.6665},{"time":6.1248},{"time":7.7915},{"time":8.2498},{"time":8.7498},{"time":9.2081},{"time":9.6664}]},"yezi042":{"rotate":[{"time":0,"angle":0},{"time":0.4583,"angle":0},{"time":0.9166,"angle":-0.24},{"time":1.3749,"angle":0},{"time":1.7916,"angle":-0.24},{"time":2.2499,"angle":0},{"time":4.2916,"angle":0},{"time":4.7499,"angle":-0.24},{"time":5.2082,"angle":0},{"time":5.6665,"angle":-0.24},{"time":6.1248,"angle":0},{"time":7.7915,"angle":0},{"time":8.2498,"angle":-0.24},{"time":8.7498,"angle":0},{"time":9.2081,"angle":-0.24},{"time":9.6664,"angle":0}],"shear":[{"time":0},{"time":0.4583},{"time":0.9166},{"time":1.3749},{"time":1.7916},{"time":2.2499},{"time":4.2916},{"time":4.7499},{"time":5.2082},{"time":5.6665},{"time":6.1248},{"time":7.7915},{"time":8.2498},{"time":8.7498},{"time":9.2081},{"time":9.6664}]},"yezi053":{"rotate":[{"time":0,"angle":0},{"time":0.4583,"angle":0},{"time":0.9166,"angle":-2.73},{"time":1.3749,"angle":0},{"time":1.7916,"angle":-2.32},{"time":2.2499,"angle":0},{"time":4.2916,"angle":0},{"time":4.7499,"angle":-2.73},{"time":5.2082,"angle":0},{"time":5.6665,"angle":-2.32},{"time":6.1248,"angle":0},{"time":7.7915,"angle":0},{"time":8.2498,"angle":-2.73},{"time":8.7498,"angle":0},{"time":9.2081,"angle":-2.32},{"time":9.6664,"angle":0}],"shear":[{"time":0},{"time":0.4583},{"time":0.9166},{"time":1.3749},{"time":1.7916},{"time":2.2499},{"time":4.2916},{"time":4.7499},{"time":5.2082},{"time":5.6665},{"time":6.1248},{"time":7.7915},{"time":8.2498},{"time":8.7498},{"time":9.2081},{"time":9.6664}]},"yezi075":{"rotate":[{"time":0,"angle":0},{"time":1.25,"angle":0},{"time":2.0417,"angle":-4.18},{"time":2.75,"angle":0},{"time":5.0833,"angle":0},{"time":5.9166,"angle":-4.18},{"time":6.6249,"angle":0},{"time":8.6249,"angle":0},{"time":9.4582,"angle":-4.18},{"time":10.2082,"angle":0}],"shear":[{"time":0},{"time":1.25},{"time":2.0417},{"time":2.75},{"time":5.0833},{"time":5.9166},{"time":6.6249},{"time":8.6249},{"time":9.4582},{"time":10.2082}]},"yezi076":{"rotate":[{"time":0,"angle":0},{"time":1.25,"angle":0},{"time":2.0417,"angle":-3.37},{"time":2.75,"angle":0},{"time":5.0833,"angle":0},{"time":5.9166,"angle":-3.37},{"time":6.6249,"angle":0},{"time":8.6249,"angle":0},{"time":9.4582,"angle":-3.37},{"time":10.2082,"angle":0}],"shear":[{"time":0},{"time":1.25},{"time":2.0417},{"time":2.75},{"time":5.0833},{"time":5.9166},{"time":6.6249},{"time":8.6249},{"time":9.4582},{"time":10.2082}]},"yezi06":{"rotate":[{"time":0,"angle":0},{"time":0.4583,"angle":0},{"time":1.125,"angle":-1.06},{"time":1.75,"angle":0},{"time":4.2917,"angle":0},{"time":4.9584,"angle":-1.06},{"time":5.6251,"angle":0},{"time":7.7918,"angle":0},{"time":8.4585,"angle":-1.06},{"time":9.1668,"angle":0}],"shear":[{"time":0},{"time":0.4583},{"time":1.125},{"time":1.75},{"time":4.2917},{"time":4.9584},{"time":5.6251},{"time":7.7918},{"time":8.4585},{"time":9.1668}]},"yezi08":{"translate":[{"time":0,"x":20.73,"y":42.77},{"time":1.6667,"x":-15.7,"y":-46.19},{"time":4.7084,"x":20.73,"y":42.77},{"time":6.3751,"x":13.83,"y":-46.19},{"time":8.5001,"x":20.73,"y":42.77},{"time":10.1668,"x":-9.15,"y":-46.19}],"rotate":[{"time":0,"angle":0},{"time":1.6667,"angle":46.76},{"time":4.7084,"angle":0},{"time":6.3751,"angle":150},{"time":8.5001,"angle":0},{"time":10.1668,"angle":150}],"shear":[{"time":0},{"time":1.6667},{"time":4.7084},{"time":6.3751},{"time":8.5001},{"time":10.1668}]},"yezi081":{"translate":[{"time":0,"x":-36.66,"y":4.43},{"time":2.3333,"x":-29.99,"y":7.18},{"time":4.8333,"x":48.34,"y":-111.74},{"time":5.2083,"x":36.64,"y":-94.06},{"time":7.5,"x":-31.89,"y":9.55},{"time":9.9583,"x":24.49,"y":-111.74}],"rotate":[{"time":0,"angle":77.71},{"time":2.3333,"angle":79.86},{"time":3.625,"angle":-42.28},{"time":4.8333,"angle":-180},{"time":7.5,"angle":79.86},{"time":9.9583,"angle":-180}],"shear":[{"time":0},{"time":2.3333},{"time":3.625},{"time":4.8333},{"time":7.5},{"time":9.9583}]},"yezi09":{"translate":[{"time":0,"x":-163.52,"y":3.81},{"time":1.2917,"x":-93.2,"y":3.81},{"time":3.1667,"x":-109.2,"y":-80.94},{"time":5.8334,"x":-93.2,"y":3.81},{"time":7.7501,"x":-80.1,"y":-83.54}],"rotate":[{"time":0,"angle":-69.05},{"time":1.2917,"angle":-69.05},{"time":3.1667,"angle":-163.67},{"time":5.8334,"angle":-69.05},{"time":7.7501,"angle":-5.51}],"shear":[{"time":0},{"time":1.2917},{"time":3.1667},{"time":5.8334},{"time":7.7501}]},"saoguang100":{"translate":[{"time":0,"x":2.39,"y":-2.16}]}},"slots":{"yezi08":{"color":[{"time":0,"color":"FFFFFFFF"},{"time":0.9167,"color":"FFFFFFFF"},{"time":1.7084,"color":"FFFFFF00"},{"time":4.6251,"color":"FFFFFF00"},{"time":4.7084,"color":"FFFFFFFF"},{"time":5.6251,"color":"FFFFFFFF"},{"time":6.4168,"color":"FFFFFF00"},{"time":8.4168,"color":"FFFFFF00"},{"time":8.5001,"color":"FFFFFFFF"},{"time":9.4168,"color":"FFFFFFFF"},{"time":10.2085,"color":"FFFFFF00"}]},"yezi081":{"color":[{"time":0,"color":"FFFFFF00"},{"time":2.25,"color":"FFFFFF00"},{"time":2.3333,"color":"FFFFFFFF"},{"time":3.625,"color":"FFFFFFFF"},{"time":4.8333,"color":"FFFFFF00"},{"time":7.4166,"color":"FFFFFF00"},{"time":7.4999,"color":"FFFFFFFF"},{"time":8.5832,"color":"FFFFFFFF"},{"time":9.9582,"color":"FFFFFF00"}]},"yezi09":{"color":[{"time":0,"color":"FFFFFF00"},{"time":1.25,"color":"FFFFFF00"},{"time":1.2917,"color":"FFFFFFFF"},{"time":3.1667,"color":"FFFFFFFF"},{"time":3.2084,"color":"FFFFFF00"},{"time":5.7917,"color":"FFFFFF00"},{"time":5.8334,"color":"FFFFFFFF"}]},"saoguang100":{"attachment":[{"time":0,"name":"saoguang100"},{"time":0.0417,"name":"saoguang102"},{"time":0.0834,"name":"saoguang104"},{"time":0.1251,"name":"saoguang106"},{"time":0.1668,"name":"saoguang108"},{"time":0.2085,"name":"saoguang110"},{"time":0.2502,"name":"saoguang112"},{"time":0.2919,"name":"saoguang114"},{"time":0.3336,"name":"saoguang116"},{"time":0.3753,"name":"saoguang118"},{"time":0.417,"name":"saoguang120"},{"time":0.4587,"name":"saoguang122"},{"time":0.5004,"name":"saoguang124"},{"time":0.5421,"name":"saoguang126"},{"time":0.5838,"name":"saoguang128"},{"time":0.6255,"name":"saoguang130"},{"time":0.6672,"name":"saoguang132"},{"time":0.7089,"name":"saoguang134"},{"time":0.7506,"name":"saoguang136"},{"time":0.7923,"name":"saoguang138"}],"color":[{"time":0,"color":"FFFFFFFF"},{"time":0.8333,"color":"FFFFFFFF"},{"time":0.875,"color":"FFFFFF00"}]}},"deform":{"default":{"shanzi":{"shanzi1_01":[{"time":0,"offset":6,"vertices":[0.81]},{"time":1.6667,"vertices":[-8.18,-2.21,21.37,-17.54,0.69,-3.96,0.43,6.73,-0.28,-9.52,12.09,-14.47,-5.33,-4.29,-0.1,-8.91]},{"time":3.3334,"offset":6,"vertices":[0.81]},{"time":4.3751,"vertices":[9.5,-12.33,-10.53,-19.37,-6.17,4.08,0.81,0,-0.17,-3.15,-9.29,-5.92,7.33,0.66,-2.44,-17.74,-2.36,-1.96]},{"time":5.4168,"offset":6,"vertices":[0.81]},{"time":6.8751,"vertices":[-8.18,-2.21,21.37,-17.54,0.69,-3.96,0.43,6.73,-0.28,-9.52,12.09,-14.47,-5.33,-4.29,-0.1,-8.91]},{"time":8.3751,"offset":6,"vertices":[0.81]},{"time":9.2918,"vertices":[9.5,-12.33,-10.53,-19.37,-6.17,4.08,0.81,0,-0.17,-3.15,-9.29,-5.92,7.33,0.66,-2.44,-17.74,-2.36,-1.96]},{"time":10.2085,"offset":6,"vertices":[0.81]}]}}}}}}