{
  "skeleton": {
    "width": 268,
    "height": 217.7,
    "fps": 24,
    "hash": " ",
    "spine": " ",
    "name": "sg_effect_hall2"
  },
  "bones": [

    { "name": "root" },
    {
      "x": -13.497,
      "y": -46.8105,
      "rotation": -6.2275,
      "name": "yinbi",
      "parent": "root"
    },
    {
      "x": 67.716,
      "y": -13.068,
      "name": "yezi2",
      "parent": "root"
    },
    {
      "length": 9,
      "x": -10.593,
      "y": 55.3905,
      "rotation": 86.3924,
      "name": "yezi1",
      "parent": "root"
    },
    {
      "x": 8.4166,
      "y": 72.6796,
      "name": "huaban",
      "parent": "root"
    },
    {
      "x": 50.0353,
      "y": -40.021,
      "name": "glow",
      "parent": "root"
    },
    {
      "length": 7,
      "x": -14.3385,
      "y": 55.539,
      "rotation": 142.4528,
      "name": "yezi11",
      "parent": "root"
    },
    {
      "x": -90.8824,
      "y": -9.5162,
      "name": "huaban2",
      "parent": "root"
    },
    {
      "length": 33,
      "x": 3.465,
      "y": -49.038,
      "rotation": 74.0662,
      "name": "shugan",
      "parent": "root"
    },
    {
      "x": 88.671,
      "y": 14.2065,
      "name": "huaban21",
      "parent": "root"
    },
    {
      "x": 30.04,
      "y": -51.3352,
      "name": "glow2",
      "parent": "root"
    },
    {
      "x": -0.6035,
      "y": -54.3913,
      "name": "glow1",
      "parent": "root"
    },
    {
      "x": 0.7582,
      "y": -76.7495,
      "scaleX": 2,
      "scaleY": 2,
      "name": "saoguang2_00",
      "parent": "root"
    },
    {
      "length": 35,
      "x": 44.577,
      "y": 2.5339,
      "rotation": 19.1561,
      "name": "shugan1",
      "parent": "shugan"
    },
    {
      "length": 38,
      "x": 34.0044,
      "y": 15.405,
      "rotation": 76.3537,
      "name": "shugan5",
      "parent": "shugan"
    },
    {
      "x": 70.1571,
      "y": 17.89,
      "rotation": -150.4199,
      "name": "hua1",
      "parent": "shugan5"
    },
    {
      "length": 33,
      "x": -26.9278,
      "y": -6.2843,
      "rotation": -31.1343,
      "name": "shugan2",
      "parent": "shugan1"
    },
    {
      "length": 28,
      "x": 46.8634,
      "y": -1.6143,
      "rotation": 40.2491,
      "name": "shugan3",
      "parent": "shugan2"
    },
    {
      "length": 39,
      "x": 39.7741,
      "y": 3.6982,
      "rotation": 18.4847,
      "name": "shugan4",
      "parent": "shugan3"
    },
    {
      "x": 25.9963,
      "y": -19.0626,
      "rotation": -102.3371,
      "name": "hua2",
      "parent": "shugan3"
    },
    {
      "x": 39.9925,
      "y": 0.0793,
      "rotation": -120.8218,
      "name": "hua3",
      "parent": "shugan4"
    }
  ],
  "slots": [

    {
      "name": "shugan",
      "bone": "root",
      "attachment": "shugan"
    },
    {
      "name": "yezi1",
      "bone": "root",
      "attachment": "yezi1"
    },
    {
      "name": "yezi2",
      "bone": "yezi2",
      "attachment": "yezi2"
    },
    {
      "name": "huaban",
      "bone": "huaban",
      "attachment": "huaban"
    },
    {
      "name": "huaban2",
      "bone": "huaban2",
      "attachment": "huaban2"
    },
    {
      "name": "huaban21",
      "bone": "huaban21",
      "attachment": "huaban2"
    },
    {
      "name": "hua2",
      "bone": "hua2",
      "attachment": "hua2"
    },
    {
      "name": "hua1",
      "bone": "hua1",
      "attachment": "hua1"
    },
    {
      "name": "hua3",
      "bone": "hua3",
      "attachment": "hua3"
    },
    {
      "name": "shanzi",
      "bone": "yinbi"
    },
    {
      "name": "yinbi",
      "bone": "root",
      "attachment": "yinbi"
    },
    {
      "name": "glow",
      "bone": "glow",
      "color": "0061FFFF",
      "blend": "additive",
      "attachment": "glow"
    },
    {
      "name": "glow1",
      "bone": "glow1",
      "color": "004FFFFF",
      "blend": "additive",
      "attachment": "glow"
    },
    {
      "name": "glow2",
      "bone": "glow2",
      "color": "007AFFFF",
      "blend": "additive",
      "attachment": "glow"
    },
    {
      "name": "5",
      "bone": "root",
      "attachment": "5"
    },
    {
      "name": "saoguang2_00",
      "bone": "saoguang2_00",
      "blend": "additive"
    }
  ],
  "skins": 
  {
    "default": {
      "5": {
        "5": {
          "name": "5",
          "width": 268,
          "height": 77,
          "x": 14.66,
          "y": -80.54
        }
      },
      "hua1": {
        "hua1": {
          "name": "hua1",
          "width": 66,
          "height": 79,
          "x": 0.13,
          "y": -8.25
        }
      },
      "huaban21": {
        "huaban2": {
          "name": "huaban2",
          "width": 13,
          "height": 18,
          "x": 0.16,
          "y": -0.45,
          "rotation": -76.57
        }
      },
      "glow1": {
        "glow": {
          "name": "glow",
          "width": 31,
          "height": 27,
          "x": 0.12,
          "y": 0.89
        }
      },
      "huaban2": {
        "huaban2": {
          "name": "huaban2",
          "width": 13,
          "height": 18,
          "x": 0.69,
          "y": 0.14,
          "rotation": 176.35
        }
      },
      "glow": {
        "glow": {
          "name": "glow",
          "width": 31,
          "height": 27,
          "x": 0.04,
          "y": 1.52
        }
      },
      "yinbi": {
        "yinbi": {
          "name": "yinbi",
          "width": 90,
          "height": 47,
          "x": 27.89,
          "y": -50.55,
          "rotation": -6.23
        }
      },
      "yezi2": {
        "yezi2": {
          "name": "yezi2",
          "width": 23,
          "height": 11,
          "x": 6.87,
          "y": -0.71
        }
      },
      "hua3": {
        "hua3": {
          "name": "hua3",
          "width": 28,
          "height": 36,
          "x": 0.79,
          "y": -4.47
        }
      },
      "shugan": {
        "shugan": {
          "name": "shugan",
          "width": 191,
          "height": 165,
          "hull": 66,
          "triangles": [ 9, 7, 8, 9, 6, 7, 10, 5, 9, 5, 6, 9, 13, 11, 12, 10, 4, 5, 30, 11, 13, 29, 30, 13, 14, 29, 13, 15, 28, 14, 28, 29, 14, 16, 28, 15, 30, 10, 11, 31, 4, 10, 30, 31, 10, 18, 26, 17, 17, 27, 16, 27, 28, 16, 2, 0, 1, 31, 3, 4, 26, 27, 17, 31, 43, 3, 3, 0, 2, 25, 26, 18, 19, 25, 18, 43, 62, 3, 62, 0, 3, 61, 62, 43, 42, 31, 32, 33, 41, 32, 41, 42, 32, 40, 41, 36, 24, 25, 19, 34, 36, 33, 36, 41, 33, 42, 43, 31, 37, 39, 36, 39, 40, 36, 20, 24, 19, 35, 36, 34, 62, 63, 0, 20, 23, 24, 38, 39, 37, 44, 61, 43, 63, 65, 0, 60, 61, 44, 45, 60, 44, 22, 23, 20, 21, 22, 20, 46, 60, 45, 59, 60, 46, 64, 65, 63, 47, 59, 46, 47, 58, 59, 48, 58, 47, 57, 58, 48, 49, 57, 48, 50, 57, 49, 50, 56, 57, 51, 56, 50, 52, 55, 51, 51, 55, 56, 52, 53, 55, 53, 54, 55 ],
          "uvs": [ 0.51231, 1, 0.71307, 0.9789, 0.69198, 0.8459, 0.67297, 0.8191, 0.72012, 0.6885, 0.78638, 0.7071, 0.84456, 0.7235, 0.938, 0.7036, 0.94592, 0.6255, 0.88775, 0.6103, 0.75928, 0.6278, 0.7783, 0.5858, 0.81262, 0.5357, 0.7924, 0.5018, 0.78431, 0.4249, 0.7764, 0.3713, 0.72915, 0.3374, 0.71109, 0.2767, 0.68992, 0.1344, 0.59156, 0.0387, 0.49423, 0, 0.38685, 0, 0.41188, 0.0329, 0.45603, 0.0586, 0.50327, 0.1379, 0.58158, 0.1962, 0.61763, 0.2557, 0.62366, 0.321, 0.6789, 0.3933, 0.70704, 0.4703, 0.70197, 0.5426, 0.63269, 0.6115, 0.65077, 0.489, 0.63373, 0.3945, 0.59061, 0.3303, 0.55843, 0.3163, 0.56549, 0.3618, 0.53434, 0.356, 0.50327, 0.356, 0.48614, 0.4132, 0.50422, 0.4762, 0.53338, 0.5111, 0.55146, 0.566, 0.53536, 0.6383, 0.49621, 0.6185, 0.47711, 0.5695, 0.43098, 0.5461, 0.34864, 0.5263, 0.32858, 0.4692, 0.26835, 0.4295, 0.17197, 0.4225, 0.05761, 0.433, 0.01139, 0.4668, 0.00262, 0.5006, 0.00262, 0.5555, 0.02947, 0.5438, 0.09271, 0.5473, 0.19709, 0.5648, 0.28143, 0.6103, 0.36774, 0.6196, 0.42702, 0.6546, 0.47126, 0.6931, 0.45809, 0.7549, 0.37178, 0.8354, 0.28952, 0.9275, 0.31663, 1 ],
          "edges": [ 0, 2, 2, 4, 4, 6, 6, 8, 8, 10, 10, 12, 12, 14, 14, 16, 16, 18, 18, 20, 20, 22, 22, 24, 24, 26, 26, 28, 28, 30, 30, 32, 32, 34, 34, 36, 36, 38, 38, 40, 40, 42, 42, 44, 44, 46, 46, 48, 48, 50, 50, 52, 52, 54, 54, 56, 56, 58, 58, 60, 60, 62, 62, 64, 64, 66, 66, 68, 68, 70, 70, 72, 72, 74, 74, 76, 76, 78, 78, 80, 80, 82, 82, 84, 84, 86, 86, 88, 88, 90, 90, 92, 92, 94, 94, 96, 96, 98, 98, 100, 100, 102, 102, 104, 104, 106, 106, 108, 108, 110, 110, 112, 112, 114, 114, 116, 116, 118, 118, 120, 120, 122, 122, 124, 124, 126, 126, 128, 128, 130, 130, 0 ],
          "vertices": [ 1, 8, -17.91, -1.6, 1, 1, 8, -3.99, -37.67, 1, 1, 8, 15.99, -27.75, 1, 4, 8, 19.25, -23.03, 0.163015, 16, 0.33, -10.97, 0.719189, 13, -32.31, -15.84, 0.066777, 14, -40.84, 5.27, 0.051019, 1, 16, 23.6, -8.87, 1, 1, 16, 26.84, -21.53, 1, 1, 16, 29.67, -32.66, 1, 1, 16, 40.96, -46.96, 1, 1, 16, 53.06, -42.27, 1, 1, 16, 50.05, -31.23, 1, 1, 16, 35.97, -10.82, 1, 4, 8, 61.81, -31.88, 0.033768, 17, -8.27, -5.02, 0.659111, 16, 43.8, -10.79, 0.264756, 13, 4.98, -38.16, 0.042365, 1, 17, -1.6, -13.23, 1, 1, 17, 4.69, -10.63, 1, 1, 17, 17.42, -11.83, 1, 1, 17, 26.38, -12.23, 1, 4, 17, 33.79, -4.58, 0.62847, 18, -8.3, -5.95, 0.324092, 13, 46.44, -31.06, 0.031285, 16, 75.61, 16.72, 0.016153, 1, 18, 2.07, -8.11, 1, 1, 18, 24.31, -16.65, 1, 1, 18, 47.53, -8.54, 1, 1, 18, 62.58, 4.21, 1, 1, 18, 73.13, 21.89, 1, 1, 18, 66.01, 20.55, 1, 1, 18, 58.03, 15.46, 1, 1, 18, 42.15, 14.38, 1, 1, 18, 26.2, 6.42, 1, 1, 18, 14.23, 5.5, 1, 1, 18, 4.38, 10.04, 1, 1, 17, 26.83, 6.8, 1, 1, 17, 13.27, 4.25, 1, 1, 17, 1.82, 7.75, 1, 4, 8, 50.07, -6.21, 0.09, 13, 2.32, -10.06, 0.61, 16, 26.98, 11.89, 0.25, 17, -6.45, 23.15, 0.05, 1, 13, 22.3, -14.65, 1, 1, 13, 38.05, -12.26, 1, 1, 13, 49.1, -4.61, 1, 1, 13, 51.75, 1.42, 1, 1, 13, 44.18, 0.49, 1, 1, 13, 45.47, 6.4, 1, 1, 13, 45.8, 12.35, 1, 1, 13, 36.56, 16.16, 1, 1, 13, 25.99, 13.29, 1, 1, 13, 19.93, 8.03, 1, 1, 13, 10.69, 5.07, 1, 4, 8, 40.69, 10.53, 0.174379, 14, -3.16, -7.65, 0.41974, 13, -1.05, 8.83, 0.364333, 16, 14.34, 26.32, 0.041547, 1, 14, 4.97, -6.78, 1, 1, 14, 12.16, -12, 1, 1, 14, 21.75, -11, 1, 1, 14, 37.1, -6.05, 1, 1, 14, 45.1, -12.34, 1, 1, 14, 58.37, -12.33, 1, 1, 14, 75.01, -4.21, 1, 1, 14, 93.22, 8.11, 1, 1, 14, 98.18, 17.33, 1, 1, 14, 96.89, 23.02, 1, 1, 14, 92.42, 30.9, 1, 1, 14, 88.89, 26.68, 1, 1, 14, 78.06, 21.19, 1, 1, 14, 59.23, 13.82, 1, 1, 14, 41.46, 12.37, 1, 1, 14, 26.31, 5.54, 1, 1, 14, 13.58, 4.94, 1, 1, 14, 3.07, 6.28, 1, 1, 8, 18.12, 19.49, 1, 1, 8, 0.81, 31.76, 1, 2, 8, -18.14, 42.76, 0.99, 14, 14.28, 57.12, 0.01, 1, 8, -28.21, 34.48, 1 ],
          "type": "mesh"
        }
      },
      "hua2": {
        "hua2": {
          "name": "hua2",
          "width": 31,
          "height": 44,
          "x": 8.67,
          "y": -0.75
        }
      },
      "glow2": {
        "glow": {
          "name": "glow",
          "width": 31,
          "height": 27,
          "x": -0.39,
          "y": 0.89
        }
      },
      "saoguang2_00": {
        "saoguang2_00": {
          "name": "saoguang2_00",
          "width": 16,
          "height": 22
        },
        "saoguang2_38": {
          "name": "saoguang2_38",
          "width": 20,
          "height": 29
        },
        "saoguang2_36": {
          "name": "saoguang2_36",
          "width": 21,
          "height": 32
        },
        "saoguang2_34": {
          "name": "saoguang2_34",
          "width": 23,
          "height": 32
        },
        "saoguang2_32": {
          "name": "saoguang2_32",
          "width": 23,
          "height": 32
        },
        "saoguang2_30": {
          "name": "saoguang2_30",
          "width": 35,
          "height": 28
        },
        "saoguang2_28": {
          "name": "saoguang2_28",
          "width": 38,
          "height": 27
        },
        "saoguang2_26": {
          "name": "saoguang2_26",
          "width": 38,
          "height": 27
        },
        "saoguang2_24": {
          "name": "saoguang2_24",
          "width": 40,
          "height": 29
        },
        "saoguang2_22": {
          "name": "saoguang2_22",
          "width": 38,
          "height": 29
        },
        "saoguang2_20": {
          "name": "saoguang2_20",
          "width": 34,
          "height": 25
        },
        "saoguang2_18": {
          "name": "saoguang2_18",
          "width": 36,
          "height": 25
        },
        "saoguang2_16": {
          "name": "saoguang2_16",
          "width": 33,
          "height": 25
        },
        "saoguang2_14": {
          "name": "saoguang2_14",
          "width": 37,
          "height": 26
        },
        "saoguang2_12": {
          "name": "saoguang2_12",
          "width": 39,
          "height": 28
        },
        "saoguang2_10": {
          "name": "saoguang2_10",
          "width": 36,
          "height": 28
        },
        "saoguang2_08": {
          "name": "saoguang2_08",
          "width": 36,
          "height": 28
        },
        "saoguang2_06": {
          "name": "saoguang2_06",
          "width": 27,
          "height": 30
        },
        "saoguang2_04": {
          "name": "saoguang2_04",
          "width": 26,
          "height": 31
        },
        "saoguang2_02": {
          "name": "saoguang2_02",
          "width": 21,
          "height": 31
        }
      },
      "huaban": {
        "huaban": {
          "name": "huaban",
          "width": 4,
          "height": 7,
          "x": 0.63,
          "y": 0.39,
          "rotation": 159.45
        }
      },
      "shanzi": {
        "shanzi": {
          "name": "shanzi",
          "width": 170,
          "height": 121,
          "x": 8.34,
          "y": 48,
          "rotation": 6.23
        },
        "shanzi1": {
          "name": "shanzi1",
          "width": 164,
          "height": 119,
          "x": 8.34,
          "y": 48,
          "rotation": 6.23
        },
        "shanzi2": {
          "name": "shanzi2",
          "width": 161,
          "height": 118,
          "x": 8.34,
          "y": 48,
          "rotation": 6.23
        },
        "shanzi3": {
          "name": "shanzi3",
          "width": 148,
          "height": 118,
          "x": 8.34,
          "y": 48,
          "rotation": 6.23
        },
        "shanzi5": {
          "name": "shanzi5",
          "width": 99,
          "height": 119,
          "x": 8.34,
          "y": 48,
          "rotation": 6.23
        },
        "shanzi4": {
          "name": "shanzi4",
          "width": 129,
          "height": 119,
          "x": 8.34,
          "y": 48,
          "rotation": 6.23
        },
        "shanzi6": {
          "name": "shanzi6",
          "width": 55,
          "height": 119,
          "x": 8.34,
          "y": 48,
          "rotation": 6.23
        },
        "shanzi7": {
          "name": "shanzi7",
          "width": 37,
          "height": 118,
          "x": 8.34,
          "y": 48,
          "rotation": 6.23
        }
      },
      "yezi1": {
        "yezi1": {
          "name": "yezi1",
          "width": 20,
          "height": 19,
          "hull": 9,
          "triangles": [ 12, 0, 1, 3, 11, 2, 12, 1, 2, 11, 12, 2, 5, 9, 11, 3, 4, 11, 4, 5, 11, 11, 9, 12, 9, 0, 12, 9, 8, 0, 5, 10, 9, 10, 8, 9, 6, 10, 5, 10, 7, 8, 6, 7, 10 ],
          "uvs": [ 0.66229, 1, 0.975, 0.96949, 0.975, 0.27203, 0.57838, 0.09576, 0.44221, 0.20254, 0.50634, 0.51695, 0.02421, 0.48644, 0.02421, 0.68559, 0.32584, 1, 0.59341, 0.67034, 0.27041, 0.70169, 0.81509, 0.45593, 0.80796, 0.73983 ],
          "edges": [ 0, 2, 2, 4, 4, 6, 6, 8, 8, 10, 10, 12, 12, 14, 14, 16, 16, 0 ],
          "vertices": [ 2, 6, -3.82, 0.52, 0.344505, 3, -2.65, 0.87, 0.655495, 1, 3, -1.65, -5.59, 1, 1, 3, 11.9, -4.73, 1, 1, 3, 14.81, 3.73, 1, 1, 3, 12.56, 6.43, 1, 2, 6, 4.49, -4.96, 0.474866, 3, 6.54, 4.71, 0.525134, 1, 6, 12.82, 0.7, 1, 1, 6, 10.46, 3.77, 1, 1, 6, 1.74, 4.79, 1, 2, 6, 1.24, -3.69, 0.350353, 3, 3.67, 2.71, 0.649647, 2, 6, 6.2, 0.89, 0.990998, 3, 2.63, 9.39, 0.009002, 1, 3, 8.12, -1.64, 1, 2, 6, -3.13, -5.35, 0.080798, 3, 2.6, -1.83, 0.919202 ],
          "type": "mesh"
        }
      }
    }
  },"animations":{"newAnimation":{"bones":{"yinbi":{"rotate":[{"time":0,"angle":0},{"time":0.0833,"angle":-7.14},{"time":0.4166,"angle":-10.41},{"time":0.4999,"angle":-6.8},{"time":0.5832,"angle":-5.16},{"time":0.8749,"angle":2.02},{"time":1.1666,"angle":3.68},{"time":1.4166,"angle":2.01},{"time":2.2083,"angle":0},{"time":3.375,"angle":0.94},{"time":5,"angle":0}],"shear":[{"time":0},{"time":0.0833},{"time":0.4166},{"time":0.4999},{"time":0.5832},{"time":0.8749},{"time":1.1666},{"time":1.4166},{"time":2.2083},{"time":3.375},{"time":5}]},"hua1":{"rotate":[{"time":0,"angle":0},{"time":0.6667,"angle":0},{"time":1.3334,"angle":1.04},{"time":1.9584,"angle":0},{"time":2.5834,"angle":1.04},{"time":3.1667,"angle":0}],"shear":[{"time":0},{"time":0.6667},{"time":1.3334},{"time":1.9584},{"time":2.5834},{"time":3.1667}]},"hua3":{"rotate":[{"time":0,"angle":0},{"time":1,"angle":0},{"time":1.6667,"angle":2.73},{"time":2.25,"angle":0},{"time":2.9583,"angle":2.73},{"time":3.5,"angle":0}],"shear":[{"time":0},{"time":1},{"time":1.6667},{"time":2.25},{"time":2.9583},{"time":3.5}]},"hua2":{"rotate":[{"time":0,"angle":0},{"time":1,"angle":0},{"time":1.5833,"angle":-2.65},{"time":2.25,"angle":0},{"time":2.9583,"angle":-2.65},{"time":3.5,"angle":0}],"shear":[{"time":0},{"time":1},{"time":1.5833},{"time":2.25},{"time":2.9583},{"time":3.5}]},"yezi2":{"rotate":[{"time":0,"angle":0},{"time":0.6667,"angle":-3.61},{"time":1.25,"angle":0},{"time":1.9583,"angle":-8.34},{"time":2.5,"angle":0},{"time":3.1667,"angle":-3.61},{"time":3.75,"angle":0},{"time":4.4583,"angle":-8.34},{"time":5,"angle":0}],"shear":[{"time":0},{"time":0.6667},{"time":1.25},{"time":1.9583},{"time":2.5},{"time":3.1667},{"time":3.75},{"time":4.4583},{"time":5}]},"yezi1":{"rotate":[{"time":0,"angle":0},{"time":0.6667,"angle":10.84},{"time":1.25,"angle":0},{"time":1.9583,"angle":10.13},{"time":2.5,"angle":0},{"time":3.1667,"angle":10.84},{"time":3.75,"angle":0},{"time":4.4583,"angle":10.13},{"time":5,"angle":0}],"shear":[{"time":0},{"time":0.6667},{"time":1.25},{"time":1.9583},{"time":2.5},{"time":3.1667},{"time":3.75},{"time":4.4583},{"time":5}]},"yezi11":{"rotate":[{"time":0,"angle":0},{"time":0.7083,"angle":5.3},{"time":1.25,"angle":0},{"time":1.9583,"angle":4.01},{"time":2.5,"angle":0},{"time":3.2083,"angle":5.3},{"time":3.75,"angle":0},{"time":4.4583,"angle":4.01},{"time":5,"angle":0}],"shear":[{"time":0},{"time":0.7083},{"time":1.25},{"time":1.9583},{"time":2.5},{"time":3.2083},{"time":3.75},{"time":4.4583},{"time":5}]},"shugan3":{"rotate":[{"time":0,"angle":0},{"time":1.25,"angle":1.22},{"time":2.5,"angle":0},{"time":3.75,"angle":1.22},{"time":5,"angle":0}],"shear":[{"time":0},{"time":1.25},{"time":2.5},{"time":3.75},{"time":5}]},"shugan4":{"rotate":[{"time":0,"angle":0},{"time":1.25,"angle":1.04},{"time":2.5,"angle":0},{"time":3.75,"angle":1.13},{"time":5,"angle":0}],"shear":[{"time":0},{"time":1.25},{"time":2.5},{"time":3.75},{"time":5}]},"shugan5":{"rotate":[{"time":0,"angle":0},{"time":1.25,"angle":0.46},{"time":2.5,"angle":0},{"time":3.75,"angle":0.89},{"time":5,"angle":0}],"shear":[{"time":0},{"time":1.25},{"time":2.5},{"time":3.75},{"time":5}]},"huaban2":{"translate":[{"time":0},{"time":0.4167,"x":-5.62,"y":5.53},{"time":1.4584,"x":-31.14,"y":-44.24}],"rotate":[{"time":0,"angle":0},{"time":0.4167,"angle":-32.63},{"time":1.4584,"angle":160.83}],"shear":[{"time":0},{"time":0.4167},{"time":1.4584}]},"huaban":{"translate":[{"time":0},{"time":0.875},{"time":1.5833,"x":-9.52,"y":-25.92},{"time":2.0416,"x":-17.79,"y":-79.08},{"time":3.2083,"x":-45.35,"y":-136.82},{"time":4.1666,"x":9.32,"y":0.72},{"time":4.9999,"x":25.8,"y":-27.39}],"rotate":[{"time":0,"angle":0},{"time":0.875,"angle":0},{"time":1.5833,"angle":17.96},{"time":2.0416,"angle":0},{"time":3.2083,"angle":-56.16},{"time":4.1666,"angle":16.87},{"time":4.9999,"angle":91.54}],"scale":[{"time":0,"x":2,"y":2}],"shear":[{"time":0},{"time":0.875},{"time":1.5833},{"time":2.0416},{"time":3.2083},{"time":4.1666},{"time":4.9999}]},"huaban21":{"translate":[{"time":0,"x":-18.23,"y":23.94},{"time":2.0833,"x":-18.23,"y":23.94},{"time":3.75,"x":11.18,"y":-83.79}],"rotate":[{"time":0,"angle":0},{"time":2.0833,"angle":0},{"time":3.75,"angle":-180}],"scale":[{"time":0,"x":0.8,"y":0.8}],"shear":[{"time":0},{"time":2.0833},{"time":3.75}]},"glow":{"translate":[{"time":0,"x":-2.03,"y":-20.45},{"time":0.4167,"x":3.78,"y":-20.45},{"time":1.4584,"x":3.78,"y":13.73}]},"glow2":{"translate":[{"time":0,"x":-2.53,"y":-9.63},{"time":0.8333,"x":-2.53,"y":-9.63},{"time":1.6666,"x":-2.53,"y":12.58}]},"glow1":{"translate":[{"time":0,"x":-2.53,"y":-8.11},{"time":0.4167,"x":-2.53,"y":-8.11},{"time":1.375,"x":-2.53,"y":13.79}]}},"slots":{"shanzi":{"attachment":[{"time":0,"name":"shanzi"},{"time":0.0417,"name":"shanzi4"},{"time":0.0834,"name":"shanzi7"},{"time":0.6251,"name":"shanzi6"},{"time":0.6668,"name":"shanzi5"},{"time":0.7085,"name":"shanzi4"},{"time":0.7502,"name":"shanzi3"},{"time":0.7919,"name":"shanzi2"},{"time":0.8336,"name":"shanzi1"},{"time":0.8753,"name":"shanzi"}]},"huaban":{"color":[{"time":0,"color":"FFFFFF00"},{"time":0.8333,"color":"FFFFFF00"},{"time":0.875,"color":"FFFFFFFF"},{"time":1.5833,"color":"FFFFFFFF"},{"time":1.625,"color":"FFFFFF00"},{"time":2,"color":"FFFFFF00"},{"time":2.0417,"color":"FFFFFFFF"},{"time":3.2084,"color":"FFFFFFFF"},{"time":3.2501,"color":"FFFFFF00"},{"time":4.1251,"color":"FFFFFF00"},{"time":4.1668,"color":"FFFFFFFF"}]},"huaban2":{"color":[{"time":0,"color":"FFFFFF00"},{"time":0.375,"color":"FFFFFF00"},{"time":0.4167,"color":"FFFFFFFF"},{"time":1.4584,"color":"FFFFFF00"}]},"huaban21":{"color":[{"time":0,"curve":"stepped","color":"FFFFFFFF"},{"time":2.0417,"color":"FFFFFF00"},{"time":2.0834,"color":"FFFFFFFF"},{"time":3.1251,"color":"FFFFFFFF"},{"time":3.7501,"color":"FFFFFF00"}]},"glow":{"color":[{"time":0,"color":"FFFFFF00"},{"time":0.375,"color":"FFFFFF00"},{"time":0.4167,"color":"0061FFFF"},{"time":0.7084,"color":"0061FFFF"},{"time":0.7917,"color":"000FFF00"},{"time":0.8334,"color":"0061FFFF"},{"time":1.0834,"color":"0061FFFF"},{"time":1.1667,"color":"000FFF00"},{"time":1.2084,"color":"0061FFFF"},{"time":1.4584,"color":"000FFF00"}]},"glow1":{"color":[{"time":0,"color":"FFFFFF00"},{"time":0.375,"color":"FFFFFF00"},{"time":0.4167,"color":"004FFFFF"},{"time":0.625,"color":"FFFFFF00"},{"time":0.6667,"color":"004FFFFF"},{"time":0.8334,"color":"004FFFFF"},{"time":1.3751,"color":"004FFF00"}]},"glow2":{"color":[{"time":0,"color":"FFFFFF00"},{"time":0.7917,"color":"FFFFFF00"},{"time":0.8334,"color":"007AFFFF"},{"time":1.0417,"color":"FFFFFF00"},{"time":1.0834,"color":"007AFFFF"},{"time":1.2501,"color":"007AFFFF"},{"time":1.6668,"color":"FFFFFF00"}]},"saoguang2_00":{"attachment":[{"time":0,"name":""},{"time":1.5833,"name":"saoguang2_00"},{"time":1.625,"name":"saoguang2_02"},{"time":1.6667,"name":"saoguang2_04"},{"time":1.7084,"name":"saoguang2_06"},{"time":1.7501,"name":"saoguang2_08"},{"time":1.7918,"name":"saoguang2_10"},{"time":1.8335,"name":"saoguang2_12"},{"time":1.8752,"name":"saoguang2_14"},{"time":1.9169,"name":"saoguang2_16"},{"time":1.9586,"name":"saoguang2_18"},{"time":2.0003,"name":"saoguang2_20"},{"time":2.042,"name":"saoguang2_22"},{"time":2.0837,"name":"saoguang2_24"},{"time":2.1254,"name":"saoguang2_26"},{"time":2.1671,"name":"saoguang2_28"},{"time":2.2088,"name":"saoguang2_30"},{"time":2.2505,"name":"saoguang2_32"},{"time":2.2922,"name":"saoguang2_34"},{"time":2.3339,"name":"saoguang2_36"},{"time":2.3756,"name":"saoguang2_38"}],"color":[{"time":0,"color":"FFFFFFFF"},{"time":1.5417,"color":"FFFFFF00"},{"time":1.5834,"color":"FFFFFFFF"},{"time":2.4167,"color":"FFFFFFFF"},{"time":2.4584,"color":"FFFFFF00"}]}}}}}