{
  "skeleton": {
    "width": 274,
    "height": 223.96,
    "fps": 24,
    "hash": " ",
    "spine": " ",
    "name": "sg_effect_hall3"
  },
  "bones": [

    { "name": "root" },
    {
      "x": -16.929,
      "y": -64.7499,
      "name": "shengzi",
      "parent": "root"
    },
    {
      "x": 5.6279,
      "y": -37.5068,
      "name": "sao",
      "parent": "root"
    },
    {
      "length": 25,
      "x": 60.687,
      "y": -23.0175,
      "rotation": 62.9931,
      "name": "yezi41",
      "parent": "root"
    },
    {
      "length": 34,
      "x": -39.0225,
      "y": -22.4235,
      "rotation": 127.3206,
      "name": "yezi",
      "parent": "root"
    },
    {
      "x": -90.1376,
      "y": 0.66,
      "name": "yezi52",
      "parent": "root"
    },
    {
      "x": 33.207,
      "y": -15.7905,
      "name": "glow",
      "parent": "root"
    },
    {
      "x": -7.7055,
      "y": 36.0525,
      "name": "yezi411",
      "parent": "root"
    },
    {
      "x": -1.781,
      "y": -70.7969,
      "scaleX": 2,
      "scaleY": 2,
      "name": "saoguang3_00",
      "parent": "root"
    },
    {
      "x": 3.0525,
      "y": -47.6025,
      "name": "glow2",
      "parent": "root"
    },
    {
      "length": 31,
      "x": 36.828,
      "y": -0.198,
      "rotation": 84.6535,
      "name": "yezi31",
      "parent": "root"
    },
    {
      "x": 65.3601,
      "y": 44.3355,
      "name": "yezi51",
      "parent": "root"
    },
    {
      "x": 98.01,
      "y": -27.4395,
      "name": "glow1",
      "parent": "root"
    },
    {
      "length": 15,
      "x": -4.4875,
      "y": 5.9524,
      "rotation": 36.0552,
      "name": "yezi3",
      "parent": "yezi"
    },
    {
      "length": 23,
      "x": 39.2029,
      "y": 1.1333,
      "rotation": 14.8931,
      "name": "yezi32",
      "parent": "yezi31"
    },
    {
      "length": 24,
      "x": 35.9728,
      "y": 0.212,
      "rotation": -0.5827,
      "name": "yezi1",
      "parent": "yezi"
    },
    {
      "length": 21,
      "x": 39.0075,
      "y": -16.9651,
      "rotation": -9.1989,
      "name": "yezi35",
      "parent": "yezi31"
    },
    {
      "length": 16,
      "x": 10.1432,
      "y": -5.2016,
      "rotation": -45.0197,
      "name": "yezi5",
      "parent": "yezi"
    },
    {
      "length": 32,
      "x": 13.3453,
      "y": -5.7608,
      "rotation": -33.9402,
      "name": "yezi21",
      "parent": "yezi1"
    },
    {
      "length": 17,
      "x": 31.9038,
      "y": -1.1442,
      "rotation": -2.0124,
      "name": "yezi2",
      "parent": "yezi1"
    },
    {
      "length": 19,
      "x": 20.2463,
      "y": 14.431,
      "rotation": 1.6202,
      "name": "yezi33",
      "parent": "yezi32"
    },
    {
      "length": 19,
      "x": 23.8271,
      "y": -0.6175,
      "rotation": -4.0613,
      "name": "yezi4",
      "parent": "yezi3"
    },
    {
      "length": 23,
      "x": 22.9346,
      "y": 36.6838,
      "rotation": 14.2637,
      "name": "yezi34",
      "parent": "yezi32"
    },
    {
      "length": 31,
      "x": 6.5908,
      "y": 5.4371,
      "rotation": 54.479,
      "name": "yezi11",
      "parent": "yezi1"
    },
    {
      "length": 17,
      "x": 4.912,
      "y": 5.8705,
      "rotation": 46.6432,
      "name": "yezi6",
      "parent": "yezi2"
    }
  ],
  "slots": [

    {
      "name": "yezi11",
      "bone": "yezi52",
      "attachment": "yezi1"
    },
    {
      "name": "yezi41",
      "bone": "yezi411",
      "attachment": "yezi4"
    },
    {
      "name": "yezi",
      "bone": "root",
      "attachment": "yezi"
    },
    {
      "name": "yezi21",
      "bone": "yezi51",
      "attachment": "yezi2"
    },
    {
      "name": "yezi1",
      "bone": "yezi11",
      "attachment": "yezi1"
    },
    {
      "name": "yezi2",
      "bone": "yezi21",
      "attachment": "yezi2"
    },
    {
      "name": "yezi3",
      "bone": "yezi35",
      "attachment": "yezi3"
    },
    {
      "name": "yezi4",
      "bone": "yezi41",
      "attachment": "yezi4"
    },
    {
      "name": "shanzi",
      "bone": "shengzi"
    },
    {
      "name": "jinbi",
      "bone": "root",
      "attachment": "jinbi"
    },
    {
      "name": "sao",
      "bone": "sao",
      "blend": "additive"
    },
    {
      "name": "shengzi",
      "bone": "root",
      "attachment": "shengzi"
    },
    {
      "name": "glow",
      "bone": "glow",
      "blend": "additive",
      "attachment": "glow"
    },
    {
      "name": "glow1",
      "bone": "glow1",
      "blend": "additive",
      "attachment": "glow"
    },
    {
      "name": "glow2",
      "bone": "glow2",
      "blend": "additive",
      "attachment": "glow"
    },
    {
      "name": "6",
      "bone": "root",
      "attachment": "6"
    },
    {
      "name": "saoguang3_00",
      "bone": "saoguang3_00",
      "blend": "additive"
    }
  ],
  "skins": 
  {
    "default": {
      "6": {
        "6": {
          "name": "6",
          "width": 274,
          "height": 79,
          "x": 12.2,
          "y": -75.71
        }
      },
      "shanzi": {
        "shanzi": {
          "name": "shanzi",
          "width": 200,
          "height": 142,
          "hull": 8,
          "triangles": [ 6, 8, 2, 6, 2, 4, 1, 7, 4, 7, 6, 4, 5, 3, 8, 7, 0, 6, 0, 5, 6, 5, 8, 6 ],
          "uvs": [ 0, 0.00352, 1, 0.00352, 1, 0.99671, 0, 0.99671, 1, 0.49198, 0, 0.53666, 0.4907, 0.51876, 0.48749, 0.00352, 0.49383, 0.99671 ],
          "edges": [ 0, 10, 2, 8, 2, 14, 4, 8, 4, 16, 6, 10, 6, 16, 14, 0 ],
          "vertices": [ -85.36, 125.24, 114.95, 125.24, 114.95, -16.69, -85.36, -16.69, 114.95, 55.44, -85.36, 49.06, 12.94, 51.62, 12.29, 125.24, 13.56, -16.69 ],
          "type": "mesh"
        },
        "shanzi3": {
          "name": "shanzi3",
          "width": 150,
          "height": 136,
          "x": 16.93,
          "y": 54.45
        },
        "shanzi2": {
          "name": "shanzi2",
          "width": 169,
          "height": 133,
          "x": 16.93,
          "y": 54.45
        },
        "shanzi1": {
          "name": "shanzi1",
          "width": 185,
          "height": 134,
          "x": 16.93,
          "y": 54.45
        },
        "shanzi4": {
          "name": "shanzi4",
          "width": 136,
          "height": 134,
          "x": 16.93,
          "y": 54.45
        },
        "shanzi10": {
          "name": "shanzi10",
          "width": 198,
          "height": 133,
          "x": 16.93,
          "y": 54.45
        },
        "shanzi5": {
          "name": "shanzi5",
          "width": 103,
          "height": 139,
          "x": 16.93,
          "y": 54.45
        },
        "shanzi6": {
          "name": "shanzi6",
          "width": 73,
          "height": 139,
          "x": 16.93,
          "y": 54.45
        },
        "shanzi7": {
          "name": "shanzi7",
          "width": 48,
          "height": 140,
          "x": 16.93,
          "y": 54.45
        },
        "shanzi8": {
          "name": "shanzi8",
          "width": 189,
          "height": 135,
          "x": 16.93,
          "y": 54.45
        },
        "shanzi9": {
          "name": "shanzi9",
          "width": 179,
          "height": 136,
          "x": 16.93,
          "y": 54.45
        }
      },
      "saoguang3_00": {
        "saoguang3_00": {
          "name": "saoguang3_00",
          "width": 14,
          "height": 24
        },
        "saoguang3_38": {
          "name": "saoguang3_38",
          "width": 20,
          "height": 29
        },
        "saoguang3_36": {
          "name": "saoguang3_36",
          "width": 21,
          "height": 32
        },
        "saoguang3_34": {
          "name": "saoguang3_34",
          "width": 23,
          "height": 32
        },
        "saoguang3_32": {
          "name": "saoguang3_32",
          "width": 23,
          "height": 32
        },
        "saoguang3_30": {
          "name": "saoguang3_30",
          "width": 24,
          "height": 29
        },
        "saoguang3_28": {
          "name": "saoguang3_28",
          "width": 38,
          "height": 27
        },
        "saoguang3_26": {
          "name": "saoguang3_26",
          "width": 38,
          "height": 27
        },
        "saoguang3_24": {
          "name": "saoguang3_24",
          "width": 41,
          "height": 29
        },
        "saoguang3_22": {
          "name": "saoguang3_22",
          "width": 37,
          "height": 29
        },
        "saoguang3_20": {
          "name": "saoguang3_20",
          "width": 34,
          "height": 25
        },
        "saoguang3_18": {
          "name": "saoguang3_18",
          "width": 29,
          "height": 25
        },
        "saoguang3_16": {
          "name": "saoguang3_16",
          "width": 33,
          "height": 25
        },
        "saoguang3_14": {
          "name": "saoguang3_14",
          "width": 37,
          "height": 27
        },
        "saoguang3_12": {
          "name": "saoguang3_12",
          "width": 34,
          "height": 27
        },
        "saoguang3_10": {
          "name": "saoguang3_10",
          "width": 33,
          "height": 27
        },
        "saoguang3_08": {
          "name": "saoguang3_08",
          "width": 35,
          "height": 31
        },
        "saoguang3_06": {
          "name": "saoguang3_06",
          "width": 21,
          "height": 31
        },
        "saoguang3_04": {
          "name": "saoguang3_04",
          "width": 19,
          "height": 30
        },
        "saoguang3_02": {
          "name": "saoguang3_02",
          "width": 15,
          "height": 24
        }
      },
      "glow1": {
        "glow": {
          "name": "glow",
          "width": 31,
          "height": 27
        }
      },
      "sao": {
        "sao09": {
          "name": "sao09",
          "width": 30,
          "height": 21
        },
        "sao08": {
          "name": "sao08",
          "width": 32,
          "height": 20
        },
        "sao07": {
          "name": "sao07",
          "width": 34,
          "height": 18
        },
        "sao06": {
          "name": "sao06",
          "width": 34,
          "height": 18
        },
        "sao05": {
          "name": "sao05",
          "width": 34,
          "height": 18
        },
        "sao04": {
          "name": "sao04",
          "width": 34,
          "height": 17
        },
        "sao03": {
          "name": "sao03",
          "width": 33,
          "height": 15
        },
        "sao02": {
          "name": "sao02",
          "width": 25,
          "height": 14
        },
        "sao01": {
          "name": "sao01",
          "width": 24,
          "height": 13
        },
        "sao00": {
          "name": "sao00",
          "width": 23,
          "height": 13
        },
        "sao19": {
          "name": "sao19",
          "width": 12,
          "height": 12
        },
        "sao18": {
          "name": "sao18",
          "width": 15,
          "height": 13
        },
        "sao17": {
          "name": "sao17",
          "width": 16,
          "height": 16
        },
        "sao16": {
          "name": "sao16",
          "width": 16,
          "height": 19
        },
        "sao15": {
          "name": "sao15",
          "width": 19,
          "height": 19
        },
        "sao14": {
          "name": "sao14",
          "width": 21,
          "height": 21
        },
        "sao13": {
          "name": "sao13",
          "width": 22,
          "height": 21
        },
        "sao12": {
          "name": "sao12",
          "width": 24,
          "height": 22
        },
        "sao11": {
          "name": "sao11",
          "width": 28,
          "height": 21
        },
        "sao10": {
          "name": "sao10",
          "width": 30,
          "height": 21
        }
      },
      "yezi21": {
        "yezi2": {
          "name": "yezi2",
          "width": 28,
          "height": 50,
          "x": 1.78,
          "y": 6.68,
          "rotation": -144.17,
          "scaleX": 0.5,
          "scaleY": 0.5
        }
      },
      "glow": {
        "glow": {
          "name": "glow",
          "width": 31,
          "height": 27,
          "x": 0.74,
          "y": -0.61
        }
      },
      "yezi2": {
        "yezi2": {
          "name": "yezi2",
          "width": 28,
          "height": 50,
          "x": 14.91,
          "y": -1.24,
          "rotation": -92.8
        }
      },
      "glow2": {
        "glow": {
          "name": "glow",
          "width": 31,
          "height": 27,
          "x": 0.58,
          "y": 0.83
        }
      },
      "yezi4": {
        "yezi4": {
          "name": "yezi4",
          "width": 38,
          "height": 44,
          "x": 16.79,
          "y": 2.04,
          "rotation": -62.99
        }
      },
      "yezi11": {
        "yezi1": {
          "name": "yezi1",
          "width": 48,
          "height": 52,
          "x": 0.66,
          "y": 1.94,
          "rotation": 32.18,
          "scaleX": 0.5,
          "scaleY": 0.5
        }
      },
      "jinbi": {
        "jinbi": {
          "name": "jinbi",
          "width": 68,
          "height": 53,
          "x": 30.86,
          "y": -34.48
        }
      },
      "yezi": {
        "yezi": {
          "name": "yezi",
          "width": 102,
          "height": 111,
          "hull": 35,
          "triangles": [ 1, 34, 0, 2, 34, 1, 33, 34, 2, 32, 33, 2, 6, 41, 5, 41, 4, 5, 3, 32, 2, 7, 40, 6, 40, 41, 6, 8, 40, 7, 41, 3, 4, 37, 38, 32, 41, 42, 3, 42, 37, 3, 37, 32, 3, 44, 40, 8, 9, 44, 8, 40, 44, 41, 39, 31, 32, 38, 39, 32, 36, 42, 41, 44, 36, 41, 35, 36, 44, 10, 44, 9, 36, 37, 42, 39, 30, 31, 43, 38, 37, 36, 43, 37, 11, 20, 10, 10, 21, 44, 21, 35, 44, 29, 30, 39, 27, 39, 38, 43, 27, 38, 21, 22, 35, 35, 43, 36, 11, 46, 20, 27, 29, 39, 20, 21, 10, 23, 43, 22, 27, 28, 29, 22, 43, 35, 46, 19, 20, 23, 24, 43, 25, 27, 43, 24, 25, 43, 12, 13, 46, 12, 46, 11, 25, 26, 27, 46, 18, 19, 13, 45, 46, 45, 18, 46, 45, 17, 18, 15, 45, 13, 14, 15, 13, 16, 17, 45, 15, 16, 45 ],
          "uvs": [ 0.9951, 0.99564, 0.96145, 0.86682, 0.89031, 0.7331, 0.80186, 0.6201, 0.85105, 0.58387, 0.91242, 0.48639, 0.87798, 0.38182, 0.78216, 0.28923, 0.66199, 0.31156, 0.58092, 0.21897, 0.44103, 0.22105, 0.25437, 0.0045, 0.19814, 0.0045, 0.15872, 0.02181, 0.0049, 0.05095, 0.0049, 0.13289, 0.0049, 0.23021, 0.05329, 0.33005, 0.15135, 0.33907, 0.26912, 0.24619, 0.3747, 0.22784, 0.3723, 0.32088, 0.34522, 0.40933, 0.2446, 0.46376, 0.19301, 0.5315, 0.17827, 0.6201, 0.16849, 0.72438, 0.27648, 0.71077, 0.301, 0.81727, 0.36493, 0.82614, 0.37711, 0.90556, 0.51955, 0.93707, 0.64469, 0.86001, 0.74787, 0.93707, 0.84849, 0.93264, 0.42087, 0.45324, 0.49478, 0.54233, 0.55196, 0.62231, 0.50777, 0.73097, 0.44772, 0.78332, 0.62358, 0.3827, 0.63633, 0.48066, 0.56474, 0.55781, 0.33793, 0.57592, 0.52882, 0.35649, 0.11713, 0.18214, 0.22335, 0.1742 ],
          "edges": [ 0, 2, 2, 4, 4, 6, 6, 8, 8, 10, 10, 12, 12, 14, 14, 16, 16, 18, 18, 20, 20, 22, 22, 24, 24, 26, 26, 28, 28, 30, 30, 32, 32, 34, 34, 36, 36, 38, 38, 40, 40, 42, 42, 44, 44, 46, 46, 48, 48, 50, 50, 52, 52, 54, 54, 56, 56, 58, 58, 60, 60, 62, 62, 64, 64, 66, 66, 68, 68, 0 ],
          "vertices": [ 1, 13, -41, 23.11, 1, 1, 4, -37.85, -5.78, 1, 1, 4, -21.62, -9.38, 1, 4, 4, -6.09, -10.14, 0.59, 13, -10.77, -12.07, 0.21, 17, -7.98, -14.98, 0.17, 21, -33.7, -13.87, 0.03, 1, 17, -3.41, -19.57, 1, 1, 17, 8.11, -24.64, 1, 1, 17, 19.3, -19.83, 1, 1, 17, 28.48, -8.88, 1, 1, 17, 24.63, 3.14, 1, 1, 15, 7.3, -20.47, 1, 4, 4, 51.88, -8.95, 0.130587, 15, 16, -9, 0.626888, 19, -15.62, -8.41, 0.161358, 24, -24.48, 5.12, 0.081167, 1, 19, 15.22, -7.09, 1, 1, 19, 18.64, -2.41, 1, 1, 19, 19.47, 2.01, 1, 1, 24, 22.49, -8.01, 1, 1, 24, 21.32, 1.06, 1, 1, 24, 19.95, 11.83, 1, 1, 24, 13.59, 22.25, 1, 1, 24, 3.45, 21.97, 1, 1, 24, -7.26, 10.14, 1, 1, 15, 19.62, -3.15, 1, 4, 4, 47.61, 3.53, 0.056587, 15, 11.61, 3.44, 0.902153, 19, -20.44, 3.87, 0.024717, 24, -18.86, 17.06, 0.016543, 4, 4, 41.64, 11.88, 0.321717, 15, 5.55, 11.73, 0.455991, 21, 18.46, -20.48, 0.149362, 19, -26.79, 11.94, 0.072929, 1, 21, 26.23, -11.33, 1, 1, 21, 28.73, -2.44, 1, 1, 21, 26.89, 7.39, 1, 1, 21, 23.99, 18.7, 1, 1, 21, 14.01, 13.58, 1, 1, 21, 7.69, 23.96, 1, 1, 21, 1.15, 22.72, 1, 1, 21, -2.97, 30.65, 1, 1, 13, 7.96, 29.7, 1, 1, 13, -2.21, 18.01, 1, 1, 13, -14.71, 23.5, 1, 1, 13, -24.59, 20.29, 1, 4, 4, 32.96, 8.86, 0.437516, 15, -3.1, 8.61, 0.409477, 21, 9.49, -18.45, 0.100909, 13, 31.99, -19.69, 0.052098, 4, 4, 20.44, 9.12, 0.430364, 21, -0.99, -11.59, 0.264922, 13, 22.02, -12.11, 0.189607, 17, -2.85, 17.41, 0.115107, 4, 4, 9.8, 10.11, 0.158413, 13, 13.99, -5.05, 0.633631, 21, -9.49, -5.12, 0.138956, 17, -11.07, 10.58, 0.069, 4, 4, 3.17, 21.23, 0.083206, 13, 15.19, 7.84, 0.610017, 21, -9.22, 7.83, 0.256583, 17, -23.62, 13.75, 0.050194, 4, 4, 2.48, 29.71, 0.115938, 13, 19.61, 15.1, 0.417685, 21, -5.32, 15.38, 0.386274, 17, -30.11, 19.25, 0.080103, 4, 4, 26.06, -12.35, 0.175189, 17, 16.31, 6.21, 0.695537, 15, -9.78, -12.66, 0.104383, 13, 13.92, -32.78, 0.024891, 4, 4, 16.71, -6.56, 0.230059, 17, 5.6, 3.69, 0.726874, 15, -19.19, -6.96, 0.023696, 13, 9.78, -22.59, 0.019371, 4, 4, 14.6, 4.58, 0.707196, 17, -3.77, 10.06, 0.128504, 13, 14.62, -12.35, 0.097496, 21, -8.36, -12.35, 0.066804, 1, 21, 13.02, -2.71, 1, 2, 15, -1.47, -6.79, 0.99, 4, 34.43, -6.56, 0.01, 1, 24, 9.17, 5.04, 1, 4, 4, 69.97, 5.29, 0.005955, 24, -1.58, 2.79, 0.75725, 19, 1.81, 6.64, 0.175661, 15, 33.94, 5.43, 0.061134 ],
          "type": "mesh"
        }
      },
      "shengzi": {
        "shengzi": {
          "name": "shengzi",
          "width": 61,
          "height": 32,
          "x": 8.31,
          "y": -56.27
        }
      },
      "yezi1": {
        "yezi1": {
          "name": "yezi1",
          "width": 48,
          "height": 52,
          "x": 16.99,
          "y": -0.69,
          "rotation": 178.78
        }
      },
      "yezi41": {
        "yezi4": {
          "name": "yezi4",
          "width": 38,
          "height": 44,
          "x": -1.41,
          "y": -4.24,
          "rotation": 153.81
        }
      },
      "yezi3": {
        "yezi3": {
          "name": "yezi3",
          "width": 106,
          "height": 123,
          "hull": 47,
          "triangles": [ 10, 13, 9, 9, 13, 8, 13, 5, 8, 6, 7, 8, 5, 6, 8, 11, 13, 10, 41, 4, 5, 37, 41, 5, 13, 37, 5, 39, 41, 37, 12, 13, 11, 41, 43, 4, 14, 15, 13, 15, 37, 13, 2, 3, 4, 43, 2, 4, 43, 44, 2, 18, 15, 16, 17, 18, 16, 36, 37, 15, 44, 45, 2, 2, 45, 1, 45, 0, 1, 18, 36, 15, 38, 39, 37, 21, 36, 18, 45, 46, 0, 41, 42, 43, 19, 20, 18, 20, 21, 18, 21, 34, 36, 34, 35, 36, 39, 40, 41, 24, 34, 21, 22, 24, 21, 26, 34, 24, 23, 24, 22, 29, 32, 26, 26, 32, 34, 32, 33, 34, 25, 26, 24, 28, 29, 26, 27, 28, 26, 29, 30, 32, 30, 31, 32 ],
          "uvs": [ 0.42084, 0.99987, 0.56866, 0.9492, 0.55678, 0.78021, 0.66139, 0.74947, 0.67713, 0.69492, 0.78344, 0.65388, 0.8899, 0.64866, 0.99544, 0.58209, 0.99544, 0.47112, 0.99544, 0.28676, 0.94498, 0.22874, 0.82479, 0.17781, 0.7461, 0.13342, 0.68885, 0.21337, 0.62374, 0.16738, 0.56079, 0.15722, 0.61016, 0.06484, 0.53332, 0, 0.43088, 0.06484, 0.39323, 0, 0.32842, 0, 0.2968, 0.08703, 0.22798, 0.06484, 0.1982, 0.03088, 0.15114, 0.09559, 0.08402, 0.02741, 0.08217, 0.11123, 0.00472, 0.08703, 0.00472, 0.1504, 0.03095, 0.17259, 0.00472, 0.19118, 0.00472, 0.23556, 0.05054, 0.23222, 0.05842, 0.27834, 0.15901, 0.26644, 0.2536, 0.33476, 0.36191, 0.31083, 0.4031, 0.32273, 0.3363, 0.36377, 0.34802, 0.47473, 0.23169, 0.54131, 0.3815, 0.5635, 0.37178, 0.64866, 0.41884, 0.64184, 0.43273, 0.72888, 0.36191, 0.92366, 0.37749, 0.99987 ],
          "edges": [ 0, 2, 2, 4, 4, 6, 6, 8, 8, 10, 10, 12, 12, 14, 14, 16, 16, 18, 18, 20, 20, 22, 22, 24, 24, 26, 26, 28, 28, 30, 30, 32, 32, 34, 34, 36, 36, 38, 38, 40, 40, 42, 42, 44, 44, 46, 46, 48, 48, 50, 50, 52, 52, 54, 54, 56, 56, 58, 58, 60, 60, 62, 62, 64, 64, 66, 66, 68, 68, 70, 70, 72, 72, 74, 74, 76, 76, 78, 78, 80, 80, 82, 82, 84, 84, 86, 86, 88, 88, 90, 90, 92, 92, 0 ],
          "vertices": [ 1, 10, -33.23, 11.12, 1, 1, 10, -25.53, -4.03, 1, 1, 10, -4.89, -0.82, 1, 1, 10, -0.06, -11.61, 1, 1, 10, 6.8, -12.65, 1, 1, 10, 12.89, -23.5, 1, 3, 10, 14.6, -34.78, 0.337495, 16, -21.24, -21.49, 0.447082, 14, -33.01, -28.39, 0.215423, 1, 16, -10.46, -30.35, 1, 1, 16, 2.8, -26.91, 1, 1, 16, 24.82, -21.19, 1, 1, 16, 30.4, -14.18, 1, 1, 16, 33.25, -0.15, 1, 1, 16, 36.45, 9.37, 1, 4, 10, 66.09, -8.37, 0.04, 16, 25.36, 12.81, 0.64, 14, 23.54, -16.09, 0.26, 20, 2.43, -30.61, 0.06, 4, 10, 71.09, -0.91, 0.057002, 14, 30.29, -10.17, 0.616827, 16, 29.11, 20.98, 0.180591, 20, 9.35, -24.88, 0.145581, 4, 10, 71.71, 5.92, 0.038775, 14, 32.64, -3.73, 0.694728, 20, 11.88, -18.51, 0.18829, 16, 28.62, 27.81, 0.078207, 1, 20, 22.04, -25.9, 1, 1, 20, 31.49, -19.39, 1, 1, 20, 25.75, -7.09, 1, 1, 20, 34.39, -4.69, 1, 1, 20, 35.73, 2.11, 1, 4, 20, 25.84, 7.51, 0.711675, 22, 18.77, -19.23, 0.194915, 14, 45.86, 22.67, 0.071927, 16, 29.92, 57.31, 0.021484, 1, 22, 24.25, -13.6, 1, 1, 22, 29.37, -12.39, 1, 1, 22, 24.1, -4.56, 1, 1, 22, 34.69, -1.39, 1, 3, 22, 25.31, 2.97, 0.981509, 20, 27.36, 30.6, 0.013374, 14, 46.73, 45.8, 0.005116, 1, 22, 31.38, 9.34, 1, 1, 22, 24.22, 12.5, 1, 1, 22, 20.59, 11.04, 1, 1, 22, 19.62, 14.53, 1, 1, 22, 14.61, 16.74, 1, 1, 22, 13.01, 12.09, 1, 1, 22, 7.46, 13.62, 1, 1, 22, 4.46, 3.18, 1, 1, 22, -7.33, -2.66, 1, 4, 10, 50.85, 25.33, 0.032662, 20, -2.6, 6.03, 0.774143, 22, -9.31, -14.45, 0.112882, 14, 17.47, 20.39, 0.080313, 4, 10, 49.8, 20.8, 0.030105, 20, -4.9, 1.99, 0.833077, 14, 15.29, 16.28, 0.087789, 22, -12.43, -17.89, 0.049029, 4, 10, 44.09, 27.44, 0.090225, 20, -8.48, 9.97, 0.481405, 22, -14.18, -9.32, 0.28697, 14, 11.49, 24.16, 0.1414, 1, 10, 30.57, 24.91, 1, 1, 10, 21.24, 36.54, 1, 1, 10, 20, 20.33, 1, 1, 10, 9.44, 20.39, 1, 1, 10, 10.74, 15.46, 1, 1, 10, 0.19, 12.97, 1, 1, 10, -24.45, 18.28, 1, 1, 10, -33.67, 15.74, 1 ],
          "type": "mesh"
        }
      }
    }
  },"animations":{"newAnimation":{"bones":{"shengzi":{"translate":[{"time":0,"y":16.79},{"time":1,"y":16.79},{"time":2.2917,"y":11.03},{"time":3.4584,"y":16.79},{"time":4.3334,"y":18.85},{"time":5.1251,"y":16.79},{"time":6.3751,"y":11.03},{"time":7.4584,"y":16.79},{"time":8.2917,"y":18.85},{"time":9.0417,"y":16.79},{"time":10.1667,"y":11.03},{"time":11.2084,"y":16.79},{"time":11.9584,"y":18.85},{"time":12.6667,"y":16.79}],"rotate":[{"time":0,"angle":0},{"time":0.125,"angle":-1.39},{"time":0.4583,"angle":-4.17},{"time":0.8333,"angle":3.43},{"time":0.9583,"angle":0}],"shear":[{"time":0},{"time":0.125},{"time":0.4583},{"time":0.8333},{"time":0.9583}]},"sao":{"translate":[{"time":0,"x":24.86,"y":2.64}],"scale":[{"time":0,"x":2,"y":2}]},"yezi":{"rotate":[{"time":0,"angle":0},{"time":0.5,"angle":0},{"time":1.125,"angle":0.74},{"time":1.75,"angle":0},{"time":3.3333,"angle":0},{"time":4.2916,"angle":0.74},{"time":5.2499,"angle":0},{"time":7.3332,"angle":0},{"time":8.2915,"angle":0.74},{"time":9.2082,"angle":0},{"time":10.9582,"angle":0},{"time":11.7082,"angle":0.74},{"time":12.4999,"angle":0}],"shear":[{"time":0},{"time":0.5},{"time":1.125},{"time":1.75},{"time":3.3333},{"time":4.2916},{"time":5.2499},{"time":7.3332},{"time":8.2915},{"time":9.2082},{"time":10.9582},{"time":11.7082},{"time":12.4999}]},"yezi1":{"rotate":[{"time":0,"angle":0},{"time":0.5,"angle":0},{"time":1.125,"angle":-0.14},{"time":1.75,"angle":0},{"time":3.3333,"angle":0},{"time":4.2916,"angle":-0.14},{"time":5.2499,"angle":0},{"time":7.3332,"angle":0},{"time":8.2915,"angle":-0.14},{"time":9.2082,"angle":0},{"time":10.9582,"angle":0},{"time":11.7082,"angle":-0.14},{"time":12.4999,"angle":0}],"shear":[{"time":0},{"time":0.5},{"time":1.125},{"time":1.75},{"time":3.3333},{"time":4.2916},{"time":5.2499},{"time":7.3332},{"time":8.2915},{"time":9.2082},{"time":10.9582},{"time":11.7082},{"time":12.4999}]},"yezi2":{"rotate":[{"time":0,"angle":0},{"time":0.5,"angle":0},{"time":1.125,"angle":1.73},{"time":1.75,"angle":0},{"time":3.3333,"angle":0},{"time":4.2916,"angle":1.81},{"time":5.2499,"angle":0},{"time":7.3332,"angle":0},{"time":8.2915,"angle":1.81},{"time":9.2082,"angle":0},{"time":10.9582,"angle":0},{"time":11.7082,"angle":1.81},{"time":12.4999,"angle":0}],"shear":[{"time":0},{"time":0.5},{"time":1.125},{"time":1.75},{"time":3.3333},{"time":4.2916},{"time":5.2499},{"time":7.3332},{"time":8.2915},{"time":9.2082},{"time":10.9582},{"time":11.7082},{"time":12.4999}]},"yezi21":{"rotate":[{"time":0,"angle":0},{"time":0.5,"angle":0},{"time":1.125,"angle":2.93},{"time":1.75,"angle":0},{"time":3.3333,"angle":0},{"time":4.2916,"angle":2.92},{"time":5.2499,"angle":0},{"time":7.3332,"angle":0},{"time":8.2915,"angle":2.92},{"time":9.2082,"angle":0},{"time":10.9582,"angle":0},{"time":11.7082,"angle":2.92},{"time":12.4999,"angle":0}],"shear":[{"time":0},{"time":0.5},{"time":1.125},{"time":1.75},{"time":3.3333},{"time":4.2916},{"time":5.2499},{"time":7.3332},{"time":8.2915},{"time":9.2082},{"time":10.9582},{"time":11.7082},{"time":12.4999}]},"yezi11":{"rotate":[{"time":0,"angle":0},{"time":0.5,"angle":0},{"time":1.125,"angle":1.16},{"time":1.75,"angle":0},{"time":3.3333,"angle":0},{"time":4.2916,"angle":0.41},{"time":5.2499,"angle":0},{"time":7.3332,"angle":0},{"time":8.2915,"angle":0.41},{"time":9.2082,"angle":0},{"time":10.9582,"angle":0},{"time":11.7082,"angle":0.41},{"time":12.4999,"angle":0}],"shear":[{"time":0},{"time":0.5},{"time":1.125},{"time":1.75},{"time":3.3333},{"time":4.2916},{"time":5.2499},{"time":7.3332},{"time":8.2915},{"time":9.2082},{"time":10.9582},{"time":11.7082},{"time":12.4999}]},"yezi3":{"rotate":[{"time":0,"angle":0},{"time":0.5,"angle":0},{"time":1.125,"angle":0.99},{"time":1.75,"angle":0},{"time":3.3333,"angle":0},{"time":4.2916,"angle":0.75},{"time":5.2499,"angle":0},{"time":7.3332,"angle":0},{"time":8.2915,"angle":0.75},{"time":9.2082,"angle":0},{"time":10.9582,"angle":0},{"time":11.7082,"angle":0.75},{"time":12.4999,"angle":0}],"shear":[{"time":0},{"time":0.5},{"time":1.125},{"time":1.75},{"time":3.3333},{"time":4.2916},{"time":5.2499},{"time":7.3332},{"time":8.2915},{"time":9.2082},{"time":10.9582},{"time":11.7082},{"time":12.4999}]},"yezi4":{"rotate":[{"time":0,"angle":0},{"time":0.5,"angle":0},{"time":1.125,"angle":1.66},{"time":1.75,"angle":0},{"time":3.3333,"angle":0},{"time":4.2916,"angle":1.04},{"time":5.2499,"angle":0},{"time":7.3332,"angle":0},{"time":8.2915,"angle":1.04},{"time":9.2082,"angle":0},{"time":10.9582,"angle":0},{"time":11.7082,"angle":1.04},{"time":12.4999,"angle":0}],"shear":[{"time":0},{"time":0.5},{"time":1.125},{"time":1.75},{"time":3.3333},{"time":4.2916},{"time":5.2499},{"time":7.3332},{"time":8.2915},{"time":9.2082},{"time":10.9582},{"time":11.7082},{"time":12.4999}]},"yezi5":{"rotate":[{"time":0,"angle":0},{"time":0.5,"angle":0},{"time":1.125,"angle":-4.94},{"time":1.75,"angle":0},{"time":3.3333,"angle":0},{"time":4.2916,"angle":-4.45},{"time":5.2499,"angle":0},{"time":7.3332,"angle":0},{"time":8.2915,"angle":-4.45},{"time":9.2082,"angle":0},{"time":10.9582,"angle":0},{"time":11.7082,"angle":-4.45},{"time":12.4999,"angle":0}],"shear":[{"time":0},{"time":0.5},{"time":1.125},{"time":1.75},{"time":3.3333},{"time":4.2916},{"time":5.2499},{"time":7.3332},{"time":8.2915},{"time":9.2082},{"time":10.9582},{"time":11.7082},{"time":12.4999}]},"yezi6":{"rotate":[{"time":0,"angle":0},{"time":0.5,"angle":0},{"time":1.125,"angle":0.94},{"time":1.75,"angle":0},{"time":3.3333,"angle":0},{"time":4.2916,"angle":1.68},{"time":5.2499,"angle":0},{"time":7.3332,"angle":0},{"time":8.2915,"angle":1.68},{"time":9.2082,"angle":0},{"time":10.9582,"angle":0},{"time":11.7082,"angle":1.68},{"time":12.4999,"angle":0}],"shear":[{"time":0},{"time":0.5},{"time":1.125},{"time":1.75},{"time":3.3333},{"time":4.2916},{"time":5.2499},{"time":7.3332},{"time":8.2915},{"time":9.2082},{"time":10.9582},{"time":11.7082},{"time":12.4999}]},"yezi41":{"rotate":[{"time":0,"angle":0},{"time":0.5,"angle":0},{"time":1.125,"angle":-4.63},{"time":1.75,"angle":0},{"time":3.3333,"angle":0},{"time":4.2916,"angle":-6.87},{"time":5.2499,"angle":0},{"time":7.3332,"angle":0},{"time":8.2915,"angle":-6.87},{"time":9.2082,"angle":0},{"time":10.9582,"angle":0},{"time":11.7082,"angle":-6.87},{"time":12.4999,"angle":0}],"shear":[{"time":0},{"time":0.5},{"time":1.125},{"time":1.75},{"time":3.3333},{"time":4.2916},{"time":5.2499},{"time":7.3332},{"time":8.2915},{"time":9.2082},{"time":10.9582},{"time":11.7082},{"time":12.4999}]},"yezi31":{"rotate":[{"time":0,"angle":0},{"time":0.5,"angle":0},{"time":1.125,"angle":-1.28},{"time":1.75,"angle":0},{"time":3.3333,"angle":0},{"time":4.2916,"angle":-1.48},{"time":5.2499,"angle":0},{"time":7.3332,"angle":0},{"time":8.2915,"angle":-1.48},{"time":9.2082,"angle":0},{"time":10.9582,"angle":0},{"time":11.7082,"angle":-1.48},{"time":12.4999,"angle":0}],"shear":[{"time":0},{"time":0.5},{"time":1.125},{"time":1.75},{"time":3.3333},{"time":4.2916},{"time":5.2499},{"time":7.3332},{"time":8.2915},{"time":9.2082},{"time":10.9582},{"time":11.7082},{"time":12.4999}]},"yezi32":{"rotate":[{"time":0,"angle":0},{"time":0.5,"angle":0},{"time":1.125,"angle":0.86},{"time":1.75,"angle":0},{"time":3.3333,"angle":0},{"time":4.2916,"angle":0.4},{"time":5.2499,"angle":0},{"time":7.3332,"angle":0},{"time":8.2915,"angle":0.4},{"time":9.2082,"angle":0},{"time":10.9582,"angle":0},{"time":11.7082,"angle":0.4},{"time":12.4999,"angle":0}],"shear":[{"time":0},{"time":0.5},{"time":1.125},{"time":1.75},{"time":3.3333},{"time":4.2916},{"time":5.2499},{"time":7.3332},{"time":8.2915},{"time":9.2082},{"time":10.9582},{"time":11.7082},{"time":12.4999}]},"yezi35":{"rotate":[{"time":0,"angle":0},{"time":0.5,"angle":0},{"time":1.125,"angle":-0.97},{"time":1.75,"angle":0},{"time":3.3333,"angle":0},{"time":4.2916,"angle":-2.76},{"time":5.2499,"angle":0},{"time":7.3332,"angle":0},{"time":8.2915,"angle":-2.76},{"time":9.2082,"angle":0},{"time":10.9582,"angle":0},{"time":11.7082,"angle":-2.76},{"time":12.4999,"angle":0}],"shear":[{"time":0},{"time":0.5},{"time":1.125},{"time":1.75},{"time":3.3333},{"time":4.2916},{"time":5.2499},{"time":7.3332},{"time":8.2915},{"time":9.2082},{"time":10.9582},{"time":11.7082},{"time":12.4999}]},"yezi51":{"translate":[{"time":0},{"time":0.75,"x":-14,"y":-9.59},{"time":2.875,"x":35.83,"y":-109.3},{"time":4.9167,"x":-7.8,"y":-14.67},{"time":7.2917,"x":50.21,"y":-109.3},{"time":9.0417,"x":-6.16,"y":-16.43},{"time":11.375,"x":35.83,"y":-109.3}],"rotate":[{"time":0,"angle":0},{"time":0.75,"angle":0},{"time":2.875,"angle":-180},{"time":4.9167,"angle":0},{"time":7.2917,"angle":150.9},{"time":9.0417,"angle":0},{"time":11.375,"angle":-51.9}],"scale":[{"time":0,"x":2,"y":2}],"shear":[{"time":0},{"time":0.75},{"time":2.875},{"time":4.9167},{"time":7.2917},{"time":9.0417},{"time":11.375}]},"yezi52":{"translate":[{"time":0},{"time":0.375,"x":-3.1,"y":3.67},{"time":2.125,"x":-28.97,"y":-52.41},{"time":3.75,"x":-3.1,"y":3.67},{"time":5.5833,"x":-4.34,"y":-52.41},{"time":7.2916,"x":-3.1,"y":3.67},{"time":9.0833,"x":-28.97,"y":-52.41},{"time":10.8333,"x":-3.1,"y":3.67},{"time":12.5833,"x":-27.09,"y":-52.41}],"rotate":[{"time":0,"angle":0},{"time":0.375,"angle":13.47},{"time":2.125,"angle":-50},{"time":3.75,"angle":21.57},{"time":5.5833,"angle":137.35},{"time":7.2916,"angle":13.47},{"time":9.0833,"angle":-102.66},{"time":10.8333,"angle":21.57},{"time":12.5833,"angle":104.35}],"scale":[{"time":0,"x":1.5,"y":1.5}],"shear":[{"time":0},{"time":0.375},{"time":2.125},{"time":3.75},{"time":5.5833},{"time":7.2916},{"time":9.0833},{"time":10.8333},{"time":12.5833}]},"glow":{"translate":[{"time":0,"y":1.54}],"scale":[{"time":0,"x":2,"y":2}]},"glow1":{"translate":[{"time":0,"x":-40.07,"y":-16.08},{"time":0.9167,"x":-40.07,"y":-16.08},{"time":1.875,"x":-40.07,"y":10.78}],"scale":[{"time":0,"x":0.6,"y":0.6}]},"glow2":{"translate":[{"time":0},{"time":0.5417,"y":-3.68},{"time":1.4584,"y":12.86}],"scale":[{"time":0,"x":0.5,"y":0.5}]},"yezi411":{"translate":[{"time":0},{"time":1.6667,"y":-24.51},{"time":3.2917,"y":-103.51},{"time":9.0834,"y":-24.51},{"time":10.6667,"x":-26.33,"y":-103.51}],"rotate":[{"time":0,"angle":0},{"time":1.6667,"angle":0},{"time":3.2917,"angle":97.05},{"time":9.0834,"angle":0},{"time":10.6667,"angle":-100}],"scale":[{"time":0,"x":1,"y":1},{"time":1.6667,"x":0.6,"y":0.6},{"time":9.0834,"x":0.8,"y":0.8}],"shear":[{"time":0},{"time":1.6667},{"time":3.2917},{"time":9.0834},{"time":10.6667}]}},"slots":{"shanzi":{"attachment":[{"time":0,"name":"shanzi"},{"time":0.0417,"name":"shanzi4"},{"time":0.0834,"name":"shanzi7"},{"time":0.7084,"name":"shanzi6"},{"time":0.7501,"name":"shanzi5"},{"time":0.7918,"name":"shanzi4"},{"time":0.8335,"name":"shanzi3"},{"time":0.8752,"name":"shanzi2"},{"time":0.9169,"name":"shanzi1"},{"time":0.9586,"name":"shanzi8"},{"time":1.0003,"name":"shanzi"}]},"sao":{"attachment":[{"time":0,"name":""},{"time":0.625,"name":"sao00"},{"time":0.7083,"name":"sao01"},{"time":0.7916,"name":"sao02"},{"time":0.8333,"name":"sao03"},{"time":0.875,"name":"sao04"},{"time":0.9583,"name":"sao05"},{"time":1.0416,"name":"sao06"},{"time":1.0833,"name":"sao07"},{"time":1.1666,"name":"sao08"},{"time":1.2083,"name":"sao09"},{"time":1.2916,"name":"sao10"},{"time":1.3749,"name":"sao11"},{"time":1.4166,"name":"sao12"},{"time":1.4583,"name":"sao13"},{"time":1.5416,"name":"sao14"},{"time":1.6249,"name":"sao15"},{"time":1.6666,"name":"sao16"},{"time":1.7083,"name":"sao17"},{"time":1.8333,"name":"sao18"},{"time":1.875,"name":"sao19"}],"color":[{"time":0,"curve":"stepped","color":"FFFFFFFF"},{"time":1.875,"color":"FFFFFFFF"},{"time":1.9167,"color":"FFFFFF00"}]},"glow":{"color":[{"time":0,"color":"FFFFFF00"},{"time":0.8333,"color":"FFFFFF00"},{"time":1.0416,"color":"FFFFFFFF"},{"time":1.4583,"color":"FFFFFFFF"},{"time":1.875,"color":"FFFFFF00"}]},"yezi11":{"color":[{"time":0,"color":"FFFFFF00"},{"time":0.2917,"color":"FFFFFF00"},{"time":0.375,"color":"FFFFFFFF"},{"time":1.25,"color":"FFFFFFFF"},{"time":2.125,"color":"FFFFFF00"},{"time":3.7083,"color":"FFFFFF00"},{"time":3.75,"color":"FFFFFFFF"},{"time":4.6667,"color":"FFFFFFFF"},{"time":5.5834,"color":"FFFFFF00"},{"time":7.2501,"color":"FFFFFF00"},{"time":7.2918,"color":"FFFFFFFF"},{"time":8.1668,"color":"FFFFFFFF"},{"time":9.0835,"color":"FFFFFF00"},{"time":10.7918,"color":"FFFFFF00"},{"time":10.8335,"color":"FFFFFFFF"},{"time":11.5835,"color":"FFFFFFFF"},{"time":12.5835,"color":"FFFFFF00"}]},"yezi21":{"color":[{"time":0,"color":"FFFFFF00"},{"time":0.7083,"color":"FFFFFF00"},{"time":0.75,"color":"FFFFFFFF"},{"time":1.7917,"color":"FFFFFFFF"},{"time":2.875,"color":"FFFFFF00"},{"time":4.8333,"color":"FFFFFF00"},{"time":4.9166,"color":"FFFFFFFF"},{"time":6.1666,"color":"FFFFFFFF"},{"time":7.2916,"color":"FFFFFF00"},{"time":8.9999,"color":"FFFFFF00"},{"time":9.0416,"color":"FFFFFFFF"},{"time":10.2499,"color":"FFFFFFFF"},{"time":11.3749,"color":"FFFFFF00"}]},"glow1":{"color":[{"time":0,"color":"FFFFFF00"},{"time":0.875,"color":"FFFFFF00"},{"time":0.9167,"color":"FFFFFFFF"},{"time":1.25,"color":"FFFFFF00"},{"time":1.2917,"color":"FFFFFFFF"},{"time":1.5,"color":"FFFFFFFF"},{"time":1.875,"color":"FFFFFF00"}]},"glow2":{"color":[{"time":0,"color":"FFFFFF00"},{"time":0.5,"color":"FFFFFF00"},{"time":0.5417,"color":"FFFFFFFF"},{"time":0.8334,"color":"FFFFFF00"},{"time":0.9167,"color":"FFFFFFFF"},{"time":1.0834,"color":"FFFFFFFF"},{"time":1.4584,"color":"FFFFFF00"}]},"yezi41":{"color":[{"time":0,"color":"FFFFFF00"},{"time":1.625,"color":"FFFFFF00"},{"time":1.6667,"color":"FFFFFFFF"},{"time":3.2917,"color":"FFFFFFFF"},{"time":3.3334,"color":"FFFFFF00"},{"time":9.0417,"color":"FFFFFF00"},{"time":9.0834,"color":"FFFFFFFF"},{"time":10.6667,"color":"FFFFFFFF"},{"time":10.7084,"color":"FFFFFF00"}]},"saoguang3_00":{"attachment":[{"time":0,"name":""},{"time":3.2917,"name":"saoguang3_00"},{"time":3.3334,"name":"saoguang3_02"},{"time":3.3751,"name":"saoguang3_04"},{"time":3.4168,"name":"saoguang3_06"},{"time":3.4585,"name":"saoguang3_08"},{"time":3.5002,"name":"saoguang3_10"},{"time":3.5419,"name":"saoguang3_12"},{"time":3.5836,"name":"saoguang3_14"},{"time":3.6253,"name":"saoguang3_16"},{"time":3.667,"name":"saoguang3_18"},{"time":3.7087,"name":"saoguang3_20"},{"time":3.7504,"name":"saoguang3_22"},{"time":3.7921,"name":"saoguang3_24"},{"time":3.8338,"name":"saoguang3_26"},{"time":3.8755,"name":"saoguang3_28"},{"time":3.9172,"name":"saoguang3_30"},{"time":3.9589,"name":"saoguang3_32"},{"time":4.0006,"name":"saoguang3_34"},{"time":4.0423,"name":"saoguang3_36"},{"time":4.084,"name":"saoguang3_38"}],"color":[{"time":0,"color":"FFFFFF00"},{"time":3.2917,"color":"FFFFFFFF"},{"time":4.125,"color":"FFFFFFFF"},{"time":4.1667,"color":"FFFFFF00"}]}},"deform":{"default":{"shanzi":{"shanzi":[{"time":0,"curve":"stepped","offset":17,"vertices":[0]},{"time":1,"offset":6,"vertices":[-0.92]},{"time":2.2917,"vertices":[-13.18,-9.94,21.12,-10.42,9.47,-6.51,0.33,0.73,11.36,-14.24,-3.56,-6.29,0.81,-9.93,-0.66,-9.36,3.08,2.58]},{"time":3.4584,"offset":6,"vertices":[-0.92]},{"time":4.3334,"vertices":[9.03,-6.26,-8.24,-15.17,-8.13,2.11,8.27,8.09,-7.23,-0.78,5.88,1.75,0.39,-0.83,1.14,-9,-0.84,3.66]},{"time":5.1251,"offset":6,"vertices":[-0.92]},{"time":6.3751,"vertices":[-13.18,-9.94,21.12,-10.42,9.47,-6.51,0.33,0.73,11.36,-14.24,-3.56,-6.29,0.81,-9.93,-0.66,-9.36,3.08,2.58]},{"time":7.4584,"offset":6,"vertices":[-0.92]},{"time":8.2917,"vertices":[9.03,-6.26,-8.24,-15.17,-8.13,2.11,8.27,8.09,-7.23,-0.78,5.88,1.75,0.39,-0.83,1.14,-9,-0.84,3.66]},{"time":9.0417,"offset":6,"vertices":[-0.92]},{"time":10.1667,"vertices":[-13.18,-9.94,21.12,-10.42,9.47,-6.51,0.33,0.73,11.36,-14.24,-3.56,-6.29,0.81,-9.93,-0.66,-9.36,3.08,2.58]},{"time":11.2084,"offset":6,"vertices":[-0.92]},{"time":11.9584,"vertices":[9.03,-6.26,-8.24,-15.17,-8.13,2.11,8.27,8.09,-7.23,-0.78,5.88,1.75,0.39,-0.83,1.14,-9,-0.84,3.66]},{"time":12.6667,"offset":6,"vertices":[-0.92]}]}}}}}}