{
  "skeleton": {
    "width": 530.65,
    "height": 309.61,
    "fps": 24,
    "hash": " ",
    "spine": " ",
    "name": "SG_effect_hall"
  },
  "bones": [

    { "name": "root" },
    {
      "name": "鱼",
      "parent": "root"
    },
    {
      "name": "水滴",
      "parent": "root"
    },
    {
      "name": "水波2",
      "parent": "root"
    },
    {
      "name": "水波1",
      "parent": "root"
    },
    {
      "name": "水波",
      "parent": "root"
    },
    {
      "name": "水波3",
      "parent": "root"
    },
    {
      "name": "水波4",
      "parent": "root"
    },
    {
      "name": "水滴1",
      "parent": "root"
    },
    {
      "name": "水滴2",
      "parent": "root"
    },
    {
      "name": "花瓣总",
      "parent": "root"
    },
    {
      "x": -362.3286,
      "y": 267.1087,
      "name": "花瓣13",
      "parent": "花瓣总"
    },
    {
      "length": 2,
      "x": -14.6,
      "y": 15.55,
      "rotation": -35.2724,
      "name": "鱼1",
      "parent": "鱼"
    },
    {
      "x": -362.3286,
      "y": 267.1087,
      "name": "花瓣12",
      "parent": "花瓣总"
    },
    {
      "x": -362.3286,
      "y": 267.1087,
      "name": "花瓣1",
      "parent": "花瓣总"
    },
    {
      "x": -362.3286,
      "y": 267.1087,
      "name": "花瓣11",
      "parent": "花瓣总"
    },
    {
      "x": -453.1523,
      "y": 200.4885,
      "name": "花瓣2",
      "parent": "花瓣总"
    },
    {
      "x": -453.1523,
      "y": 200.4885,
      "name": "花瓣21",
      "parent": "花瓣总"
    },
    {
      "x": -453.1523,
      "y": 200.4885,
      "name": "花瓣22",
      "parent": "花瓣总"
    },
    {
      "x": -453.1523,
      "y": 200.4885,
      "name": "花瓣23",
      "parent": "花瓣总"
    },
    {
      "x": -453.1523,
      "y": 200.4885,
      "name": "花瓣24",
      "parent": "花瓣总"
    },
    {
      "length": 15,
      "x": 4.2673,
      "y": 0.2011,
      "rotation": 1.9927,
      "name": "鱼2",
      "parent": "鱼1"
    },
    {
      "length": 15,
      "x": 15.4904,
      "rotation": -14.5957,
      "name": "鱼3",
      "parent": "鱼2"
    },
    {
      "length": 12,
      "x": 15.5052,
      "rotation": -29.2889,
      "name": "鱼4",
      "parent": "鱼3"
    }
  ],
  "slots": [

    {
      "name": "鱼",
      "bone": "鱼4",
      "attachment": "鱼2"
    },
    {
      "name": "水波",
      "bone": "水波",
      "blend": "additive",
      "attachment": "水波_00001"
    },
    {
      "name": "水波1",
      "bone": "水波1",
      "blend": "additive",
      "attachment": "水波_00001"
    },
    {
      "name": "水滴",
      "bone": "水滴",
      "attachment": "水滴_00000"
    },
    {
      "name": "水波2",
      "bone": "水波2",
      "blend": "additive",
      "attachment": "水波_00001"
    },
    {
      "name": "水波3",
      "bone": "水波3",
      "blend": "additive",
      "attachment": "水波_00001"
    },
    {
      "name": "水波4",
      "bone": "水波4",
      "blend": "additive",
      "attachment": "水波_00001"
    },
    {
      "name": "水滴1",
      "bone": "水滴1",
      "attachment": "水滴_00000"
    },
    {
      "name": "水滴2",
      "bone": "水滴2",
      "attachment": "水滴_00000"
    },
    {
      "name": "花瓣",
      "bone": "花瓣1",
      "attachment": "桃花瓣1"
    },
    {
      "name": "花瓣2",
      "bone": "花瓣2",
      "attachment": "桃花瓣2"
    },
    {
      "name": "花瓣1",
      "bone": "花瓣11",
      "attachment": "桃花瓣1"
    },
    {
      "name": "花瓣3",
      "bone": "花瓣12",
      "attachment": "桃花瓣1"
    },
    {
      "name": "花瓣4",
      "bone": "花瓣13",
      "attachment": "桃花瓣1"
    },
    {
      "name": "花瓣21",
      "bone": "花瓣21",
      "attachment": "桃花瓣2"
    },
    {
      "name": "花瓣22",
      "bone": "花瓣22",
      "attachment": "桃花瓣2"
    },
    {
      "name": "花瓣23",
      "bone": "花瓣23",
      "attachment": "桃花瓣2"
    },
    {
      "name": "花瓣24",
      "bone": "花瓣24",
      "attachment": "桃花瓣2"
    }
  ],
  "skins": 
  {
    "default": {
      "花瓣3": {
        "桃花瓣1": {
          "name": "桃花瓣1",
          "width": 20,
          "height": 22
        }
      },
      "花瓣22": {
        "桃花瓣2": {
          "name": "桃花瓣2",
          "width": 20,
          "height": 22
        }
      },
      "水波": {
        "水波_00001": {
          "name": "水波_00001",
          "width": 121,
          "height": 44
        }
      },
      "水滴1": {
        "水滴_00000": {
          "name": "水滴_00000",
          "width": 17,
          "height": 24
        }
      },
      "水波1": {
        "水波_00001": {
          "name": "水波_00001",
          "width": 121,
          "height": 44
        }
      },
      "花瓣": {
        "桃花瓣1": {
          "name": "桃花瓣1",
          "width": 20,
          "height": 22
        }
      },
      "花瓣24": {
        "桃花瓣2": {
          "name": "桃花瓣2",
          "width": 20,
          "height": 22
        }
      },
      "水波2": {
        "水波_00001": {
          "name": "水波_00001",
          "width": 121,
          "height": 44
        }
      },
      "花瓣23": {
        "桃花瓣2": {
          "name": "桃花瓣2",
          "width": 20,
          "height": 22
        }
      },
      "花瓣2": {
        "桃花瓣2": {
          "name": "桃花瓣2",
          "width": 20,
          "height": 22
        }
      },
      "水波4": {
        "水波_00001": {
          "name": "水波_00001",
          "width": 121,
          "height": 44
        }
      },
      "花瓣1": {
        "桃花瓣1": {
          "name": "桃花瓣1",
          "width": 20,
          "height": 22
        }
      },
      "水滴2": {
        "水滴_00000": {
          "name": "水滴_00000",
          "width": 17,
          "height": 24
        }
      },
      "花瓣21": {
        "桃花瓣2": {
          "name": "桃花瓣2",
          "width": 20,
          "height": 22
        }
      },
      "花瓣4": {
        "桃花瓣1": {
          "name": "桃花瓣1",
          "width": 20,
          "height": 22
        }
      },
      "水波3": {
        "水波_00001": {
          "name": "水波_00001",
          "width": 121,
          "height": 44
        }
      },
      "鱼": {
        "鱼2": {
          "name": "鱼2",
          "width": 40,
          "height": 50,
          "hull": 32,
          "triangles": [ 36, 15, 16, 20, 35, 19, 36, 16, 17, 36, 17, 18, 19, 36, 18, 14, 15, 36, 13, 14, 36, 12, 13, 36, 21, 34, 20, 34, 35, 20, 11, 12, 35, 34, 11, 35, 26, 24, 25, 22, 34, 21, 34, 10, 11, 27, 24, 26, 33, 34, 22, 23, 33, 22, 27, 23, 24, 33, 9, 34, 9, 10, 34, 27, 28, 23, 28, 33, 23, 28, 32, 33, 8, 9, 33, 32, 8, 33, 32, 3, 8, 3, 4, 8, 29, 32, 28, 5, 6, 7, 5, 7, 8, 4, 5, 8, 2, 3, 32, 30, 32, 29, 1, 2, 32, 0, 1, 32, 30, 0, 32, 31, 0, 30, 12, 35, 36, 35, 36, 19 ],
          "uvs": [ 0.0625, 0.171, 0.055, 0.234, 0.1075, 0.311, 0.18125, 0.371, 0.18875, 0.45, 0.2125, 0.528, 0.3, 0.596, 0.36, 0.578, 0.38375, 0.498, 0.47, 0.51, 0.55875, 0.554, 0.65125, 0.6, 0.7175, 0.65, 0.7125, 0.708, 0.6825, 0.768, 0.7325, 0.836, 0.8325, 0.876, 0.9275, 0.856, 0.91, 0.692, 0.8625, 0.622, 0.795, 0.488, 0.73375, 0.41, 0.685, 0.35, 0.61125, 0.306, 0.66, 0.27, 0.74125, 0.228, 0.65, 0.156, 0.535, 0.154, 0.43375, 0.196, 0.28875, 0.148, 0.2025, 0.128, 0.1125, 0.132, 0.3, 0.288, 0.4975, 0.386, 0.65, 0.474, 0.7525, 0.577, 0.82, 0.697 ],
          "edges": [ 0, 2, 2, 4, 4, 6, 6, 8, 8, 10, 10, 12, 12, 14, 14, 16, 16, 18, 18, 20, 20, 22, 22, 24, 24, 26, 26, 28, 28, 30, 30, 32, 32, 34, 34, 36, 36, 38, 38, 40, 40, 42, 42, 44, 44, 46, 46, 48, 48, 50, 50, 52, 52, 54, 54, 56, 56, 58, 58, 60, 60, 62, 62, 0, 0, 64, 64, 66, 66, 68, 68, 70, 70, 72, 72, 32 ],
          "vertices": [ 1, 12, -2.89, -0.94, 1, 1, 12, -1.31, -3.68, 1, 1, 12, 2.62, -5.62, 1, 1, 21, 2.27, -6.65, 1, 1, 21, 4.69, -9.78, 1, 1, 21, 7.62, -12.52, 1, 2, 21, 12.41, -13.44, 0.99, 22, 0.41, -13.79, 0.01, 1, 21, 13.93, -11.37, 1, 1, 21, 12.52, -7.51, 1, 1, 22, 1.78, -5.86, 1, 1, 22, 5.79, -4.7, 1, 1, 22, 9.98, -3.5, 1, 1, 22, 13.61, -3.21, 1, 1, 23, 2.7, -4.56, 1, 1, 23, 5.36, -6.4, 1, 1, 23, 9.12, -5.21, 1, 1, 23, 11.96, -1.75, 1, 1, 23, 11.83, 2.18, 1, 1, 23, 3.68, 3.32, 1, 1, 22, 16.47, 2.03, 1, 1, 22, 9.68, 4.52, 1, 1, 22, 5.15, 5.32, 1, 1, 22, 1.62, 5.89, 1, 1, 21, 14.86, 5.51, 1, 1, 21, 15.51, 8.08, 1, 1, 21, 17.07, 11.62, 1, 1, 21, 12.04, 12.63, 1, 1, 21, 8.14, 10.19, 1, 1, 21, 5.91, 6.21, 1, 1, 12, 3.84, 5.23, 1, 1, 12, 0.44, 4.05, 1, 1, 12, -2.38, 1.81, 1, 1, 21, 3.96, -0.57, 1, 1, 21, 13.26, -0.33, 1, 1, 22, 5.28, 0.69, 1, 1, 22, 11.85, 0.28, 1, 1, 23, 3.12, -0.25, 1 ],
          "type": "mesh"
        }
      },
      "水滴": {
        "水滴_00000": {
          "name": "水滴_00000",
          "width": 17,
          "height": 24
        }
      }
    }
  },"animations":{"newAnimation1":{"bones":{"鱼":{"scale":[{"time":0,"x":0.8,"y":0.8}]},"鱼2":{"rotate":[{"time":0,"angle":0},{"time":1.0417,"angle":9},{"time":2.0834,"angle":0}],"shear":[{"time":0},{"time":1.0417},{"time":2.0834}]},"鱼3":{"rotate":[{"time":0,"curve":"stepped","angle":0},{"time":0.2083,"angle":0},{"time":1.25,"angle":23},{"time":2.2917,"angle":0}],"shear":[{"time":0,"curve":"stepped"},{"time":0.2083},{"time":1.25},{"time":2.2917}]},"鱼4":{"rotate":[{"time":0,"curve":"stepped","angle":0},{"time":0.4167,"angle":0},{"time":1.4584,"angle":46},{"time":2.5001,"angle":0}],"shear":[{"time":0,"curve":"stepped"},{"time":0.4167},{"time":1.4584},{"time":2.5001}]}},"slots":{"鱼":{"color":[{"time":0,"color":"FFFFFFCC"}]},"水波":{"color":[{"time":0,"color":"FFFFFF00"}]},"水波1":{"color":[{"time":0,"color":"FFFFFF00"}]},"水滴":{"color":[{"time":0,"color":"FFFFFF00"}]},"水波2":{"color":[{"time":0,"color":"FFFFFF00"}]},"水波3":{"color":[{"time":0,"color":"FFFFFF00"}]},"水波4":{"color":[{"time":0,"color":"FFFFFF00"}]},"水滴1":{"color":[{"time":0,"color":"FFFFFF00"}]},"水滴2":{"color":[{"time":0,"color":"FFFFFF00"}]},"花瓣":{"attachment":[{"time":0,"name":""}]},"花瓣2":{"attachment":[{"time":0,"name":""}]},"花瓣1":{"attachment":[{"time":0,"name":""}]},"花瓣3":{"attachment":[{"time":0,"name":""}]},"花瓣4":{"attachment":[{"time":0,"name":""}]},"花瓣21":{"attachment":[{"time":0,"name":""}]},"花瓣22":{"attachment":[{"time":0,"name":""}]},"花瓣23":{"attachment":[{"time":0,"name":""}]},"花瓣24":{"attachment":[{"time":0,"name":""}]}},"deform":{"default":{"鱼":{"鱼2":[{"time":0,"offset":73,"vertices":[0]},{"time":1.25,"offset":8,"vertices":[1.63,-0.66,1.64,-0.56,2.57,-0.79,2.14,-0.62,0,0,-0.66,-0.57,-1.16,-1.17,-0.9,-1.56,-0.17,-0.59,0,0,2.11,-1.18,2.82,-0.97,4.03,1.35,3.12,1.67,-0.84,-0.55,0,0,-0.96,-1.1,-0.2,-2.06,0.09,-2.03,0,0,0.36,-1.56,1.14,-3.32,1.36,-2.44,0.36,-1.56,0,0,0,0,0,0,0,0,0,0,0,0,-0.58,-1.22,-0.36,-0.77]},{"time":2.5,"offset":73,"vertices":[0]}]}}}},"newAnimation2":{"bones":{"鱼":{"translate":[{"time":0,"x":59.08,"y":-42.29},{"time":0.25,"curve":[0,0,0.5,1],"x":49.99,"y":-29.28},{"time":0.625,"curve":[0.5,0,1,1],"x":32.44,"y":28.66},{"time":1,"x":-3.1,"y":-26.36},{"time":1.25,"x":-13.79,"y":-50.02}],"rotate":[{"time":0,"curve":"stepped","angle":0},{"time":0.25,"angle":-17},{"time":0.625,"angle":47},{"time":1,"angle":94}],"scale":[{"time":0,"curve":"stepped","x":1,"y":1},{"time":0.25,"x":1,"y":1},{"time":0.625,"x":0.8,"y":0.8},{"time":1,"x":1,"y":1}],"shear":[{"time":0,"curve":"stepped"},{"time":0.25},{"time":0.625},{"time":1}]},"鱼1":{"rotate":[{"time":0,"curve":"stepped","angle":0},{"time":0.3333,"angle":-11},{"time":0.5416,"angle":9},{"time":0.7916,"angle":-11}],"shear":[{"time":0,"curve":"stepped"},{"time":0.3333},{"time":0.5416},{"time":0.7916}]},"鱼2":{"rotate":[{"time":0,"curve":"stepped","angle":0},{"time":0.5833,"angle":13.01},{"time":0.6666,"angle":-6},{"time":0.7499,"angle":13.01}],"shear":[{"time":0,"curve":"stepped"},{"time":0.5833},{"time":0.6666},{"time":0.7499}]},"鱼3":{"rotate":[{"time":0,"curve":"stepped","angle":0},{"time":0.375,"angle":0},{"time":0.5833,"angle":43},{"time":0.7083,"angle":-1},{"time":0.875,"angle":43},{"time":1,"angle":5}],"shear":[{"time":0,"curve":"stepped"},{"time":0.375},{"time":0.5833},{"time":0.7083},{"time":0.875},{"time":1}]},"鱼4":{"rotate":[{"time":0,"curve":"stepped","angle":0},{"time":0.4583,"angle":0},{"time":0.75,"angle":46},{"time":0.875,"angle":19},{"time":1,"angle":46},{"time":1.125,"angle":19}],"shear":[{"time":0,"curve":"stepped"},{"time":0.4583},{"time":0.75},{"time":0.875},{"time":1},{"time":1.125}]},"水波":{"translate":[{"time":0,"curve":"stepped"},{"time":0.25,"x":45.26,"y":0.88}],"scale":[{"time":0,"curve":"stepped","x":1,"y":1},{"time":0.25,"curve":[0,0,0.5,1],"x":0.3,"y":0.3},{"time":1.4583,"x":0.7,"y":0.7}]},"水波1":{"translate":[{"time":0,"curve":"stepped"},{"time":0.75,"x":45.26,"y":0.88}],"scale":[{"time":0,"curve":"stepped","x":1,"y":1},{"time":0.75,"curve":[0,0,0.5,1],"x":0.3,"y":0.3},{"time":2.5,"x":0.7,"y":0.7}]},"水滴":{"translate":[{"time":0,"curve":"stepped"},{"time":0.3333,"curve":[0,0,0.5,1],"x":53.02,"y":1.08},{"time":0.7083,"x":65.51,"y":25.55}],"rotate":[{"time":0,"angle":126}],"scale":[{"time":0,"x":0.19,"y":0.35},{"time":0.3333,"x":0.15,"y":0.3}],"shear":[{"time":0}]},"水波2":{"translate":[{"time":0,"curve":"stepped"},{"time":0.9583,"x":-10.6,"y":-33.23}],"scale":[{"time":0,"curve":"stepped","x":1,"y":1},{"time":0.9583,"curve":[0,0,0.5,1],"x":0.3,"y":0.3},{"time":2.2083,"x":0.7,"y":0.7}]},"水波3":{"translate":[{"time":0,"curve":"stepped"},{"time":1.4167,"x":-10.6,"y":-33.23}],"scale":[{"time":0,"curve":"stepped","x":1,"y":1},{"time":1.4167,"curve":[0,0,0.6998616874135546,1],"x":0.2,"y":0.2},{"time":2.6667,"x":0.6,"y":0.6}]},"水波4":{"translate":[{"time":0,"curve":"stepped"},{"time":2.125,"x":-10.6,"y":-33.23}],"scale":[{"time":0,"curve":"stepped","x":1,"y":1},{"time":2.125,"x":0.3,"y":0.3},{"time":3.4583,"x":0.5,"y":0.5}]},"水滴1":{"translate":[{"time":0,"curve":"stepped"},{"time":0.9583,"curve":[0,0,0.5,1],"x":-2.32,"y":-29.81},{"time":1.2916,"x":14.3,"y":-20.4}],"rotate":[{"time":0,"angle":126}],"scale":[{"time":0,"x":0.19,"y":0.35},{"time":0.9583,"x":0.25,"y":0.4}],"shear":[{"time":0}]},"水滴2":{"translate":[{"time":0,"curve":"stepped"},{"time":0.9583,"curve":[0,0,0.5,1],"x":-2.32,"y":-29.81},{"time":1.5,"x":-28.24,"y":-23.54}],"rotate":[{"time":0,"angle":126}],"scale":[{"time":0,"x":0.19,"y":0.35},{"time":0.9583,"x":-0.15,"y":-0.2}],"shear":[{"time":0}]}},"slots":{"鱼":{"color":[{"time":0,"color":"FFFFFF00"},{"time":0.1667,"color":"FFFFFF00"},{"time":0.3334,"color":"FFFFFFFF"},{"time":1.0001,"color":"FFFFFFFF"},{"time":1.2501,"color":"FFFFFF00"}]},"水波":{"color":[{"time":0,"color":"FFFFFF00"},{"time":0.2917,"color":"FFFFFF00"},{"time":0.3334,"color":"FFFFFFFF"},{"time":1.4584,"color":"FFFFFF00"}]},"水波1":{"color":[{"time":0,"color":"FFFFFF00"},{"time":0.7917,"color":"FFFFFF00"},{"time":0.8334,"color":"FFFFFFFF"},{"time":2.5001,"color":"FFFFFF00"}]},"水滴":{"color":[{"time":0,"color":"FFFFFF00"},{"time":0.3333,"color":"FFFFFF00"},{"time":0.375,"color":"FFFFFF99"},{"time":0.7083,"color":"FFFFFF00"}]},"水波2":{"color":[{"time":0,"color":"FFFFFF00"},{"time":1,"color":"FFFFFF00"},{"time":1.0417,"color":"FFFFFFFF"},{"time":2.2084,"color":"FFFFFF00"}]},"水波3":{"color":[{"time":0,"color":"FFFFFF00"},{"time":1.4583,"color":"FFFFFF00"},{"time":1.5,"color":"FFFFFFFF"},{"time":2.6667,"color":"FFFFFF00"}]},"水波4":{"color":[{"time":0,"color":"FFFFFF00"},{"time":2.1667,"color":"FFFFFF00"},{"time":2.2084,"color":"FFFFFFFF"},{"time":3.4584,"color":"FFFFFF00"}]},"水滴1":{"color":[{"time":0,"color":"FFFFFF00"},{"time":0.9583,"color":"FFFFFF00"},{"time":1,"color":"FFFFFFB3"},{"time":1.2083,"color":"FFFFFF00"}]},"水滴2":{"color":[{"time":0,"color":"FFFFFF00"},{"time":0.9583,"color":"FFFFFF00"},{"time":1,"color":"FFFFFF99"},{"time":1.5,"color":"FFFFFF00"}]},"花瓣":{"attachment":[{"time":0,"name":""}]},"花瓣2":{"attachment":[{"time":0,"name":""}]},"花瓣1":{"attachment":[{"time":0,"name":""}]},"花瓣3":{"attachment":[{"time":0,"name":""}]},"花瓣4":{"attachment":[{"time":0,"name":""}]},"花瓣21":{"attachment":[{"time":0,"name":""}]},"花瓣22":{"attachment":[{"time":0,"name":""}]},"花瓣23":{"attachment":[{"time":0,"name":""}]},"花瓣24":{"attachment":[{"time":0,"name":""}]}}},"newAnimation3":{"bones":{"花瓣1":{"translate":[{"time":0,"curve":[0.10096818810511754,0.0076142131979695426,1,1],"x":-61.08,"y":-67},{"time":2.5,"x":176.25,"y":-233.76}],"rotate":[{"time":0,"angle":0},{"time":2.5,"angle":-119}],"scale":[{"time":0,"x":1,"y":1},{"time":1.25,"x":1.2,"y":1.2},{"time":2.5,"x":1,"y":1}],"shear":[{"time":0},{"time":2.5}]},"花瓣2":{"translate":[{"time":0,"curve":"stepped"},{"time":1.75,"x":94.81,"y":74.75},{"time":4.5833,"x":378.61,"y":-156.16}],"rotate":[{"time":0,"curve":"stepped","angle":0},{"time":1.75,"angle":-88},{"time":4.5833,"angle":90}],"scale":[{"time":0,"curve":"stepped","x":1,"y":1},{"time":1.75,"x":1.5,"y":1.5},{"time":4.5833,"x":0.7,"y":0.7}],"shear":[{"time":0,"curve":"stepped"},{"time":1.75},{"time":4.5833}]},"花瓣11":{"translate":[{"time":0,"curve":"stepped"},{"time":3.5833,"curve":[0.10096818810511754,0.0076142131979695426,1,1],"x":-189.51,"y":-0.49},{"time":6.0833,"x":-64.83,"y":-325.63}],"rotate":[{"time":0,"curve":"stepped","angle":0},{"time":3.5833,"angle":0},{"time":6.0833,"angle":-119}],"scale":[{"time":0,"curve":"stepped","x":1,"y":1},{"time":3.5833,"x":0.8,"y":0.8},{"time":4.8333,"x":1.2,"y":1.2},{"time":6.0833,"x":1,"y":1}],"shear":[{"time":0,"curve":"stepped"},{"time":3.5833},{"time":6.0833}]},"花瓣12":{"translate":[{"time":0,"curve":"stepped"},{"time":0.375,"curve":[0.10096818810511754,0.0076142131979695426,1,1],"x":-50.48,"y":9.54},{"time":3.5833,"x":446.43,"y":-263.28}],"rotate":[{"time":0,"curve":"stepped","angle":0},{"time":0.375,"angle":0},{"time":3.5833,"angle":38}],"scale":[{"time":0,"curve":"stepped","x":1,"y":1},{"time":0.375,"x":0.7,"y":0.7},{"time":1.625,"x":1.2,"y":1.2},{"time":3.5833,"x":1,"y":1}],"shear":[{"time":0,"curve":"stepped"},{"time":0.375},{"time":3.5833}]},"花瓣13":{"translate":[{"time":0,"curve":"stepped"},{"time":4.3333,"curve":[0.10096818810511754,0.0076142131979695426,1,1],"x":-64.13,"y":33.96},{"time":7.2916,"x":145.53,"y":-361.68}],"rotate":[{"time":0,"curve":"stepped","angle":0},{"time":4.3333,"angle":0},{"time":7.2916,"angle":-119}],"scale":[{"time":0,"curve":"stepped","x":1,"y":1},{"time":4.3333,"x":1,"y":1},{"time":5.9166,"x":1.2,"y":1.2},{"time":7.2916,"x":1,"y":1}],"shear":[{"time":0,"curve":"stepped"},{"time":4.3333},{"time":7.2916}]},"花瓣21":{"translate":[{"time":0,"curve":"stepped"},{"time":2.5,"x":-16.27,"y":-5.16},{"time":6.2917,"x":392.94,"y":-306.39}],"rotate":[{"time":0,"curve":"stepped","angle":0},{"time":2.5,"angle":-88},{"time":6.2917,"angle":-180}],"scale":[{"time":0,"curve":"stepped","x":1,"y":1},{"time":2.5,"x":1.5,"y":1.5},{"time":6.2917,"x":0.7,"y":0.7}],"shear":[{"time":0,"curve":"stepped"},{"time":2.5},{"time":6.2917}]},"花瓣22":{"translate":[{"time":0,"curve":"stepped"},{"time":4.6667,"x":-97.79,"y":102.29},{"time":6.9584,"x":111.2,"y":-259.16}],"rotate":[{"time":0,"curve":"stepped","angle":0},{"time":4.6667,"angle":-88},{"time":6.9584,"angle":90}],"scale":[{"time":0,"curve":"stepped","x":1,"y":1},{"time":4.6667,"x":1.5,"y":1.5},{"time":6.9584,"x":0.7,"y":0.7}],"shear":[{"time":0,"curve":"stepped"},{"time":4.6667},{"time":6.9584}]},"花瓣23":{"translate":[{"time":0,"curve":"stepped"},{"time":0.2917,"x":-171.83,"y":47.85},{"time":3.125,"x":100.31,"y":-269.72}],"rotate":[{"time":0,"curve":"stepped","angle":0},{"time":0.2917,"angle":-88},{"time":3.125,"angle":90}],"scale":[{"time":0,"curve":"stepped","x":1,"y":1},{"time":0.2917,"x":1.5,"y":1.5},{"time":3.125,"x":0.7,"y":0.7}],"shear":[{"time":0,"curve":"stepped"},{"time":0.2917},{"time":3.125}]},"花瓣24":{"translate":[{"time":0,"curve":"stepped"},{"time":2.375,"x":-158.77,"y":41.32},{"time":5.5417,"x":289.76,"y":-359.55}],"rotate":[{"time":0,"curve":"stepped","angle":0},{"time":2.375,"angle":-88},{"time":5.5417,"angle":90}],"scale":[{"time":0,"curve":"stepped","x":1,"y":1},{"time":2.375,"x":1.5,"y":1.5},{"time":5.5417,"x":0.7,"y":0.7}],"shear":[{"time":0,"curve":"stepped"},{"time":2.375},{"time":5.5417}]}},"slots":{"鱼":{"attachment":[{"time":0,"name":""}]},"水波":{"attachment":[{"time":0,"name":""}]},"水波1":{"attachment":[{"time":0,"name":""}]},"水滴":{"attachment":[{"time":0,"name":""}]},"水波2":{"attachment":[{"time":0,"name":""}]},"水波3":{"attachment":[{"time":0,"name":""}]},"水波4":{"attachment":[{"time":0,"name":""}]},"水滴1":{"attachment":[{"time":0,"name":""}]},"水滴2":{"attachment":[{"time":0,"name":""}]},"花瓣":{"color":[{"time":0,"color":"FFFFFF00"},{"time":0.25,"color":"FFFFFFFF"},{"time":2.2083,"color":"FFFFFFFF"},{"time":2.5,"color":"FFFFFF00"}]},"花瓣2":{"color":[{"time":0,"color":"FFFFFF00"},{"time":1.75,"color":"FFFFFF00"},{"time":1.875,"color":"FFFFFFFF"},{"time":4.3333,"color":"FFFFFFFF"},{"time":4.5833,"color":"FFFFFF00"}]},"花瓣1":{"color":[{"time":0,"color":"FFFFFF00"},{"time":3.5833,"color":"FFFFFF00"},{"time":3.8333,"color":"FFFFFFFF"},{"time":5.7916,"color":"FFFFFFFF"},{"time":6.0833,"color":"FFFFFF00"}]},"花瓣3":{"color":[{"time":0,"color":"FFFFFF00"},{"time":0.375,"color":"FFFFFF00"},{"time":0.625,"color":"FFFFFFFF"},{"time":3.2917,"color":"FFFFFFFF"},{"time":3.5834,"color":"FFFFFF00"}]},"花瓣4":{"color":[{"time":0,"color":"FFFFFF00"},{"time":4.3333,"color":"FFFFFF00"},{"time":4.5833,"color":"FFFFFFFF"},{"time":7,"color":"FFFFFFFF"},{"time":7.2917,"color":"FFFFFF00"}]},"花瓣21":{"color":[{"time":0,"color":"FFFFFF00"},{"time":2.5,"color":"FFFFFF00"},{"time":2.625,"color":"FFFFFFFF"},{"time":6.0417,"color":"FFFFFFFF"},{"time":6.2917,"color":"FFFFFF00"}]},"花瓣22":{"color":[{"time":0,"color":"FFFFFF00"},{"time":4.6667,"color":"FFFFFF00"},{"time":4.7917,"color":"FFFFFFFF"},{"time":6.7084,"color":"FFFFFFFF"},{"time":6.9584,"color":"FFFFFF00"}]},"花瓣23":{"color":[{"time":0,"color":"FFFFFF00"},{"time":0.2917,"color":"FFFFFF00"},{"time":0.4167,"color":"FFFFFFFF"},{"time":2.875,"color":"FFFFFFFF"},{"time":3.125,"color":"FFFFFF00"}]},"花瓣24":{"color":[{"time":0,"color":"FFFFFF00"},{"time":2.375,"color":"FFFFFF00"},{"time":2.5,"color":"FFFFFFFF"},{"time":5.2917,"color":"FFFFFFFF"},{"time":5.5417,"color":"FFFFFF00"}]}}}}}