{
  "skeleton": {
    "width": 479.68,
    "height": 714,
    "hash": " ",
    "spine": " ",
    "name": "ybqznn_effect_hall_renwu"
  },
  "bones": [

    {
      "x": -4.368,
      "y": 1.456,
      "name": "root"
    },
    {
      "x": 4.368,
      "y": -1.456,
      "name": "bone",
      "parent": "root"
    },
    {
      "length": 206,
      "x": 91.44,
      "y": 11.6384,
      "rotation": 102.53,
      "name": "zhuangshi",
      "parent": "bone"
    },
    {
      "length": 84,
      "x": -24.1504,
      "y": -5.2128,
      "rotation": -169.22,
      "name": "qunzi2",
      "parent": "bone"
    },
    {
      "length": 251,
      "x": 68.1696,
      "y": -148.6912,
      "rotation": -88.01,
      "name": "bone2",
      "parent": "bone"
    },
    {
      "x": -144.9664,
      "y": 82.1248,
      "name": "pai3",
      "parent": "bone"
    },
    {
      "length": 120,
      "x": 56.9504,
      "y": 11.12,
      "rotation": -114.29,
      "name": "qunzi",
      "parent": "bone"
    },
    {
      "x": 193.0464,
      "y": 280.464,
      "name": "xin",
      "parent": "bone"
    },
    {
      "length": 41,
      "x": -191.7216,
      "y": 111.088,
      "rotation": -172.67,
      "name": "pai1",
      "parent": "bone"
    },
    {
      "length": 48,
      "x": -33.1104,
      "y": -132.0096,
      "rotation": -104.8,
      "name": "qunzi4",
      "parent": "bone"
    },
    {
      "length": 64,
      "x": -128.8288,
      "y": 1.0304,
      "rotation": -136.28,
      "name": "pai2",
      "parent": "bone"
    },
    {
      "length": 102,
      "x": 108.2016,
      "y": -42.9472,
      "rotation": -25.3,
      "name": "qunzi3",
      "parent": "bone"
    },
    {
      "length": 28,
      "x": 105.3248,
      "y": -82.3104,
      "rotation": -107.1,
      "name": "zhuangshi3",
      "parent": "zhuangshi"
    },
    {
      "length": 115,
      "x": 37.8528,
      "y": -81.536,
      "rotation": -9.43,
      "name": "zuobi",
      "parent": "zhuangshi"
    },
    {
      "length": 124,
      "x": 230.0736,
      "y": 22.5408,
      "rotation": 133.78,
      "name": "youshoubi",
      "parent": "zhuangshi"
    },
    {
      "length": 55,
      "x": 154.1856,
      "y": -25.1328,
      "rotation": -132.08,
      "name": "zhuangshi2",
      "parent": "zhuangshi"
    },
    {
      "length": 93,
      "x": 233.8368,
      "y": -18.1376,
      "rotation": -31.55,
      "name": "yan1",
      "parent": "zhuangshi"
    },
    {
      "length": 33,
      "x": 5.7792,
      "y": -29.904,
      "rotation": -3.31,
      "name": "zhuangshi9",
      "parent": "zhuangshi"
    },
    {
      "length": 22,
      "x": 11.6704,
      "y": 5.5712,
      "rotation": 75.27,
      "name": "zhuangshi4",
      "parent": "zhuangshi"
    },
    {
      "length": 16,
      "x": 98.9088,
      "y": 4.1184,
      "rotation": 113.48,
      "name": "toufa2",
      "parent": "yan1"
    },
    {
      "length": 32,
      "x": 92.7456,
      "y": 60.8352,
      "rotation": -32.75,
      "name": "huaduo",
      "parent": "yan1"
    },
    {
      "length": 58,
      "x": 117.1872,
      "y": 2.6848,
      "rotation": -30.09,
      "name": "zuoshou",
      "parent": "zuobi"
    },
    {
      "length": 50,
      "x": 130.7584,
      "y": -2.7168,
      "rotation": -16.71,
      "name": "youshou",
      "parent": "youshoubi"
    },
    {
      "length": 33,
      "x": 60.7296,
      "y": -40.0768,
      "rotation": 172.46,
      "name": "houfa4",
      "parent": "yan1"
    },
    {
      "length": 31,
      "x": 45.216,
      "y": -11.7216,
      "rotation": -32.78,
      "name": "zhuangshi10",
      "parent": "zhuangshi9"
    },
    {
      "length": 17,
      "x": 111.1296,
      "y": -22.7456,
      "rotation": -132.58,
      "name": "toufa1",
      "parent": "yan1"
    },
    {
      "length": 27,
      "x": 22.5152,
      "rotation": 42.71,
      "name": "zhuangshi5",
      "parent": "zhuangshi4"
    },
    {
      "length": 32,
      "x": 92.8416,
      "y": -41.2608,
      "rotation": -167.35,
      "name": "toufa17",
      "parent": "yan1"
    },
    {
      "length": 42,
      "x": 62.3072,
      "y": 51.4976,
      "rotation": 178.47,
      "name": "houfa1",
      "parent": "yan1"
    },
    {
      "length": 29,
      "x": 123.744,
      "y": -21.1872,
      "rotation": -134.55,
      "name": "toufa11",
      "parent": "yan1"
    },
    {
      "length": 80,
      "x": -96.624,
      "y": 11.3792,
      "rotation": -175.75,
      "name": "yan2",
      "parent": "yan1"
    },
    {
      "length": 61,
      "x": 10.1376,
      "y": 26.8352,
      "rotation": 136.36,
      "name": "houfa15",
      "parent": "yan1"
    },
    {
      "length": 86,
      "x": -85.4976,
      "y": 72.1536,
      "rotation": 153.83,
      "name": "houfa22",
      "parent": "yan1"
    },
    {
      "length": 21,
      "x": 29.7696,
      "rotation": -23.36,
      "name": "toufa12",
      "parent": "toufa11"
    },
    {
      "length": 29,
      "x": 99.536,
      "y": -18.976,
      "rotation": 27.2,
      "name": "youshou3",
      "parent": "youshou"
    },
    {
      "length": 27,
      "x": 67.1808,
      "y": -51.7184,
      "rotation": -86.1,
      "name": "youshou2",
      "parent": "youshou"
    },
    {
      "length": 20,
      "x": 51.7728,
      "y": 6.7264,
      "rotation": 0.17,
      "name": "zuoshou3",
      "parent": "zuoshou"
    },
    {
      "length": 12,
      "x": 17.4848,
      "rotation": -35.44,
      "name": "toufa8",
      "parent": "toufa1"
    },
    {
      "length": 24,
      "x": 103.9264,
      "y": 26.8672,
      "rotation": 58.29,
      "name": "youshou5",
      "parent": "youshou"
    },
    {
      "length": 34,
      "x": 43.0336,
      "rotation": -27.09,
      "name": "houfa2",
      "parent": "houfa1"
    },
    {
      "length": 21,
      "x": 49.904,
      "y": -17.0624,
      "rotation": 39.28,
      "name": "zuoshou1",
      "parent": "zuoshou"
    },
    {
      "length": 34,
      "x": 33.744,
      "rotation": 0.37,
      "name": "houfa5",
      "parent": "houfa4"
    },
    {
      "length": 23,
      "x": 16.064,
      "rotation": 54.58,
      "name": "toufa3",
      "parent": "toufa2"
    },
    {
      "length": 21,
      "x": 27.312,
      "rotation": -7.94,
      "name": "zhuangshi6",
      "parent": "zhuangshi5"
    },
    {
      "length": 63,
      "x": 61.168,
      "rotation": -3.34,
      "name": "houfa16",
      "parent": "houfa15"
    },
    {
      "length": 32,
      "x": 32.8096,
      "rotation": -20.88,
      "name": "toufa18",
      "parent": "toufa17"
    },
    {
      "length": 38,
      "x": 34.7616,
      "rotation": -34.91,
      "name": "houfa3",
      "parent": "houfa2"
    },
    {
      "length": 25,
      "x": 21.9968,
      "rotation": -10.09,
      "name": "toufa13",
      "parent": "toufa12"
    },
    {
      "length": 10,
      "x": 12.4256,
      "rotation": -13.07,
      "name": "toufa9",
      "parent": "toufa8"
    },
    {
      "length": 27,
      "x": 34.944,
      "rotation": 32.08,
      "name": "houfa6",
      "parent": "houfa5"
    },
    {
      "length": 45,
      "x": 64.224,
      "y": 0.1536,
      "rotation": 18.57,
      "name": "houfa17",
      "parent": "houfa16"
    },
    {
      "length": 19,
      "x": 21.3024,
      "rotation": -21.98,
      "name": "zhuangshi7",
      "parent": "zhuangshi6"
    },
    {
      "length": 34,
      "x": 29.4368,
      "y": -0.1856,
      "rotation": -12.65,
      "name": "youshou4",
      "parent": "youshou3"
    },
    {
      "length": 22,
      "x": 23.0432,
      "rotation": 6.3,
      "name": "toufa4",
      "parent": "toufa3"
    },
    {
      "length": 31,
      "x": 45.5904,
      "rotation": 40.11,
      "name": "houfa18",
      "parent": "houfa17"
    },
    {
      "length": 10,
      "x": 10.4768,
      "rotation": -11.5,
      "name": "toufa10",
      "parent": "toufa9"
    },
    {
      "length": 35,
      "x": 38.8608,
      "rotation": -6.63,
      "name": "houfa11",
      "parent": "houfa3"
    },
    {
      "length": 18,
      "x": 22.4288,
      "rotation": -16.28,
      "name": "toufa5",
      "parent": "toufa4"
    },
    {
      "length": 17,
      "x": 26.0192,
      "rotation": -17.41,
      "name": "toufa14",
      "parent": "toufa13"
    },
    {
      "length": 20,
      "x": 20.4896,
      "y": 0.1344,
      "rotation": -38.76,
      "name": "zhuangshi8",
      "parent": "zhuangshi7"
    },
    {
      "length": 17,
      "x": 29.3792,
      "y": 1.3184,
      "rotation": 13.34,
      "name": "houfa19",
      "parent": "houfa18"
    },
    {
      "length": 40,
      "x": 35.5136,
      "rotation": 11.33,
      "name": "houfa12",
      "parent": "houfa11"
    },
    {
      "length": 44,
      "x": 52.0672,
      "y": 23.8176,
      "rotation": 35.24,
      "name": "houfa23",
      "parent": "houfa11"
    },
    {
      "length": 11,
      "x": 18.2336,
      "rotation": -6.95,
      "name": "toufa15",
      "parent": "toufa14"
    },
    {
      "length": 22,
      "x": 18.7264,
      "rotation": -22.49,
      "name": "toufa6",
      "parent": "toufa5"
    },
    {
      "length": 11,
      "x": 11.5904,
      "rotation": -20.94,
      "name": "toufa16",
      "parent": "toufa15"
    },
    {
      "length": 36,
      "x": 59.5456,
      "y": 5.456,
      "rotation": 40.34,
      "name": "houfa24",
      "parent": "houfa23"
    },
    {
      "length": 29,
      "x": 40.7008,
      "rotation": 9.03,
      "name": "houfa13",
      "parent": "houfa12"
    },
    {
      "length": 13,
      "x": 22.7904,
      "rotation": -28.33,
      "name": "toufa7",
      "parent": "toufa6"
    },
    {
      "length": 23,
      "x": 29.744,
      "y": 0.0896,
      "rotation": 35.47,
      "name": "houfa14",
      "parent": "houfa13"
    }
  ],
  "slots": [

    {
      "name": "houfa5",
      "bone": "houfa22",
      "attachment": "houfa5"
    },
    {
      "name": "houfa4",
      "bone": "houfa4",
      "attachment": "houfa4"
    },
    {
      "name": "zuobi",
      "bone": "zuobi",
      "attachment": "zuobi"
    },
    {
      "name": "zuoshou2",
      "bone": "zuoshou3",
      "attachment": "zuoshou2"
    },
    {
      "name": "zuoshou1",
      "bone": "zuoshou1",
      "attachment": "zuoshou1"
    },
    {
      "name": "zuoshou",
      "bone": "zuoshou",
      "attachment": "zuoshou"
    },
    {
      "name": "houfa3",
      "bone": "houfa15",
      "attachment": "houfa3"
    },
    {
      "name": "shenti",
      "bone": "zhuangshi",
      "attachment": "shenti"
    },
    {
      "name": "youshoubi",
      "bone": "youshoubi",
      "attachment": "youshoubi"
    },
    {
      "name": "qunzi",
      "bone": "qunzi",
      "attachment": "qunzi"
    },
    {
      "name": "zhuangshi",
      "bone": "zhuangshi",
      "attachment": "zhuangshi"
    },
    {
      "name": "xin",
      "bone": "xin",
      "attachment": "xin"
    },
    {
      "name": "lian",
      "bone": "yan1",
      "attachment": "lian"
    },
    {
      "name": "yan1",
      "bone": "yan1",
      "attachment": "yan3"
    },
    {
      "name": "houfa2",
      "bone": "yan1",
      "attachment": "houfa2"
    },
    {
      "name": "huaduo",
      "bone": "huaduo",
      "attachment": "huaduo"
    },
    {
      "name": "houfa1",
      "bone": "houfa1",
      "attachment": "houfa1"
    },
    {
      "name": "toufa4",
      "bone": "toufa17",
      "attachment": "toufa4"
    },
    {
      "name": "toufa3",
      "bone": "toufa11",
      "attachment": "toufa3"
    },
    {
      "name": "toufa2",
      "bone": "toufa2",
      "attachment": "toufa2"
    },
    {
      "name": "toufa1",
      "bone": "toufa1",
      "attachment": "toufa1"
    },
    {
      "name": "youshou",
      "bone": "youshou",
      "attachment": "youshou"
    },
    {
      "name": "pai3",
      "bone": "pai3",
      "attachment": "pai3"
    },
    {
      "name": "pai2",
      "bone": "pai2",
      "attachment": "pai2"
    },
    {
      "name": "pai1",
      "bone": "pai1",
      "attachment": "pai1"
    }
  ],
  "skins": 
  {
    "default": {
      "toufa3": {
        "toufa3": {
          "name": "toufa3",
          "width": 39,
          "height": 114,
          "hull": 16,
          "triangles": [ 15, 2, 14, 2, 3, 14, 14, 3, 13, 3, 4, 13, 13, 4, 12, 4, 11, 12, 1, 2, 15, 0, 1, 15, 5, 10, 11, 4, 5, 11, 5, 6, 10, 6, 9, 10, 6, 7, 9, 7, 8, 9 ],
          "uvs": [ 0.26243, 0.00439, 0.15923, 0.09636, 0.42959, 0.28902, 0.46883, 0.4428, 0.39309, 0.65747, 0.24885, 0.78506, 0.13028, 0.87037, 0.01282, 0.95724, 0.01282, 0.99561, 0.33123, 0.99293, 0.45842, 0.95091, 0.69281, 0.86669, 0.98717, 0.69058, 0.98718, 0.46213, 0.98718, 0.29114, 0.58493, 0.00439 ],
          "edges": [ 0, 2, 2, 4, 4, 6, 6, 8, 8, 10, 10, 12, 12, 14, 14, 16, 16, 18, 18, 20, 20, 22, 22, 24, 24, 26, 26, 28, 28, 30, 30, 0, 4, 28, 6, 26, 8, 24, 10, 22, 12, 20 ],
          "vertices": [ 1, 16, 125.14, -14.83, 1, 1, 16, 113.8, -14.25, 1, 3, 29, 26.63, -12.53, 0.53371, 33, 2.09, -12.75, 0.46539, 47, -17.37, -16.04, 0.0009, 3, 29, 43.05, -19.23, 0.00192, 33, 19.82, -12.38, 0.51499, 47, 0.03, -12.57, 0.48309, 3, 47, 24.87, -12.88, 0.47717, 58, 2.76, -12.64, 0.51879, 63, -13.83, -14.41, 0.00404, 4, 47, 40.08, -16.99, 0.00514, 58, 18.51, -12.01, 0.4608, 63, 1.72, -11.88, 0.47134, 65, -4.97, -14.63, 0.06273, 3, 58, 29.36, -12.4, 0.02374, 63, 12.54, -10.96, 0.31176, 65, 4.81, -9.9, 0.66449, 2, 63, 23.53, -9.89, 0.00096, 65, 14.69, -4.97, 0.99904, 1, 65, 17.43, -1.52, 1, 2, 63, 20.63, 3.09, 0.00046, 65, 7.34, 6.11, 0.99954, 2, 63, 13.88, 4.97, 0.37513, 65, 0.36, 5.46, 0.62487, 2, 58, 20.02, 7.94, 0.41443, 63, 0.81, 8.09, 0.58557, 2, 47, 26.09, 11.01, 0.61025, 58, -3.23, 10.52, 0.38975, 2, 33, 23.42, 8.02, 0.38579, 47, -0.01, 8.14, 0.61421, 2, 29, 36.97, 7.07, 0.05163, 33, 3.8, 9.35, 0.94837, 1, 16, 129.14, -27.01, 1 ],
          "type": "mesh"
        }
      },
      "xin": {
        "xin": {
          "name": "xin",
          "width": 21,
          "height": 20,
          "x": 0.83,
          "y": 0.36
        }
      },
      "zuoshou1": {
        "zuoshou1": {
          "name": "zuoshou1",
          "width": 30,
          "height": 38,
          "x": -2.25,
          "y": 22.78,
          "rotation": -102.29
        }
      },
      "houfa4": {
        "houfa4": {
          "name": "houfa4",
          "width": 71,
          "height": 127,
          "hull": 11,
          "triangles": [ 6, 4, 5, 1, 8, 9, 0, 1, 9, 10, 0, 9, 7, 4, 6, 3, 4, 7, 1, 7, 8, 1, 2, 7, 2, 3, 7 ],
          "uvs": [ 0.76455, 0.00394, 0.29871, 0.28844, 0, 0.47088, 0.0047, 0.69315, 0.47555, 0.99606, 0.95201, 0.99606, 0.93638, 0.66927, 0.6966, 0.53334, 0.8397, 0.37896, 1, 0.22181, 1, 0.00394 ],
          "edges": [ 0, 2, 2, 4, 4, 6, 6, 8, 8, 10, 10, 12, 12, 14, 14, 16, 16, 18, 18, 20, 20, 0, 16, 2, 6, 14 ],
          "vertices": [ 1, 16, 68.84, -31.79, 1, 1, 16, 25.61, -13.97, 1, 1, 16, -2.1, -2.53, 1, 1, 16, -28.85, -12.09, 1, 1, 49, 53.29, 2.87, 1, 2, 41, 63.64, 61.1, 0.01041, 49, 56.77, 36.53, 0.98959, 2, 41, 26.67, 41.67, 0.23891, 49, 15.12, 39.7, 0.76109, 3, 23, 52.22, 18.84, 0.00938, 41, 18.6, 18.72, 0.74035, 49, -3.91, 24.54, 0.25027, 3, 23, 30.04, 19.1, 0.68451, 41, -3.58, 19.13, 0.31426, 49, -22.48, 36.67, 0.00123, 1, 23, 7, 20.34, 1, 1, 16, 77.42, -50.25, 1 ],
          "type": "mesh"
        }
      },
      "pai3": {
        "pai3": {
          "name": "pai3",
          "width": 38,
          "height": 40,
          "x": -1.48,
          "y": -1.14
        }
      },
      "huaduo": {
        "huaduo": {
          "name": "huaduo",
          "width": 86,
          "height": 72,
          "x": 9.25,
          "y": 0.08,
          "rotation": -38.22
        }
      },
      "youshoubi": {
        "youshoubi": {
          "name": "youshoubi",
          "width": 153,
          "height": 174,
          "hull": 8,
          "triangles": [ 1, 5, 6, 0, 1, 6, 7, 0, 6, 1, 4, 5, 1, 2, 4, 2, 3, 4 ],
          "uvs": [ 0.57836, 0, 0.30033, 0.58991, 0.00327, 0.76293, 0.00327, 1, 0.36869, 1, 0.62393, 0.77501, 0.99673, 0.30019, 0.99673, 0 ],
          "edges": [ 0, 2, 2, 4, 4, 6, 6, 8, 8, 10, 10, 12, 12, 14, 14, 0, 10, 2 ],
          "vertices": [ 1, 14, 15.09, -45.51, 1, 2, 14, 124.45, -24.03, 0.504, 22, 0.08, -22.23, 0.496, 1, 22, 54.55, -28.15, 1, 1, 22, 80.91, 3.7, 1, 1, 22, 37.54, 39.58, 1, 2, 14, 123.65, 35.31, 0.72, 22, -17.74, 34.38, 0.28, 1, 14, 22.93, 37.15, 1, 1, 14, -20.65, 8.1, 1 ],
          "type": "mesh"
        }
      },
      "toufa2": {
        "toufa2": {
          "name": "toufa2",
          "width": 92,
          "height": 76,
          "hull": 15,
          "triangles": [ 1, 13, 14, 1, 14, 0, 3, 12, 13, 2, 3, 13, 1, 2, 13, 4, 11, 12, 3, 4, 12, 5, 10, 11, 4, 5, 11, 5, 6, 10, 6, 9, 10, 6, 7, 9, 7, 8, 9 ],
          "uvs": [ 0.99457, 0.00658, 0.70572, 0.00658, 0.64166, 0.06018, 0.51395, 0.29966, 0.43208, 0.51202, 0.30828, 0.64277, 0.15313, 0.77538, 0.00543, 0.90687, 0.00543, 0.99342, 0.18556, 0.99342, 0.43813, 0.94853, 0.65252, 0.78266, 0.78618, 0.51059, 0.83714, 0.37212, 0.99457, 0.19822 ],
          "edges": [ 0, 2, 2, 4, 4, 6, 6, 8, 8, 10, 10, 12, 12, 14, 14, 16, 16, 18, 18, 20, 20, 22, 22, 24, 24, 26, 26, 28, 28, 0, 4, 26, 22, 8, 10, 20, 12, 18, 6, 24 ],
          "vertices": [ 1, 16, 108.56, 1.8, 1, 1, 19, 20.66, -10.01, 1, 2, 19, 26.9, -6.36, 0.06218, 42, 1.1, -12.52, 0.93782, 2, 42, 22.96, -13.18, 0.69097, 53, -1.53, -13.09, 0.30903, 4, 42, 40.84, -11.27, 0.01518, 53, 16.45, -13.16, 0.72948, 57, -2.05, -14.31, 0.22617, 64, -13.72, -21.16, 0.02917, 4, 53, 30.37, -19.35, 0.07316, 57, 13.05, -16.35, 0.46027, 64, 1.01, -17.28, 0.46339, 68, -10.97, -25.55, 0.00318, 3, 57, 30.16, -20.53, 0.01867, 64, 18.42, -14.6, 0.63782, 68, 3.08, -14.92, 0.3435, 2, 64, 35.15, -11.68, 0.00523, 68, 16.42, -4.41, 0.99477, 1, 68, 16.22, 2.24, 1, 2, 64, 23.23, 1.73, 0.53363, 68, -0.43, 1.73, 0.46637, 2, 57, 22.94, 8.11, 0.26668, 64, 0.79, 9.11, 0.73332, 3, 16, 41.86, 12.26, 0.00001, 53, 26.85, 14.07, 0.40923, 57, 0.3, 14.75, 0.59076, 2, 42, 23.89, 16.75, 0.40156, 53, 2.68, 16.55, 0.59844, 3, 19, 10.73, 18.95, 0.03394, 42, 12.35, 15.33, 0.87752, 53, -8.95, 16.41, 0.08854, 1, 16, 94.66, -3.03, 1 ],
          "type": "mesh"
        }
      },
      "lian": {
        "lian": {
          "name": "lian",
          "width": 107,
          "height": 119,
          "x": 43.54,
          "y": -2.02,
          "rotation": -70.97
        }
      },
      "zuoshou": {
        "zuoshou": {
          "name": "zuoshou",
          "width": 52,
          "height": 70,
          "x": 33.73,
          "y": -0.85,
          "rotation": -63.01
        }
      },
      "zuobi": {
        "zuobi": {
          "name": "zuobi",
          "width": 69,
          "height": 150,
          "x": 44.91,
          "y": -7.73,
          "rotation": -93.1
        }
      },
      "pai2": {
        "pai2": {
          "name": "pai2",
          "width": 111,
          "height": 105,
          "x": 40.83,
          "y": 3.09,
          "rotation": 136.28
        }
      },
      "houfa1": {
        "houfa1": {
          "name": "houfa1",
          "width": 213,
          "height": 196,
          "hull": 21,
          "triangles": [ 1, 19, 20, 0, 1, 20, 1, 18, 19, 1, 2, 18, 2, 17, 18, 3, 17, 2, 3, 10, 17, 10, 16, 17, 4, 10, 3, 10, 15, 16, 4, 9, 10, 12, 13, 14, 5, 9, 4, 12, 14, 15, 5, 6, 9, 6, 7, 8, 6, 8, 9, 11, 15, 10, 12, 11, 15 ],
          "uvs": [ 0.83443, 0.00255, 0.76621, 0.24411, 0.62815, 0.35036, 0.43001, 0.37831, 0.17995, 0.42015, 0.04995, 0.47658, 0, 0.56534, 0, 0.70587, 0.02948, 0.68051, 0.10939, 0.58584, 0.26551, 0.49286, 0.09536, 0.61776, 0.02461, 0.75871, 0.02169, 0.99745, 0.16202, 0.99745, 0.21425, 0.74962, 0.35368, 0.63685, 0.49627, 0.56956, 0.79545, 0.49983, 0.97573, 0.33816, 1, 0.00319 ],
          "edges": [ 0, 2, 2, 4, 4, 6, 6, 8, 8, 10, 10, 12, 12, 14, 14, 16, 16, 18, 18, 20, 20, 22, 22, 24, 24, 26, 26, 28, 28, 30, 30, 32, 32, 34, 34, 36, 36, 38, 38, 40, 40, 0, 20, 8, 20, 32, 30, 22, 18, 10, 2, 38, 4, 36 ],
          "vertices": [ 1, 16, 71.33, 74.41, 1, 3, 28, 41.2, -20.07, 0.38056, 39, 7.5, -18.7, 0.59306, 46, -11.65, -30.94, 0.02638, 2, 39, 43.39, -23.09, 0.0638, 46, 20.29, -14, 0.9362, 2, 56, 25.55, -11.16, 0.98665, 61, -11.96, -8.98, 0.01335, 2, 61, 41.96, -12.15, 0.48785, 67, -0.67, -12.2, 0.51215, 2, 67, 29.22, -11.88, 0.78607, 69, -7.37, -9.44, 0.21393, 1, 69, 13.08, -8.74, 1, 1, 69, 36.18, 6.46, 1, 1, 69, 28.56, 9.01, 1, 2, 67, 25.13, 12.76, 0.49224, 69, 3.59, 13, 0.50776, 2, 61, 27.1, 5.69, 0.75595, 62, -0.18, -15.68, 0.24405, 2, 62, 43.65, -17.18, 0.98086, 66, -26.77, -6.96, 0.01914, 2, 62, 72.18, -3.63, 0.01113, 66, 3.75, -15.1, 0.98887, 1, 66, 49.55, -4.67, 1, 1, 66, 42.51, 24.43, 1, 2, 62, 38.4, 18.73, 0.72111, 66, -7.52, 23.8, 0.27889, 2, 56, 42.56, 39.51, 0.10393, 62, 1.29, 18.3, 0.89607, 1, 16, -57.71, 106.25, 1, 1, 16, -23.91, 50.37, 1, 1, 16, 18.72, 24.34, 1, 1, 16, 82.73, 40.96, 1 ],
          "type": "mesh"
        }
      },
      "qunzi": {
        "qunzi": {
          "name": "qunzi",
          "width": 414,
          "height": 233,
          "hull": 12,
          "triangles": [ 13, 6, 7, 20, 14, 9, 9, 14, 8, 14, 7, 8, 20, 9, 10, 11, 20, 10, 11, 21, 20, 20, 18, 14, 13, 7, 14, 18, 13, 14, 21, 18, 20, 11, 0, 21, 0, 18, 21, 0, 17, 18, 17, 19, 18, 19, 13, 18, 16, 6, 13, 1, 17, 0, 17, 15, 19, 1, 2, 17, 12, 15, 17, 16, 5, 6, 15, 5, 16, 12, 5, 15, 2, 4, 17, 4, 12, 17, 3, 4, 2, 4, 5, 12, 16, 15, 13, 19, 15, 13 ],
          "uvs": [ 0.48908, 0.0865, 0.32311, 0.00215, 0.23527, 0.00215, 0, 0.13237, 0, 0.49971, 0.21856, 0.99785, 0.37572, 0.99785, 0.81376, 0.99785, 1, 0.79707, 1, 0.67289, 1, 0.37727, 0.69406, 0.11489, 0.21887, 0.73832, 0.60457, 0.89042, 0.83439, 0.89926, 0.33813, 0.75767, 0.36744, 0.87316, 0.35556, 0.40214, 0.62762, 0.44991, 0.41362, 0.679, 0.75119, 0.34507, 0.69862, 0.28304 ],
          "edges": [ 0, 2, 2, 4, 4, 6, 6, 8, 8, 10, 10, 12, 12, 14, 14, 16, 16, 18, 18, 20, 20, 22, 22, 0, 8, 24, 26, 28, 28, 18, 24, 30, 30, 26, 34, 36 ],
          "vertices": [ 1, 2, 33.04, 66.93, 1, 3, 6, 9.31, -112.93, 0.00594, 3, 15.05, -58.15, 0.99405, 11, -182.19, 15.68, 0.00001, 1, 3, 50.75, -64.95, 1, 2, 3, 152.17, -53.24, 0.99874, 9, -107.2, -183.97, 0.00126, 2, 3, 168.24, 31.18, 0.84907, 9, -24.11, -162.02, 0.15093, 2, 3, 101.14, 162.61, 0.07264, 9, 65.47, -44.74, 0.92736, 1, 4, 31.82, -97.33, 1, 1, 9, 2.51, 193.55, 1, 2, 11, 150.71, -32.65, 0.368, 9, -62.63, 256.11, 0.632, 2, 6, 37.04, 207.12, 0.00454, 11, 138.3, -6.41, 0.99546, 2, 2, -79.27, -124.84, 0.00855, 11, 108.73, 56.14, 0.99145, 1, 2, 8.13, -14.48, 1, 2, 6, 184.03, -81.42, 0.648, 3, 89.66, 102.96, 0.352, 1, 6, 150.77, 78.8, 1, 2, 6, 113.51, 166.38, 0.76, 11, 98.91, -83.58, 0.24, 1, 4, -24.9, -110.97, 1, 1, 4, 2.53, -99.76, 1, 1, 6, 89.06, -62.2, 1, 1, 6, 52.91, 45.09, 1, 1, 6, 138.21, -13.62, 1, 1, 4, -115.44, 63.35, 1, 1, 4, -130.68, 42.08, 1 ],
          "type": "mesh"
        }
      },
      "toufa1": {
        "toufa1": {
          "name": "toufa1",
          "width": 24,
          "height": 52,
          "hull": 14,
          "triangles": [ 2, 12, 3, 12, 11, 3, 10, 6, 5, 3, 11, 4, 10, 5, 4, 11, 10, 4, 9, 7, 6, 10, 9, 6, 1, 12, 2, 8, 7, 9, 13, 12, 1, 0, 13, 1 ],
          "uvs": [ 0.02083, 0, 0.40437, 0, 0.58925, 0.03143, 0.97917, 0.21887, 0.97357, 0.3532, 0.96273, 0.59589, 0.7614, 0.80719, 0.40162, 1, 0.21917, 0.99899, 0.5429, 0.77625, 0.62336, 0.58401, 0.60219, 0.36016, 0.41576, 0.07862, 0.02083, 0.01246 ],
          "edges": [ 0, 2, 2, 4, 4, 6, 6, 8, 8, 10, 10, 12, 12, 14, 14, 16, 16, 18, 18, 20, 20, 22, 22, 24, 24, 26, 26, 0, 8, 22, 10, 20, 18, 12 ],
          "vertices": [ 1, 16, 110.06, -10.41, 1, 1, 16, 113.16, -19.39, 1, 2, 16, 113.11, -24.23, 0.52001, 25, -0.24, 2.46, 0.47999, 1, 25, 12.94, 6.28, 1, 2, 25, 19.04, 2.84, 0.329, 37, -0.38, 3.21, 0.671, 2, 37, 12.21, 4.49, 0.71648, 48, -1.22, 4.32, 0.28352, 2, 48, 10.85, 3.45, 0.5172, 55, -0.32, 3.45, 0.4828, 1, 55, 12.9, 1.17, 1, 1, 55, 15.2, -2.7, 1, 2, 48, 11.19, -2.58, 0.25044, 55, 1.22, -2.39, 0.74956, 2, 37, 12.54, -4.29, 0.48449, 48, 1.08, -4.15, 0.51551, 2, 25, 15, -5.42, 0.56078, 37, 1.12, -5.86, 0.43922, 2, 16, 109.38, -20.99, 0.52001, 25, -0.11, -2.48, 0.47999, 1, 16, 109.48, -10.64, 1 ],
          "type": "mesh"
        }
      },
      "yan1": {
        "yan1": {
          "name": "yan1",
          "width": 28,
          "height": 21,
          "x": 54.74,
          "y": 0.83,
          "rotation": -70.97
        },
        "yan2": {
          "name": "yan2",
          "width": 28,
          "height": 22,
          "x": 55.59,
          "y": 1.3,
          "rotation": -70.97
        },
        "yan3": {
          "name": "yan3",
          "width": 31,
          "height": 24,
          "x": 54.19,
          "y": -0.43,
          "rotation": -70.97
        }
      },
      "houfa3": {
        "houfa3": {
          "name": "houfa3",
          "width": 197,
          "height": 178,
          "hull": 12,
          "triangles": [ 0, 1, 10, 1, 9, 10, 11, 0, 10, 1, 2, 9, 2, 8, 9, 2, 3, 8, 3, 4, 8, 8, 6, 7, 5, 6, 8, 4, 5, 8 ],
          "uvs": [ 0.81898, 0, 0.4945, 0.14972, 0.18776, 0.34809, 0.04946, 0.47575, 0, 0.66627, 0, 0.86661, 0.14166, 1, 0.28173, 1, 0.264, 0.7743, 0.60266, 0.64663, 1, 0.14579, 1, 0 ],
          "edges": [ 0, 2, 2, 4, 4, 6, 6, 8, 8, 10, 10, 12, 12, 14, 14, 16, 16, 18, 18, 20, 20, 22, 22, 0 ],
          "vertices": [ 1, 16, 23.54, 47.16, 1, 2, 31, 73.2, -29.49, 0.08467, 44, 13.73, -28.74, 0.91533, 3, 44, 83.43, -21.09, 0.58766, 50, 11.44, -26.25, 0.41193, 54, -43.03, 1.92, 0.00042, 3, 44, 117.65, -11.38, 0.04513, 50, 46.97, -27.95, 0.54673, 54, -16.95, -22.26, 0.40814, 2, 54, 17.98, -27.61, 0.99876, 60, -17.76, -25.51, 0.00124, 2, 54, 53.38, -23.06, 0.5428, 60, 17.73, -29.26, 0.4572, 1, 60, 44.31, -3.94, 1, 2, 16, -179.46, 89.01, 0.456, 60, 47.21, 23.57, 0.544, 1, 16, -142.55, 105.43, 1, 1, 16, -99.25, 49.65, 1, 1, 16, 10.73, 4.57, 1, 1, 16, 35.31, 13.04, 1 ],
          "type": "mesh"
        }
      },
      "zuoshou2": {
        "zuoshou2": {
          "name": "zuoshou2",
          "width": 18,
          "height": 23,
          "x": -18.06,
          "y": -7.53,
          "rotation": -63.18
        }
      },
      "pai1": {
        "pai1": {
          "name": "pai1",
          "width": 56,
          "height": 44,
          "x": 21.14,
          "y": 5.05,
          "rotation": 172.67
        }
      },
      "toufa4": {
        "toufa4": {
          "name": "toufa4",
          "width": 45,
          "height": 124,
          "hull": 7,
          "triangles": [ 6, 0, 5, 5, 0, 4, 0, 1, 4, 1, 3, 4, 2, 3, 1 ],
          "uvs": [ 0, 0.30473, 0.52907, 0.6338, 0.15168, 1, 0.51838, 0.99385, 1, 0.62348, 1, 0, 0, 0 ],
          "edges": [ 0, 2, 2, 4, 4, 6, 6, 8, 8, 10, 10, 12, 12, 0, 2, 8 ],
          "vertices": [ 1, 16, 91.65, -1.68, 1, 1, 16, 60.7, -37.61, 1, 1, 45, 50.01, -4.97, 1, 1, 45, 41.75, 9.37, 1, 2, 27, 26.94, 10.34, 0.98127, 45, -9.17, 7.57, 0.01873, 1, 27, -50.21, 1.73, 1, 1, 16, 127.52, 10.68, 1 ],
          "type": "mesh"
        }
      },
      "zhuangshi": {
        "zhuangshi": {
          "name": "zhuangshi",
          "width": 163,
          "height": 134,
          "hull": 25,
          "triangles": [ 13, 26, 14, 14, 26, 16, 26, 18, 16, 11, 10, 12, 10, 13, 12, 14, 16, 15, 7, 26, 13, 10, 9, 13, 18, 17, 16, 9, 7, 13, 7, 25, 26, 25, 18, 26, 6, 25, 7, 8, 7, 9, 6, 5, 25, 25, 19, 18, 5, 19, 25, 5, 4, 19, 4, 20, 19, 3, 20, 4, 3, 2, 20, 2, 21, 20, 2, 1, 21, 1, 22, 21, 23, 22, 1, 24, 23, 1, 0, 24, 1 ],
          "uvs": [ 0.00307, 0.70642, 0.11677, 0.82848, 0.21457, 0.74942, 0.29737, 0.65711, 0.41612, 0.54439, 0.50536, 0.46731, 0.56516, 0.34329, 0.70237, 0.27823, 0.69856, 0.09697, 0.78177, 0.19111, 0.88151, 0, 0.99693, 0, 0.99693, 0.05282, 0.89676, 0.25267, 0.91963, 0.61402, 0.99693, 0.67444, 0.92057, 1, 0.72619, 1, 0.6848, 0.74494, 0.54469, 0.70636, 0.39514, 0.84183, 0.24805, 0.89212, 0.10942, 0.87996, 0.04776, 0.87893, 0.00307, 0.82432, 0.64604, 0.60113, 0.81468, 0.60216 ],
          "edges": [ 0, 2, 2, 4, 4, 6, 6, 8, 8, 10, 10, 12, 12, 14, 14, 16, 16, 18, 18, 20, 20, 22, 22, 24, 24, 26, 26, 28, 28, 30, 30, 32, 32, 34, 34, 36, 36, 38, 38, 40, 40, 42, 42, 44, 44, 46, 46, 48, 48, 0, 2, 44, 4, 42, 6, 40, 8, 38, 18, 26, 10, 50, 50, 36, 36, 52, 52, 28 ],
          "vertices": [ 1, 59, 24.74, -9.03, 1, 2, 51, 18.83, -2.88, 0.456, 59, 0.59, -3.39, 0.544, 2, 43, 18.47, -10.01, 0.65978, 51, 1.12, -10.34, 0.34022, 2, 26, 25.81, -13.09, 0.54547, 43, 0.32, -13.17, 0.45453, 2, 18, 31.52, -8.01, 0.456, 26, 1.19, -11.99, 0.544, 2, 17, 25.79, 48.97, 0.152, 18, 17.3, -18.9, 0.848, 1, 17, 40.66, 36.62, 1, 1, 17, 45.69, 13.04, 1, 1, 17, 69.85, 9.72, 1, 3, 17, 55.17, -1.7, 0.26063, 24, 2.95, 13.81, 0.73783, 18, -26.55, -57.74, 0.00154, 1, 24, 33.03, 9.1, 1, 1, 24, 40.58, -8.23, 1, 1, 24, 34.08, -11.07, 1, 2, 17, 43.98, -18.98, 0.75451, 24, 2.89, -6.77, 0.24549, 1, 2, 0.37, -44.51, 1, 1, 2, -10.31, -55.11, 1, 1, 2, -50.3, -33.41, 1, 1, 2, -43.4, -2.33, 1, 1, 2, -8.45, -3.11, 1, 2, 18, 9.6, 12.95, 0.456, 26, -0.7, 18.27, 0.544, 3, 18, 33.42, 32.1, 0.00625, 26, 29.78, 16.19, 0.47102, 43, 0.21, 16.38, 0.52273, 2, 43, 24.15, 9.09, 0.47297, 51, -0.76, 9.5, 0.52703, 2, 51, 21.27, 3.73, 0.496, 59, -1.64, 3.29, 0.504, 1, 59, 7.32, 7.94, 1, 1, 59, 17.26, 4.94, 1, 2, 17, 4.32, 29.09, 0.29827, 18, -6.43, -1.8, 0.70173, 1, 2, 5.65, -28.08, 1 ],
          "type": "mesh"
        }
      },
      "houfa5": {
        "houfa5": {
          "name": "houfa5",
          "width": 264,
          "height": 308,
          "hull": 9,
          "triangles": [ 1, 6, 7, 0, 1, 7, 8, 0, 7, 4, 5, 6, 1, 4, 6, 1, 2, 4, 2, 3, 4 ],
          "uvs": [ 0.58072, 0, 0.23399, 0.41255, 0, 0.69096, 0, 0.87477, 0.30427, 1, 0.67974, 0.98965, 0.81848, 0.6895, 1, 0.29683, 1, 0 ],
          "edges": [ 0, 2, 2, 4, 4, 6, 6, 8, 8, 10, 10, 12, 12, 14, 14, 16, 16, 0, 2, 12 ],
          "vertices": [ 1, 16, 96.75, 59.64, 1, 1, 32, -14.54, -43.45, 1, 1, 32, 89.75, -26.09, 1, 1, 32, 129.65, 14.09, 1, 1, 30, 120.18, -25.76, 1, 1, 30, 91.79, 69.27, 1, 1, 16, -83.64, -68.99, 1, 1, 16, 46.36, -74.84, 1, 1, 16, 132.83, -45, 1 ],
          "type": "mesh"
        }
      },
      "youshou": {
        "youshou": {
          "name": "youshou",
          "width": 148,
          "height": 140,
          "hull": 19,
          "triangles": [ 1, 5, 0, 18, 0, 17, 0, 5, 17, 5, 15, 17, 15, 16, 17, 5, 11, 15, 5, 6, 11, 11, 12, 15, 15, 13, 14, 12, 13, 15, 4, 5, 1, 2, 4, 1, 7, 10, 11, 6, 7, 11, 3, 4, 2, 7, 9, 10, 7, 8, 9 ],
          "uvs": [ 0.72094, 0.00357, 0.39073, 0.14032, 0.23159, 0.00357, 0.1507, 0.00357, 0.16602, 0.16707, 0.31514, 0.32585, 0.25709, 0.44238, 0.13401, 0.68945, 0.01146, 0.93547, 0.14218, 0.9828, 0.26574, 0.78784, 0.32413, 0.6957, 0.3875, 0.83536, 0.46058, 0.99643, 0.5743, 0.99643, 0.54304, 0.82443, 0.77582, 0.96899, 1, 0.52272, 1, 0.20987 ],
          "edges": [ 0, 2, 2, 4, 4, 6, 6, 8, 8, 10, 10, 12, 12, 14, 14, 16, 16, 18, 18, 20, 20, 22, 22, 24, 24, 26, 26, 28, 28, 30, 30, 32, 32, 34, 34, 36, 36, 0, 2, 10, 14, 20, 12, 22, 24, 30 ],
          "vertices": [ 1, 22, 3.81, -36.34, 1, 1, 22, 53.79, -52.71, 1, 1, 35, 30.26, -9.59, 1, 1, 35, 38.52, -0.88, 1, 1, 35, 20.26, 13.34, 1, 2, 22, 79.08, -39.68, 0.872, 35, -11.2, 12.69, 0.128, 1, 22, 96.19, -32.54, 1, 2, 34, 29.99, -13.56, 0.37925, 52, 3.47, -12.93, 0.62075, 1, 52, 42.17, -7.37, 1, 1, 52, 36.25, 12.25, 1, 3, 34, 35.04, 9.81, 0.18237, 52, 3.28, 10.98, 0.80963, 38, -6.24, -30.05, 0.008, 2, 22, 111.28, 1.29, 0.88, 34, 19.71, 12.66, 0.12, 1, 38, 2.87, -13.08, 1, 1, 38, 26.82, -5.48, 1, 1, 38, 29.14, 11.2, 1, 1, 22, 97.84, 35.93, 1, 1, 22, 84.24, 73.62, 1, 1, 22, 18.59, 46.33, 1, 2, 22, -9.49, 12.38, 0.99795, 38, -71.94, 88.88, 0.00205 ],
          "type": "mesh"
        }
      },
      "houfa2": {
        "houfa2": {
          "name": "houfa2",
          "width": 119,
          "height": 110,
          "x": 78.85,
          "y": 23.19,
          "rotation": -70.97
        }
      },
      "shenti": {
        "shenti": {
          "name": "shenti",
          "width": 290,
          "height": 714,
          "hull": 24,
          "triangles": [ 11, 45, 10, 45, 8, 10, 10, 8, 9, 12, 45, 11, 24, 13, 14, 37, 24, 14, 36, 37, 14, 15, 36, 14, 45, 7, 8, 16, 36, 15, 37, 25, 24, 35, 36, 16, 24, 12, 13, 17, 35, 16, 6, 7, 45, 26, 25, 37, 5, 45, 12, 27, 28, 12, 28, 3, 12, 27, 12, 24, 17, 38, 35, 38, 36, 35, 3, 5, 12, 25, 27, 24, 18, 38, 17, 38, 37, 36, 38, 26, 37, 38, 27, 26, 26, 27, 25, 44, 43, 38, 28, 27, 38, 20, 44, 19, 43, 42, 38, 29, 28, 38, 21, 41, 20, 41, 44, 20, 29, 3, 28, 41, 40, 44, 40, 43, 44, 21, 40, 41, 34, 40, 21, 0, 22, 23, 22, 34, 21, 40, 39, 43, 39, 42, 43, 34, 33, 40, 4, 5, 3, 33, 39, 40, 31, 30, 42, 30, 3, 29, 1, 34, 22, 0, 1, 22, 5, 6, 45, 32, 31, 42, 39, 32, 42, 1, 33, 34, 33, 32, 39, 2, 3, 31, 31, 3, 30, 1, 2, 33, 33, 2, 32, 2, 31, 32, 44, 19, 38, 19, 38, 18, 42, 38, 30, 30, 29, 38 ],
          "uvs": [ 0.3371, 0.02726, 0.18225, 0.11287, 0.1249, 0.2016, 0.32181, 0.34066, 0.21093, 0.36893, 0.19182, 0.42341, 0.02109, 0.54035, 0.00172, 0.9993, 0.47998, 0.9993, 0.99828, 0.9993, 0.99828, 0.86415, 0.78144, 0.58174, 0.68818, 0.39812, 0.76498, 0.30269, 0.85014, 0.2598, 0.81984, 0.21897, 0.75788, 0.20519, 0.69975, 0.19858, 0.68437, 0.18049, 0.63551, 0.1649, 0.59091, 0.15848, 0.50145, 0.1485, 0.48375, 0.1059, 0.48902, 0.03148, 0.69597, 0.28936, 0.66553, 0.27455, 0.65216, 0.26366, 0.59796, 0.27334, 0.53337, 0.27061, 0.46729, 0.2558, 0.43611, 0.2422, 0.42645, 0.23283, 0.43091, 0.21983, 0.42497, 0.1878, 0.46284, 0.1606, 0.7034, 0.21197, 0.69597, 0.23676, 0.67815, 0.25097, 0.6167, 0.22057, 0.45429, 0.20004, 0.50027, 0.18239, 0.54886, 0.16729, 0.45899, 0.21854, 0.50758, 0.19387, 0.57081, 0.17473, 0.45227, 0.56382 ],
          "edges": [ 0, 2, 2, 4, 4, 6, 6, 8, 8, 10, 10, 12, 12, 14, 14, 16, 16, 18, 18, 20, 20, 22, 22, 24, 24, 26, 26, 28, 28, 30, 30, 32, 32, 34, 34, 36, 36, 38, 38, 40, 40, 42, 42, 44, 44, 46, 46, 0, 6, 24, 26, 48, 48, 50, 50, 52, 52, 54, 54, 56, 56, 58, 58, 60, 60, 62, 62, 64, 64, 66, 66, 68, 68, 42, 34, 70, 70, 72, 72, 74, 74, 52, 64, 78, 78, 80, 80, 82, 82, 40, 60, 84, 84, 86, 86, 88, 88, 38, 38, 76, 76, 36, 70, 76, 76, 72, 76, 74, 76, 52, 76, 54, 76, 56, 58, 76, 76, 60, 76, 84, 76, 88, 76, 86, 12, 90, 90, 22, 90, 16 ],
          "vertices": [ 1, 2, 280.55, -8.92, 1, 1, 2, 230.59, 48.35, 1, 1, 2, 172.34, 78.35, 1, 1, 2, 62.87, 44, 1, 1, 2, 50.16, 79.87, 1, 1, 2, 13.36, 93.74, 1, 1, 4, -73.63, -118.34, 1, 1, 4, 253.92, -135.35, 1, 1, 4, 258.78, 3.69, 1, 1, 4, 264.02, 154.38, 1, 1, 4, 167.48, 157.73, 1, 1, 4, -36.4, 101.72, 1, 1, 2, -0.33, -51.11, 1, 1, 2, 61.42, -87.72, 1, 1, 12, 40.34, -7.84, 1, 1, 12, 29.24, 20.52, 1, 2, 15, 72.46, 32.7, 0.104, 12, 10.48, 28.93, 0.896, 2, 15, 55.43, 28.47, 0.512, 12, -6.75, 32.28, 0.488, 2, 15, 45.18, 37.49, 0.904, 12, -12.24, 44.79, 0.096, 2, 15, 27.3, 40.18, 0.99342, 12, -27.3, 54.78, 0.00658, 3, 2, 172.98, -60.66, 0.14303, 15, 13.77, 37.76, 0.85223, 12, -40.59, 58.3, 0.00474, 2, 2, 185.61, -36.8, 0.512, 15, -12.4, 31.14, 0.488, 1, 2, 216.44, -38.37, 1, 2, 2, 268.03, -51.4, 0.99999, 15, -56.8, 102.1, 0.00001, 2, 2, 75.07, -70.21, 0.84, 12, -2.67, -32.47, 0.16, 2, 2, 87.3, -63.87, 0.848, 12, -12.33, -22.65, 0.152, 3, 2, 95.75, -61.74, 0.65331, 15, 66.33, -18.84, 0.19712, 12, -16.84, -15.2, 0.14957, 2, 2, 92.43, -44.84, 0.84, 15, 56.01, -32.63, 0.16, 2, 2, 98.4, -26.92, 0.784, 15, 38.72, -40.21, 0.216, 2, 2, 112.91, -10.46, 0.832, 15, 16.77, -40.47, 0.168, 2, 2, 124.36, -3.72, 0.832, 15, 4.1, -36.49, 0.168, 2, 2, 131.5, -2.43, 0.864, 15, -1.65, -32.06, 0.136, 2, 2, 140.31, -5.7, 0.688, 15, -5.13, -23.32, 0.312, 2, 2, 163.01, -8.98, 0.64, 15, -17.9, -4.27, 0.36, 2, 2, 179.6, -23.97, 0.624, 15, -17.89, 18.08, 0.376, 2, 15, 61.08, 20.64, 0.688, 12, -4.93, 22.81, 0.312, 2, 15, 67.95, 4.17, 0.688, 12, -5.67, 4.97, 0.312, 2, 15, 68.43, -7.2, 0.688, 12, -10.03, -5.53, 0.312, 1, 15, 42.17, 2.88, 1, 2, 2, 152.62, -15.41, 0.72889, 15, -6.17, -7.67, 0.27111, 2, 2, 162.04, -31.21, 0.61601, 15, -0.76, 9.9, 0.38399, 3, 2, 169.5, -47.34, 0.3558, 15, 6.21, 26.25, 0.64166, 12, -52.3, 51.06, 0.00254, 2, 2, 139.42, -13.89, 0.81865, 15, 1.55, -18.5, 0.18135, 3, 2, 153.56, -31.5, 0.63288, 15, 5.15, 3.8, 0.36698, 12, -62.75, 31.16, 0.00014, 3, 2, 162.93, -52.44, 0.24253, 15, 14.41, 24.79, 0.75487, 12, -45.49, 46.27, 0.0026, 1, 4, -52.5, 6.44, 1 ],
          "type": "mesh"
        }
      }
    }
  },"animations":{"animation":{"bones":{"houfa22":{"translate":[{"time":0,"x":1.43,"y":2.94},{"time":1},{"time":2,"x":1.43,"y":2.94},{"time":3},{"time":4,"x":1.43,"y":2.94},{"time":5},{"time":6,"x":1.43,"y":2.94}],"rotate":[{"time":0,"angle":-4.88},{"time":1,"angle":0},{"time":2,"angle":-4.88},{"time":3,"angle":0},{"time":4,"angle":-4.88},{"time":5,"angle":0},{"time":6,"angle":-4.88}],"shear":[{"time":0},{"time":1},{"time":2},{"time":3},{"time":4},{"time":5},{"time":6}]},"zuobi":{"translate":[{"time":0,"x":-0.45,"y":-1.86},{"time":3,"x":0.6,"y":2.84},{"time":6,"x":-0.45,"y":-1.86}],"rotate":[{"time":0,"angle":-2.51},{"time":0.5,"angle":-3.59},{"time":3.5,"angle":2.9},{"time":6,"angle":-2.51}],"shear":[{"time":0},{"time":0.5},{"time":3.5},{"time":6}]},"zuoshou":{"rotate":[{"time":0,"angle":-2.96},{"time":0.7333,"angle":-6.65},{"time":3.7333,"angle":8.11},{"time":6,"angle":-2.96}],"shear":[{"time":0},{"time":0.7333},{"time":3.7333},{"time":6}]},"houfa15":{"translate":[{"time":0,"x":1.88,"y":3.12},{"time":1},{"time":2,"x":1.88,"y":3.12},{"time":3},{"time":4,"x":1.88,"y":3.12},{"time":5},{"time":6,"x":1.88,"y":3.12}]},"zhuangshi":{"translate":[{"time":0,"y":-2.14},{"time":1.5,"x":2.57},{"time":3,"y":3.99},{"time":4.5,"x":-3.62},{"time":6,"y":-2.14}],"rotate":[{"time":0,"angle":0.99},{"time":3,"angle":-0.41},{"time":6,"angle":0.99}],"shear":[{"time":0},{"time":3},{"time":6}]},"youshoubi":{"translate":[{"time":0,"x":0.26,"y":1.04},{"time":3.2333,"x":-0.02,"y":-0.11},{"time":6,"x":0.26,"y":1.04}],"rotate":[{"time":0,"angle":-2.25},{"time":0.2333,"angle":-2.71},{"time":3.2333,"angle":2.9},{"time":6,"angle":-2.25}],"shear":[{"time":0},{"time":0.2333},{"time":3.2333},{"time":6}]},"qunzi":{"rotate":[{"time":0,"angle":0},{"time":1.5,"angle":-5},{"time":3,"angle":0},{"time":4.5,"angle":5},{"time":6,"angle":0}],"scale":[{"time":0,"x":0.98,"y":1},{"time":1.5,"x":1,"y":1},{"time":3,"x":1.02,"y":1},{"time":4.5,"x":1,"y":1},{"time":6,"x":0.98,"y":1}],"shear":[{"time":0},{"time":1.5},{"time":3},{"time":4.5},{"time":6}]},"xin":{"translate":[{"time":0,"curve":"stepped","x":-34.31,"y":-22.4},{"time":3.5667,"x":-34.31,"y":-22.4},{"time":4,"x":3.5,"y":26.1},{"time":5.1333,"x":13.2,"y":38.63}],"rotate":[{"time":0,"curve":"stepped","angle":-11.69},{"time":3.5667,"angle":-11.69},{"time":5.1334,"angle":0}],"scale":[{"time":0,"curve":"stepped","x":0.7,"y":0.7},{"time":3.5667,"x":0.7,"y":0.7},{"time":4,"x":1.54,"y":1.54},{"time":5.1333,"x":2.13,"y":2.13}],"shear":[{"time":0,"curve":"stepped"},{"time":3.5667},{"time":5.1334}]},"yan1":{"translate":[{"time":0,"x":0.25,"y":-0.06},{"time":3,"x":-1.1,"y":0.24},{"time":6,"x":0.25,"y":-0.06}],"rotate":[{"time":0,"angle":-0.98},{"time":0.2333,"angle":-1.21},{"time":3.2333,"angle":1.49},{"time":6,"angle":-0.98}],"shear":[{"time":0},{"time":0.2333},{"time":3.2333},{"time":6}]},"huaduo":{"rotate":[{"time":0,"angle":-0.92},{"time":0.5,"angle":-1.79},{"time":3.5,"angle":3.41},{"time":6,"angle":-0.92}],"shear":[{"time":0},{"time":0.5},{"time":3.5},{"time":6}]},"houfa1":{"translate":[{"time":0},{"time":1,"x":-0.52,"y":1.5},{"time":2},{"time":3,"x":-0.52,"y":1.5},{"time":4},{"time":5,"x":-0.52,"y":1.5},{"time":6}],"rotate":[{"time":0,"angle":-3.92},{"time":1,"angle":-1},{"time":2,"angle":-3.92},{"time":3,"angle":-1},{"time":4,"angle":-3.92},{"time":5,"angle":-1},{"time":6,"angle":-3.92}],"shear":[{"time":0},{"time":1},{"time":2},{"time":3},{"time":4},{"time":5},{"time":6}]},"toufa1":{"rotate":[{"time":0,"angle":0.45},{"time":0.2,"angle":-2.16},{"time":1.2,"angle":10.89},{"time":2,"angle":0.45},{"time":2.2,"angle":-2.16},{"time":3.2,"angle":10.89},{"time":4,"angle":0.45},{"time":4.2,"angle":-2.16},{"time":5.2,"angle":10.89},{"time":6,"angle":0.45}],"shear":[{"time":0},{"time":0.2},{"time":1.2},{"time":2},{"time":2.2},{"time":3.2},{"time":4},{"time":4.2},{"time":5.2},{"time":6}]},"youshou":{"rotate":[{"time":0,"angle":9.03},{"time":3,"angle":-8.37},{"time":6,"angle":9.03}],"shear":[{"time":0},{"time":3},{"time":6}]},"pai3":{"translate":[{"time":0,"y":1.4},{"time":1.5,"x":0.6,"y":-1.6},{"time":3,"x":2.41,"y":-3.81},{"time":4.5,"x":3.41,"y":1.6},{"time":6,"y":1.4}],"rotate":[{"time":0,"angle":-4.79},{"time":3,"angle":5.05},{"time":6,"angle":-4.79}],"shear":[{"time":0},{"time":3},{"time":6}]},"pai2":{"translate":[{"time":0,"x":3.74,"y":0.4},{"time":0.5,"x":4.81,"y":3.21},{"time":2,"y":2.01},{"time":3.5,"x":-4.01,"y":-6.42},{"time":5,"x":1.6,"y":-5.21},{"time":6,"x":3.74,"y":0.4}],"scale":[{"time":0,"x":1,"y":1},{"time":3,"x":0.98,"y":1.06},{"time":6,"x":1,"y":1}]},"pai1":{"translate":[{"time":0,"x":-4.94,"y":-2.14},{"time":1,"x":1.2,"y":-4.01},{"time":2.5,"x":4.81,"y":1.2},{"time":4,"y":3.61},{"time":5.5,"x":-8.02,"y":-1.2},{"time":6,"x":-4.94,"y":-2.14}]},"zhuangshi2":{"translate":[{"time":0,"x":2.01,"y":-0.49},{"time":0.2667,"x":2.75,"y":-0.66},{"time":1.7667,"x":-1.69,"y":0.36},{"time":3.1,"x":2.3,"y":-0.56},{"time":3.2667,"x":2.75,"y":-0.66},{"time":4.6,"x":2.75,"y":-0.66},{"time":4.7667,"x":2.66,"y":-0.64},{"time":6,"x":2.01,"y":-0.49}],"rotate":[{"time":0,"angle":2.96},{"time":0.1,"angle":3.41},{"time":1.6,"angle":-3.3},{"time":3.1,"angle":3.41},{"time":4.7667,"angle":-3.3},{"time":6,"angle":2.96}],"scale":[{"time":0,"x":1,"y":1},{"time":1.5,"x":1.05,"y":1},{"time":3,"x":1,"y":1},{"time":4.5,"x":1.05,"y":1},{"time":6,"x":1,"y":1}],"shear":[{"time":0},{"time":0.1},{"time":1.6},{"time":3.1},{"time":4.7667},{"time":6}]},"zhuangshi3":{"translate":[{"time":0,"x":2.01,"y":-0.49},{"time":0.2667,"x":2.75,"y":-0.66},{"time":1.7667,"x":-1.69,"y":0.36},{"time":3.1,"x":2.3,"y":-0.56},{"time":3.2667,"x":2.75,"y":-0.66},{"time":4.7667,"x":-1.69,"y":0.36},{"time":6,"x":2.01,"y":-0.49}],"rotate":[{"time":0,"angle":2.96},{"time":0.1,"angle":3.41},{"time":1.6,"angle":-3.3},{"time":3.1,"angle":3.41},{"time":4.6,"angle":-3.3},{"time":6,"angle":2.96}],"scale":[{"time":0,"x":1,"y":1},{"time":1.5,"x":1.05,"y":1},{"time":3,"x":1,"y":1},{"time":4.5,"x":1.05,"y":1},{"time":6,"x":1,"y":1}],"shear":[{"time":0},{"time":0.1},{"time":1.6},{"time":3.1},{"time":4.6},{"time":6}]},"qunzi2":{"translate":[{"time":0,"y":9.84},{"time":3,"y":-6.32},{"time":6,"y":9.84}],"rotate":[{"time":0,"angle":-1.89},{"time":0.2667,"angle":-2.84},{"time":1.7667,"angle":-3.96},{"time":3.2667,"angle":1.01},{"time":4.7667,"angle":2.85},{"time":6,"angle":-1.89}],"scale":[{"time":0,"x":0.99,"y":1},{"time":0.5,"x":1,"y":1},{"time":2,"x":1.02,"y":1},{"time":3.5,"x":1,"y":1},{"time":5,"x":0.98,"y":1},{"time":6,"x":0.99,"y":1}],"shear":[{"time":0},{"time":0.2667},{"time":1.7667},{"time":3.2667},{"time":4.7667},{"time":6}]},"qunzi3":{"rotate":[{"time":0,"angle":1.73},{"time":0.7667,"angle":0},{"time":2.2667,"angle":-1.98},{"time":3.7667,"angle":0},{"time":5.2667,"angle":3.45},{"time":6,"angle":1.73}],"shear":[{"time":0},{"time":0.7667},{"time":2.2667},{"time":3.7667},{"time":5.2667},{"time":6}]},"qunzi4":{"translate":[{"time":0,"x":-0.3,"y":0.92},{"time":1,"y":4.12},{"time":4,"x":-0.92,"y":-5.5},{"time":6,"x":-0.3,"y":0.92}]},"toufa3":{"rotate":[{"time":0,"angle":-3.83},{"time":0.1667,"angle":-4.64},{"time":1.1667,"angle":0.21},{"time":2,"angle":-3.83},{"time":2.1667,"angle":-4.64},{"time":3.1667,"angle":0.21},{"time":4,"angle":-3.83},{"time":4.1667,"angle":-4.64},{"time":5.1667,"angle":0.21},{"time":6,"angle":-3.83}],"shear":[{"time":0},{"time":0.1667},{"time":1.1667},{"time":2},{"time":2.1667},{"time":3.1667},{"time":4},{"time":4.1667},{"time":5.1667},{"time":6}]},"toufa4":{"rotate":[{"time":0,"angle":-4.19},{"time":0.3333,"angle":-6.39},{"time":1.3333,"angle":0.21},{"time":2,"angle":-4.19},{"time":2.3333,"angle":-6.39},{"time":3.3333,"angle":0.21},{"time":4,"angle":-4.19},{"time":4.3333,"angle":-6.39},{"time":5.3333,"angle":0.21},{"time":6,"angle":-4.19}],"shear":[{"time":0},{"time":0.3333},{"time":1.3333},{"time":2},{"time":2.3333},{"time":3.3333},{"time":4},{"time":4.3333},{"time":5.3333},{"time":6}]},"toufa5":{"rotate":[{"time":0,"angle":-2.52},{"time":0.5,"angle":-8.67},{"time":1.5,"angle":3.63},{"time":2,"angle":-2.52},{"time":2.5,"angle":-8.67},{"time":3.5,"angle":3.63},{"time":4,"angle":-2.52},{"time":4.5,"angle":-8.67},{"time":5.5,"angle":3.63},{"time":6,"angle":-2.52}],"shear":[{"time":0},{"time":0.5},{"time":1.5},{"time":2},{"time":2.5},{"time":3.5},{"time":4},{"time":4.5},{"time":5.5},{"time":6}]},"toufa6":{"rotate":[{"time":0,"angle":0.29},{"time":0.6667,"angle":-11.19},{"time":1.6667,"angle":6.03},{"time":2,"angle":0.29},{"time":2.6667,"angle":-11.19},{"time":3.6667,"angle":6.03},{"time":4,"angle":0.29},{"time":4.6667,"angle":-11.19},{"time":5.6667,"angle":6.03},{"time":6,"angle":0.29}],"shear":[{"time":0},{"time":0.6667},{"time":1.6667},{"time":2},{"time":2.6667},{"time":3.6667},{"time":4},{"time":4.6667},{"time":5.6667},{"time":6}]},"toufa7":{"rotate":[{"time":0,"angle":7.81},{"time":0.8333,"angle":-15.23},{"time":1.8333,"angle":12.42},{"time":2,"angle":7.81},{"time":2.8333,"angle":-15.23},{"time":3.8333,"angle":12.42},{"time":4,"angle":7.81},{"time":4.8333,"angle":-15.23},{"time":5.8333,"angle":12.42},{"time":6,"angle":7.81}],"shear":[{"time":0},{"time":0.8333},{"time":1.8333},{"time":2},{"time":2.8333},{"time":3.8333},{"time":4},{"time":4.8333},{"time":5.8333},{"time":6}]},"toufa8":{"rotate":[{"time":0,"angle":3.06},{"time":0.4,"angle":-2.16},{"time":1.4,"angle":10.89},{"time":2,"angle":3.06},{"time":2.4,"angle":-2.16},{"time":3.4,"angle":10.89},{"time":4,"angle":3.06},{"time":4.4,"angle":-2.16},{"time":5.4,"angle":10.89},{"time":6,"angle":3.06}],"shear":[{"time":0},{"time":0.4},{"time":1.4},{"time":2},{"time":2.4},{"time":3.4},{"time":4},{"time":4.4},{"time":5.4},{"time":6}]},"toufa9":{"rotate":[{"time":0,"angle":5.67},{"time":0.6,"angle":-2.16},{"time":1.6,"angle":10.89},{"time":2,"angle":5.67},{"time":2.6,"angle":-2.16},{"time":3.6,"angle":10.89},{"time":4,"angle":5.67},{"time":4.6,"angle":-2.16},{"time":5.6,"angle":10.89},{"time":6,"angle":5.67}],"shear":[{"time":0},{"time":0.6},{"time":1.6},{"time":2},{"time":2.6},{"time":3.6},{"time":4},{"time":4.6},{"time":5.6},{"time":6}]},"toufa10":{"rotate":[{"time":0,"angle":8.28},{"time":0.8,"angle":-2.16},{"time":1.8,"angle":10.89},{"time":2,"angle":8.28},{"time":2.8,"angle":-2.16},{"time":3.8,"angle":10.89},{"time":4,"angle":8.28},{"time":4.8,"angle":-2.16},{"time":5.8,"angle":10.89},{"time":6,"angle":8.28}],"shear":[{"time":0},{"time":0.8},{"time":1.8},{"time":2},{"time":2.8},{"time":3.8},{"time":4},{"time":4.8},{"time":5.8},{"time":6}]},"toufa12":{"rotate":[{"time":0,"angle":-0.45},{"time":0.5,"angle":-3.49},{"time":1.5,"angle":2.58},{"time":2,"angle":-0.45},{"time":2.5,"angle":-3.49},{"time":3.5,"angle":2.58},{"time":4,"angle":-0.45},{"time":4.5,"angle":-3.49},{"time":5.5,"angle":2.58},{"time":6,"angle":-0.45}],"shear":[{"time":0},{"time":0.5},{"time":1.5},{"time":2},{"time":2.5},{"time":3.5},{"time":4},{"time":4.5},{"time":5.5},{"time":6}]},"toufa13":{"rotate":[{"time":0,"angle":0.56},{"time":0.6667,"angle":-3.49},{"time":1.6667,"angle":2.58},{"time":2,"angle":0.56},{"time":2.6667,"angle":-3.49},{"time":3.6667,"angle":2.58},{"time":4,"angle":0.56},{"time":4.6667,"angle":-3.49},{"time":5.6667,"angle":2.58},{"time":6,"angle":0.56}],"shear":[{"time":0},{"time":0.6667},{"time":1.6667},{"time":2},{"time":2.6667},{"time":3.6667},{"time":4},{"time":4.6667},{"time":5.6667},{"time":6}]},"toufa14":{"rotate":[{"time":0,"angle":4.34},{"time":0.8333,"angle":-3.49},{"time":1.8333,"angle":5.91},{"time":2,"angle":4.34},{"time":2.8333,"angle":-3.49},{"time":3.8333,"angle":5.91},{"time":4,"angle":4.34},{"time":4.8333,"angle":-3.49},{"time":5.8333,"angle":5.91},{"time":6,"angle":4.34}],"shear":[{"time":0},{"time":0.8333},{"time":1.8333},{"time":2},{"time":2.8333},{"time":3.8333},{"time":4},{"time":4.8333},{"time":5.8333},{"time":6}]},"toufa15":{"rotate":[{"time":0,"angle":7.7},{"time":1,"angle":-3.49},{"time":2,"angle":7.7},{"time":3,"angle":-3.49},{"time":4,"angle":7.7},{"time":5,"angle":-3.49},{"time":6,"angle":7.7}],"shear":[{"time":0},{"time":1},{"time":2},{"time":3},{"time":4},{"time":5},{"time":6}]},"toufa16":{"rotate":[{"time":0,"angle":5.84},{"time":0.1667,"angle":7.7},{"time":1.1667,"angle":-3.49},{"time":2,"angle":5.84},{"time":2.1667,"angle":7.7},{"time":3.1667,"angle":-3.49},{"time":4,"angle":5.84},{"time":4.1667,"angle":7.7},{"time":5.1667,"angle":-3.49},{"time":6,"angle":5.84}],"shear":[{"time":0},{"time":0.1667},{"time":1.1667},{"time":2},{"time":2.1667},{"time":3.1667},{"time":4},{"time":4.1667},{"time":5.1667},{"time":6}]},"houfa5":{"rotate":[{"time":0,"angle":-0.59},{"time":0.3,"angle":-0.3},{"time":1.3,"angle":-1.26},{"time":2,"angle":-0.59},{"time":2.3,"angle":-0.3},{"time":3.3,"angle":-1.26},{"time":4,"angle":-0.59},{"time":4.3,"angle":-0.3},{"time":5.3,"angle":-1.26},{"time":6,"angle":-0.59}],"shear":[{"time":0},{"time":0.3},{"time":1.3},{"time":2},{"time":2.3},{"time":3.3},{"time":4},{"time":4.3},{"time":5.3},{"time":6}]},"houfa6":{"rotate":[{"time":0,"angle":-5.19},{"time":0.6667,"angle":4.57},{"time":1.6667,"angle":-10.07},{"time":2,"angle":-5.19},{"time":2.6667,"angle":4.57},{"time":3.6667,"angle":-10.07},{"time":4,"angle":-5.19},{"time":4.6667,"angle":4.57},{"time":5.6667,"angle":-10.07},{"time":6,"angle":-5.19}],"shear":[{"time":0},{"time":0.6667},{"time":1.6667},{"time":2},{"time":2.6667},{"time":3.6667},{"time":4},{"time":4.6667},{"time":5.6667},{"time":6}]},"houfa2":{"translate":[{"time":0},{"time":1,"x":-2.09,"y":-5.95},{"time":2},{"time":3,"x":-2.09,"y":-5.95},{"time":4},{"time":5,"x":-2.09,"y":-5.95},{"time":6}],"rotate":[{"time":0,"angle":-1.56},{"time":0.1,"angle":-1.79},{"time":1.1,"angle":0.53},{"time":2,"angle":-1.56},{"time":2.1,"angle":-1.79},{"time":3.1,"angle":0.53},{"time":4,"angle":-1.56},{"time":4.1,"angle":-1.79},{"time":5.1,"angle":0.53},{"time":6,"angle":-1.56}],"shear":[{"time":0},{"time":0.1},{"time":1.1},{"time":2},{"time":2.1},{"time":3.1},{"time":4},{"time":4.1},{"time":5.1},{"time":6}]},"houfa3":{"rotate":[{"time":0,"angle":-1.33},{"time":0.2,"angle":-1.79},{"time":1.2,"angle":0.53},{"time":2,"angle":-1.33},{"time":2.2,"angle":-1.79},{"time":3.2,"angle":0.53},{"time":4,"angle":-1.33},{"time":4.2,"angle":-1.79},{"time":5.2,"angle":0.53},{"time":6,"angle":-1.33}],"shear":[{"time":0},{"time":0.2},{"time":1.2},{"time":2},{"time":2.2},{"time":3.2},{"time":4},{"time":4.2},{"time":5.2},{"time":6}]},"houfa11":{"rotate":[{"time":0,"angle":-1.09},{"time":0.3,"angle":-1.79},{"time":1.3,"angle":0.53},{"time":2,"angle":-1.09},{"time":2.3,"angle":-1.79},{"time":3.3,"angle":0.53},{"time":4,"angle":-1.09},{"time":4.3,"angle":-1.79},{"time":5.3,"angle":0.53},{"time":6,"angle":-1.09}],"shear":[{"time":0},{"time":0.3},{"time":1.3},{"time":2},{"time":2.3},{"time":3.3},{"time":4},{"time":4.3},{"time":5.3},{"time":6}]},"houfa12":{"rotate":[{"time":0,"angle":-2.66},{"time":0.4,"angle":-4.78},{"time":1.4,"angle":0.53},{"time":2,"angle":-2.66},{"time":2.4,"angle":-4.78},{"time":3.4,"angle":0.53},{"time":4,"angle":-2.66},{"time":4.4,"angle":-4.78},{"time":5.4,"angle":0.53},{"time":6,"angle":-2.66}],"shear":[{"time":0},{"time":0.4},{"time":1.4},{"time":2},{"time":2.4},{"time":3.4},{"time":4},{"time":4.4},{"time":5.4},{"time":6}]},"houfa13":{"rotate":[{"time":0,"angle":-3.24},{"time":0.5333,"angle":-11.74},{"time":1.5333,"angle":4.2},{"time":2,"angle":-3.24},{"time":2.5333,"angle":-11.74},{"time":3.5333,"angle":4.2},{"time":4,"angle":-3.24},{"time":4.5333,"angle":-11.74},{"time":5.5333,"angle":4.2},{"time":6,"angle":-3.24}],"shear":[{"time":0},{"time":0.5333},{"time":1.5333},{"time":2},{"time":2.5333},{"time":3.5333},{"time":4},{"time":4.5333},{"time":5.5333},{"time":6}]},"houfa14":{"rotate":[{"time":0,"angle":2.1},{"time":0.6667,"angle":-11.74},{"time":1.6667,"angle":9.02},{"time":2,"angle":2.1},{"time":2.6667,"angle":-11.74},{"time":3.6667,"angle":9.02},{"time":4,"angle":2.1},{"time":4.6667,"angle":-11.74},{"time":5.6667,"angle":9.02},{"time":6,"angle":2.1}],"shear":[{"time":0},{"time":0.6667},{"time":1.6667},{"time":2},{"time":2.6667},{"time":3.6667},{"time":4},{"time":4.6667},{"time":5.6667},{"time":6}]},"houfa16":{"translate":[{"time":0,"x":-0.76,"y":-1.46},{"time":1,"x":0.31,"y":1.32},{"time":2,"x":-0.76,"y":-1.46},{"time":3,"x":0.31,"y":1.32},{"time":4,"x":-0.76,"y":-1.46},{"time":5,"x":0.31,"y":1.32},{"time":6,"x":-0.76,"y":-1.46}]},"houfa17":{"rotate":[{"time":0,"angle":-2.22},{"time":0.2333,"angle":-5.32},{"time":1.2333,"angle":7.98},{"time":2,"angle":-2.22},{"time":2.2333,"angle":-5.32},{"time":3.2333,"angle":7.98},{"time":4,"angle":-2.22},{"time":4.2333,"angle":-5.32},{"time":5.2333,"angle":7.98},{"time":6,"angle":-2.22}],"shear":[{"time":0},{"time":0.2333},{"time":1.2333},{"time":2},{"time":2.2333},{"time":3.2333},{"time":4},{"time":4.2333},{"time":5.2333},{"time":6}]},"houfa18":{"rotate":[{"time":0,"angle":0.89},{"time":0.4667,"angle":-5.32},{"time":1.4667,"angle":7.98},{"time":2,"angle":0.89},{"time":2.4667,"angle":-5.32},{"time":3.4667,"angle":7.98},{"time":4,"angle":0.89},{"time":4.4667,"angle":-5.32},{"time":5.4667,"angle":7.98},{"time":6,"angle":0.89}],"shear":[{"time":0},{"time":0.4667},{"time":1.4667},{"time":2},{"time":2.4667},{"time":3.4667},{"time":4},{"time":4.4667},{"time":5.4667},{"time":6}]},"houfa19":{"rotate":[{"time":0,"angle":3.99},{"time":0.7,"angle":-5.32},{"time":1.7,"angle":7.98},{"time":2,"angle":3.99},{"time":2.7,"angle":-5.32},{"time":3.7,"angle":7.98},{"time":4,"angle":3.99}],"shear":[{"time":0},{"time":0.7},{"time":1.7},{"time":2},{"time":2.7},{"time":3.7},{"time":4}]},"zhuangshi4":{"rotate":[{"time":0,"angle":-6.68},{"time":0.2,"angle":-8.13},{"time":1.7,"angle":2.76},{"time":3,"angle":-6.68},{"time":3.2,"angle":-8.13},{"time":4.7,"angle":2.76},{"time":6,"angle":-6.68}],"shear":[{"time":0},{"time":0.2},{"time":1.7},{"time":3},{"time":3.2},{"time":4.7},{"time":6}]},"zhuangshi5":{"rotate":[{"time":0,"angle":-5.22},{"time":0.4,"angle":-8.13},{"time":1.9,"angle":2.76},{"time":3,"angle":-5.22},{"time":3.4,"angle":-8.13},{"time":4.9,"angle":2.76},{"time":6,"angle":-5.22}],"shear":[{"time":0},{"time":0.4},{"time":1.9},{"time":3},{"time":3.4},{"time":4.9},{"time":6}]},"zhuangshi6":{"rotate":[{"time":0,"angle":-4.48},{"time":0.6,"angle":-11.85},{"time":2.1,"angle":6.57},{"time":3,"angle":-4.48},{"time":3.6,"angle":-11.85},{"time":5.1,"angle":6.57},{"time":6,"angle":-4.48}],"shear":[{"time":0},{"time":0.6},{"time":2.1},{"time":3},{"time":3.6},{"time":5.1},{"time":6}]},"zhuangshi7":{"rotate":[{"time":0,"angle":0.34},{"time":0.8,"angle":-17.74},{"time":2.3,"angle":16.16},{"time":3,"angle":0.34},{"time":3.8,"angle":-17.74},{"time":5.3,"angle":16.16},{"time":6,"angle":0.34}],"shear":[{"time":0},{"time":0.8},{"time":2.3},{"time":3},{"time":3.8},{"time":5.3},{"time":6}]},"zhuangshi8":{"rotate":[{"time":0,"angle":4.75},{"time":1,"angle":-26.65},{"time":2.5,"angle":20.45},{"time":3,"angle":4.75},{"time":4,"angle":-26.65},{"time":5.5,"angle":20.45},{"time":6,"angle":4.75}],"shear":[{"time":0},{"time":1},{"time":2.5},{"time":3},{"time":4},{"time":5.5},{"time":6}]},"zhuangshi9":{"rotate":[{"time":0,"angle":2.53},{"time":1.5,"angle":-2.38},{"time":3,"angle":2.53},{"time":4.5,"angle":-2.38},{"time":6,"angle":2.53}],"shear":[{"time":0},{"time":1.5},{"time":3},{"time":4.5},{"time":6}]},"zhuangshi10":{"rotate":[{"time":0,"angle":2.63},{"time":0.1667,"angle":3.86},{"time":1.6667,"angle":-8.5},{"time":3,"angle":2.63},{"time":3.1667,"angle":3.86},{"time":4.6667,"angle":-8.5},{"time":6,"angle":2.63}],"shear":[{"time":0},{"time":0.1667},{"time":1.6667},{"time":3},{"time":3.1667},{"time":4.6667},{"time":6}]},"houfa23":{"rotate":[{"time":0,"angle":-0.59},{"time":0.4667,"angle":-4.78},{"time":1.4667,"angle":4.2},{"time":2,"angle":-0.59},{"time":2.4667,"angle":-4.78},{"time":3.4667,"angle":4.2},{"time":4,"angle":-0.59},{"time":4.4667,"angle":-4.78},{"time":5.4667,"angle":4.2},{"time":6,"angle":-0.59}],"shear":[{"time":0},{"time":0.4667},{"time":1.4667},{"time":2},{"time":2.4667},{"time":3.4667},{"time":4},{"time":4.4667},{"time":5.4667},{"time":6}]},"houfa24":{"rotate":[{"time":0,"angle":0.72},{"time":0.6,"angle":-11.74},{"time":1.6,"angle":9.02},{"time":2,"angle":0.72},{"time":2.6,"angle":-11.74},{"time":3.6,"angle":9.02},{"time":4,"angle":0.72},{"time":4.6,"angle":-11.74},{"time":5.6,"angle":9.02},{"time":6,"angle":0.72}],"shear":[{"time":0},{"time":0.6},{"time":1.6},{"time":2},{"time":2.6},{"time":3.6},{"time":4},{"time":4.6},{"time":5.6},{"time":6}]},"youshou2":{"rotate":[{"time":0,"angle":-8.25},{"time":3,"angle":5.05},{"time":6,"angle":-8.25}],"shear":[{"time":0},{"time":3},{"time":6}]},"youshou3":{"rotate":[{"time":0,"angle":-8.47},{"time":3,"angle":5.15},{"time":6,"angle":-8.47}],"shear":[{"time":0},{"time":3},{"time":6}]},"youshou4":{"rotate":[{"time":0,"angle":-8.47},{"time":3,"angle":5.15},{"time":6,"angle":-8.47}],"shear":[{"time":0},{"time":3},{"time":6}]},"youshou5":{"rotate":[{"time":0,"angle":-9.99},{"time":3,"angle":6.89},{"time":6,"angle":-9.99}],"shear":[{"time":0},{"time":3},{"time":6}]},"yan2":{"rotate":[{"time":0,"angle":0},{"time":2,"angle":2.28},{"time":4,"angle":0},{"time":6,"angle":2.28}],"scale":[{"time":0,"x":1,"y":1},{"time":1,"x":0.96,"y":1},{"time":2,"x":1,"y":1},{"time":3,"x":0.96,"y":1},{"time":4,"x":1,"y":1},{"time":5,"x":0.96,"y":1},{"time":6,"x":1,"y":1}],"shear":[{"time":0},{"time":2},{"time":4},{"time":6}]},"zuoshou1":{"rotate":[{"time":0,"angle":0},{"time":2.3333,"angle":0},{"time":2.5666,"angle":-2.02},{"time":3.0999,"curve":"stepped","angle":-2.73},{"time":3.3332,"angle":-2.73},{"time":3.5665,"curve":"stepped","angle":4.8},{"time":4.2998,"angle":4.8},{"time":4.6331,"angle":0}],"shear":[{"time":0},{"time":2.3333},{"time":2.5666},{"time":3.0999,"curve":"stepped"},{"time":3.3332},{"time":3.5665,"curve":"stepped"},{"time":4.2998},{"time":4.6331}]},"zuoshou3":{"rotate":[{"time":0,"angle":0},{"time":2.3333,"angle":0},{"time":2.5666,"angle":7.42},{"time":3.0999,"curve":"stepped","angle":10.04},{"time":3.3332,"angle":10.04},{"time":3.5665,"curve":"stepped","angle":-5.54},{"time":4.2998,"angle":-5.54},{"time":4.6331,"angle":0}],"shear":[{"time":0},{"time":2.3333},{"time":2.5666},{"time":3.0999,"curve":"stepped"},{"time":3.3332},{"time":3.5665,"curve":"stepped"},{"time":4.2998},{"time":4.6331}]}},"slots":{"xin":{"attachment":[{"time":0,"name":""},{"time":3.5667,"name":"xin"}],"color":[{"time":0,"color":"FFFFFF00"},{"time":3.5667,"color":"FFFFFF00"},{"time":4,"curve":"stepped","color":"FFFFFFFF"},{"time":4.6667,"color":"FFFFFFFF"},{"time":5.1334,"color":"FFFFFF00"}]},"yan1":{"attachment":[{"time":0,"name":"yan1"},{"time":4.1333,"name":"yan2"},{"time":4.2,"name":"yan3"},{"time":4.4,"name":"yan2"},{"time":4.5333,"name":"yan1"}]}},"deform":{"default":{"houfa5":{"houfa5":[{"time":0,"offset":10,"vertices":[-5.98,6.07]},{"time":1,"offset":17,"vertices":[0]},{"time":2,"offset":10,"vertices":[-5.98,6.07]},{"time":3,"offset":17,"vertices":[0]},{"time":4,"offset":10,"vertices":[-5.98,6.07]},{"time":5,"offset":17,"vertices":[0]},{"time":6,"offset":10,"vertices":[-5.98,6.07]}]},"qunzi":{"qunzi":[{"time":0,"offset":12,"vertices":[-1.23,0,0,0,0,0,0,0,0,0,0,0,0,0,0,0,0,0,0,0,-1.23,0,0,-0.41,0,-0.41]},{"time":1.5,"offset":12,"vertices":[-1.9,0,0,0,0,0,0,0,0,0,0,0,0,0,0,0,0,0,0,0,-1.9,0,0,-0.01,-0.68,-0.07,-0.41,0.35,0.53,0.71,0.41,0.29]},{"time":3,"offset":12,"vertices":[0.55,0,0,0,0,0,0,0,0,0,0,0,0,0,0,0,0,0,0.45,0,0.55,0,0,0.48,0,0.48,0,0,0.41,0.88,0.71,0.88]},{"time":4.5,"offset":12,"vertices":[0.65,0,0,0,0,0,0,0,0,0,0,0,0,0,0,0,0,0,0.65,0,0.65,0,1.92,-0.17,0,0,3.31,-0.68]},{"time":6,"offset":12,"vertices":[-1.23,0,0,0,0,0,0,0,0,0,0,0,0,0,0,0,0,0,0,0,-1.23,0,0,-0.41,0,-0.41]}]},"shenti":{"shenti":[{"time":0,"offset":6,"vertices":[-0.98,0.02,0,0,0,0,-1.74,-0.91,0,0,0,0,0,0,0,0,0,-0.91,-0.33,0.01,0,0,0,0,0,0,0,0,0,0,0,0,0,0,0,0,0.44,0.81,0.42,0.82,0,0,0,0,0,0,0,0,0,0,0,0,0,0,0,0,0,0,0,0,0,0,0.14,-0.01,0,0,0,0,0,0,0,0,0,0,0,0,0,0,0,0,0,0,0,0,-1.59,-0.91]},{"time":1.5,"offset":6,"vertices":[-0.16,0.02,0,0,0,0,-3.04,-0.23,0,0,0,0,0,0,0,0,-1.45,-0.23,-0.16,0,0,0,0,0,0,0,0,0,0,0,0,0,0,0,0,0,0.22,0.41,0.21,0.41,0,0,0,0,0,0,0,0,0,0,0,0,0,0,0,0,0,0,0,0,0,0,0.07,0,0,0,0,0,0,0,0,0,0,0,0,0,0,0,0,0,0,0,0,0,-2.31,-0.23]},{"time":3,"offset":6,"vertices":[0.67,0.01,0,0,0,0,0,0.45,0,0,0,0,0,0,0,0,1.44,0.45,0,0,0,0,0,0,0,0,0,0,0,0,0,0,0,0,0,0,0,0,0,0,0,0,0,0,0,0,0,0,0,0,0,0,0,0,0,0,0,0,0,0,0,0,0,0,0,0,0,0,0,0,0,0,0,0,0,0,0,0,0,0,0,0,0,0,1.3,0.45]},{"time":4.5,"offset":6,"vertices":[-0.16,0.02,0,0,0,0,0.57,-0.23,0,0,0,0,0,0,0,0,2.16,-0.23,-0.16,0,0,0,0,0,0,0,0,0,0,0,0,0,0,0,0,0,0.22,0.41,0.21,0.41,0,0,0,0,0,0,0,0,0,0,0,0,0,0,0,0,0,0,0,0,0,0,0.07,0,0,0,0,0,0,0,0,0,0,0,0,0,0,0,0,0,0,0,0,0,1.3,-0.23]},{"time":6,"offset":6,"vertices":[-0.98,0.02,0,0,0,0,-1.74,-0.91,0,0,0,0,0,0,0,0,0,-0.91,-0.33,0.01,0,0,0,0,0,0,0,0,0,0,0,0,0,0,0,0,0.44,0.81,0.42,0.82,0,0,0,0,0,0,0,0,0,0,0,0,0,0,0,0,0,0,0,0,0,0,0.14,-0.01,0,0,0,0,0,0,0,0,0,0,0,0,0,0,0,0,0,0,0,0,-1.59,-0.91]}]}}}}}}