{
  "skeleton": {
    "width": 343,
    "height": 324.5,
    "fps": 24,
    "hash": " ",
    "spine": " ",
    "name": "ermj_effect_room3"
  },"bones":[{"name":"root"},{"name":"底图","parent":"root"},{"x":-60,"y":60,"name":"条幅","parent":"底图"},{"x":42.5389,"y":29.2795,"scaleX":0.65,"scaleY":0.65,"name":"麻将","parent":"底图"},{"x":0.853,"y":-3.1276,"scaleX":0.6,"scaleY":0.6,"name":"骰子1","parent":"底图"},{"x":-21.1839,"y":52.5998,"scaleX":0.7,"scaleY":0.7,"name":"骰子2","parent":"底图"},{"x":10,"y":-60,"scaleX":0.7,"scaleY":0.7,"name":"底注框","parent":"底图"},{"scaleX":0.7,"scaleY":0.7,"name":"中级房","parent":"条幅"},{"x":-34.6064,"y":7.2702,"name":"发","parent":"麻将"}],"slots":[{"name":"底图","bone":"底图","attachment":"HallRooms03"},{"name":"麻将","bone":"麻将","attachment":"HallRooms03Ani03"},{"name":"发","bone":"发","blend":"additive","attachment":"发"},{"name":"骰子1","bone":"骰子1","attachment":"HallRooms03Ani02"},{"name":"骰子2","bone":"骰子2","attachment":"HallRooms03Ani01"},{"name":"条幅","bone":"条幅","attachment":"中级房"},{"name":"中级房","bone":"中级房","attachment":"HallRoomLang03"},{"name":"底注框","bone":"底注框","attachment":"HallRoomsNumBg"}],"skins":{"default":{"麻将":{"HallRooms03Ani03":{"name":"HallRooms03Ani03","width":214,"height":230}},"中级房":{"HallRoomLang03":{"name":"HallRoomLang03","width":82,"height":225}},"条幅":{"中级房":{"name":"中级房","width":76,"height":190}},"骰子1":{"HallRooms03Ani02":{"name":"HallRooms03Ani02","width":110,"height":112}},"底注框":{"HallRoomsNumBg":{"name":"HallRoomsNumBg","width":209,"height":75}},"发":{"发":{"name":"发","width":83,"height":108}},"底图":{"HallRooms03":{"name":"HallRooms03","width":324,"height":301}},"骰子2":{"HallRooms03Ani01":{"name":"HallRooms03Ani01","width":91,"height":89}}}},"animations":{"newAnimation":{"bones":{"麻将":{"translate":[{"time":0},{"time":1.0417,"x":2.59,"y":2.59},{"time":2.0834}]},"骰子1":{"translate":[{"time":0},{"time":0.8333,"x":2.59,"y":-1.73},{"time":2.0833}]},"骰子2":{"translate":[{"time":0},{"time":1.25,"x":-2.59,"y":3.45},{"time":2.0833}]}},"slots":{"发":{"color":[{"time":0,"color":"FFFFFF00"},{"time":1.0417,"color":"FFFFFFFF"},{"time":2.0834,"color":"FFFFFF00"}]}}}}}