{
  "skeleton": {
    "width": 343,
    "height": 324.5,
    "fps": 24,
    "hash": " ",
    "spine": " ",
    "name": "ermj_effect_room2"
  },"bones":[{"name":"root"},{"name":"底图","parent":"root"},{"x":-60,"y":60,"name":"条幅","parent":"底图"},{"x":28.3773,"y":39.5,"scaleX":0.6,"scaleY":0.6,"name":"麻将","parent":"底图"},{"x":63.2004,"y":-12.7952,"scaleX":0.6,"scaleY":0.6,"name":"骰子","parent":"底图"},{"x":-15.897,"y":54.6703,"scaleX":0.5,"scaleY":0.5,"name":"骰子2","parent":"底图"},{"x":10,"y":-60,"scaleX":0.7,"scaleY":0.7,"name":"底注框","parent":"底图"},{"x":63.2004,"y":-12.7952,"scaleX":0.6,"scaleY":0.6,"name":"骰子1","parent":"底图"},{"scaleX":0.7,"scaleY":0.7,"name":"初级房","parent":"条幅"}],"slots":[{"name":"底图","bone":"底图","attachment":"HallRooms02"},{"name":"麻将","bone":"麻将","attachment":"HallRooms02Ani02"},{"name":"骰子","bone":"骰子","attachment":"HallRooms02Ani03"},{"name":"骰子2","bone":"骰子2","attachment":"HallRooms02Ani01"},{"name":"条幅","bone":"条幅","attachment":"初级房"},{"name":"初级房","bone":"初级房","attachment":"HallRoomLang02"},{"name":"底注框","bone":"底注框","attachment":"HallRoomsNumBg"},{"name":"骰子1","bone":"骰子1","blend":"additive","attachment":"HallRooms02Ani03"}],"skins":{"default":{"底图":{"HallRooms02":{"name":"HallRooms02","width":324,"height":301}},"骰子1":{"HallRooms02Ani03":{"name":"HallRooms02Ani03","width":112,"height":113}},"底注框":{"HallRoomsNumBg":{"name":"HallRoomsNumBg","width":209,"height":75}},"初级房":{"HallRoomLang02":{"name":"HallRoomLang02","width":84,"height":225}},"条幅":{"初级房":{"name":"初级房","width":76,"height":192}},"骰子2":{"HallRooms02Ani01":{"name":"HallRooms02Ani01","width":103,"height":107}},"骰子":{"HallRooms02Ani03":{"name":"HallRooms02Ani03","width":112,"height":113}},"麻将":{"HallRooms02Ani02":{"name":"HallRooms02Ani02","width":184,"height":225,"hull":7,"triangles":[1,3,4,1,4,5,6,1,5,0,1,6,1,2,3],"uvs":[0.28098,0.006,0,0.67978,0,0.82267,0.64946,1,0.8644,0.88889,1,0.25156,0.49402,0],"edges":[0,2,2,4,4,6,6,8,8,10,10,12,12,0,10,2],"vertices":[-40.3,111.15,-92,-40.45,-92,-72.6,27.5,-112.5,67.05,-87.5,92,55.9,-1.1,112.5],"type":"mesh"}}}},"animations":{"newAnimation":{"bones":{"麻将":{"translate":[{"time":0,"curve":[0.5,0,0.5,1]},{"time":1.0417,"curve":[0.5,0,0.5,1],"x":1.28,"y":1.28},{"time":2.0834}]},"骰子":{"translate":[{"time":0},{"time":1.0417,"y":1.67},{"time":2.0834}]},"骰子2":{"translate":[{"time":0},{"time":1.0417,"x":-1.03,"y":1.03},{"time":2.0834}]}},"slots":{"骰子1":{"color":[{"time":0,"color":"FFFFFF00"},{"time":1.0417,"color":"FFFFFF7F"},{"time":2.0834,"color":"FFFFFF00"}]}}}}}