{
  "skeleton": {
    "width": 343,
    "height": 324.5,
    "fps": 24,
    "hash": " ",
    "spine": " ",
    "name": "ermj_effect_room1"
  },"bones":[{"name":"root"},{"name":"底图","parent":"root"},{"x":-60,"y":60,"name":"条幅","parent":"底图"},{"x":46.4995,"y":46.4716,"scaleX":0.6,"scaleY":0.6,"name":"骰子1","parent":"底图"},{"x":-4.7097,"y":15.2444,"scaleX":0.7,"scaleY":0.7,"name":"骰子2","parent":"底图"},{"x":34.0243,"y":-5.0124,"scaleX":0.7,"scaleY":0.7,"name":"金币1","parent":"底图"},{"x":-18.7671,"y":57.5775,"name":"金币2","parent":"底图"},{"x":10,"y":-60,"scaleX":0.7,"scaleY":0.7,"name":"底注框","parent":"底图"},{"scaleX":0.7,"scaleY":0.7,"name":"体验房","parent":"条幅"},{"x":8.0973,"y":36.4855,"scaleX":2,"scaleY":2,"name":"星光","parent":"金币1"}],"slots":[{"name":"底图","bone":"底图","attachment":"HallRooms01"},{"name":"骰子1","bone":"骰子1","attachment":"HallRooms01Ani01"},{"name":"骰子2","bone":"骰子2","attachment":"HallRooms01Ani03"},{"name":"金币1","bone":"金币1","attachment":"HallRooms01Ani02"},{"name":"金币2","bone":"金币2","attachment":"HallRooms01Ani04"},{"name":"底注框","bone":"底注框","attachment":"HallRoomsNumBg"},{"name":"条幅","bone":"条幅","attachment":"体验房"},{"name":"体验房","bone":"体验房","attachment":"HallRoomLang01"},{"name":"星光","bone":"星光","blend":"additive","attachment":"星光_00000"}],"skins":{"default":{"骰子1":{"HallRooms01Ani01":{"name":"HallRooms01Ani01","width":159,"height":148,"x":-8.95,"y":11.43}},"金币2":{"HallRooms01Ani04":{"name":"HallRooms01Ani04","width":51,"height":51}},"体验房":{"HallRoomLang01":{"name":"HallRoomLang01","width":85,"height":223}},"条幅":{"体验房":{"name":"体验房","width":73,"height":188}},"底注框":{"HallRoomsNumBg":{"name":"HallRoomsNumBg","width":208,"height":74}},"星光":{"星光_00000":{"name":"星光_00000","width":33,"height":46}},"金币1":{"HallRooms01Ani02":{"name":"HallRooms01Ani02","width":92,"height":94}},"底图":{"HallRooms01":{"name":"HallRooms01","width":327,"height":301}},"骰子2":{"HallRooms01Ani03":{"name":"HallRooms01Ani03","width":106,"height":103}}}},"animations":{"newAnimation":{"bones":{"骰子1":{"translate":[{"time":0,"curve":[0.5,0,0.5,1]},{"time":0.8333,"curve":[0.5,0,0.5,1],"x":2.64,"y":2.64},{"time":2.0833},{"time":2.9166,"curve":[0.5,0,0.5,1],"x":2.64,"y":2.64},{"time":4.1666}]},"骰子2":{"translate":[{"time":0,"curve":[0.5,0,0.5,1]},{"time":1.25,"curve":[0.5,0,0.5,1],"x":-2.6,"y":-1.3},{"time":2.0833},{"time":3.3333,"curve":[0.5,0,0.5,1],"x":-2.6,"y":-1.3},{"time":4.1666}]},"金币2":{"translate":[{"time":0},{"time":1.0417,"x":-3.53,"y":4.12},{"time":2.0834},{"time":3.1251,"x":-3.53,"y":4.12},{"time":4.1668}]},"星光":{"scale":[{"time":0,"curve":"stepped","x":1,"y":1},{"time":0.625,"x":0.01,"y":0.01},{"time":1.0417,"x":1,"y":1}]}},"slots":{"星光":{"color":[{"time":0,"color":"FFFFFF00"},{"time":0.625,"color":"FFFFFF00"},{"time":0.875,"color":"FFFFFFFF"},{"time":1.2083,"color":"FFFFFFFF"},{"time":1.6666,"color":"FFFFFF00"}]}}}}}