{
"skeleton": { "hash": "ld2rsOGDFutpKbBSXFoFrucNr7g", "spine": "3.3.07", "width": 1006, "height": 434, "images": "" },
"bones": [
	{ "name": "root" },
	{ "name": "bone", "parent": "root", "length": 200.19 },
	{ "name": "bone2", "parent": "root", "length": 95.46 },
	{ "name": "bone3", "parent": "root", "length": 200.19, "scaleX": 1.3, "scaleY": 1.3 },
	{ "name": "niu1", "parent": "root", "length": 113.75, "x": -300 },
	{ "name": "niu2", "parent": "root", "length": 113.75, "x": 300 }
],
"slots": [
	{ "name": "niu1", "bone": "niu1", "attachment": "niu1" },
	{ "name": "niu2", "bone": "niu2", "attachment": "niu2" },
	{ "name": "anim_vs", "bone": "bone", "attachment": "anim_vs" },
	{ "name": "anim_vs2", "bone": "bone3", "color": "ffffff35", "attachment": "anim_vs" },
	{ "name": "guang", "bone": "bone2", "attachment": "rename/b11" }
],
"skins": {
	"default": {
		"anim_vs": {
			"anim_vs": { "width": 169, "height": 171 }
		},
		"anim_vs2": {
			"anim_vs": { "width": 169, "height": 171 }
		},
		"guang": {
			"rename/a_11": { "width": 502, "height": 402 },
			"rename/a_13": { "width": 502, "height": 402 },
			"rename/a_15": { "width": 502, "height": 402 },
			"rename/a_17": { "width": 502, "height": 402 },
			"rename/a_19": { "width": 502, "height": 402 },
			"rename/a_21": { "width": 502, "height": 402 },
			"rename/b02": { "width": 502, "height": 402 },
			"rename/b03": { "width": 502, "height": 402 },
			"rename/b04": { "width": 502, "height": 402 },
			"rename/b05": { "width": 502, "height": 402 },
			"rename/b06": { "width": 502, "height": 402 },
			"rename/b07": { "width": 502, "height": 402 },
			"rename/b08": { "width": 502, "height": 402 },
			"rename/b09": { "width": 502, "height": 402 },
			"rename/b10": { "width": 502, "height": 402 },
			"rename/b11": { "width": 502, "height": 402 }
		},
		"niu1": {
			"niu1": { "width": 406, "height": 434 }
		},
		"niu2": {
			"niu2": { "width": 406, "height": 434 }
		}
	}
},
"animations": {
	"animation": {
		"slots": {
			"anim_vs2": {
				"color": [
					{ "time": 0, "color": "ffffff35", "curve": "stepped" },
					{ "time": 0.2666, "color": "ffffff35", "curve": "stepped" },
					{ "time": 0.3666, "color": "ffffff35" },
					{ "time": 0.4333, "color": "ffffff00" }
				]
			},
			"guang": {
				"attachment": [
					{ "time": 0.2666, "name": null },
					{ "time": 0.5666, "name": "rename/a_11" },
					{ "time": 0.6, "name": "rename/a_13" },
					{ "time": 0.6333, "name": "rename/a_15" },
					{ "time": 0.7, "name": "rename/a_17" },
					{ "time": 0.7666, "name": "rename/a_19" },
					{ "time": 0.8333, "name": "rename/a_21" },
					{ "time": 0.9, "name": "rename/b02" },
					{ "time": 0.9666, "name": "rename/b03" },
					{ "time": 1.0333, "name": "rename/b04" },
					{ "time": 1.1, "name": "rename/b05" },
					{ "time": 1.1666, "name": "rename/b06" },
					{ "time": 1.2333, "name": "rename/b07" },
					{ "time": 1.3, "name": "rename/b08" },
					{ "time": 1.3666, "name": "rename/b09" },
					{ "time": 1.4333, "name": "rename/b10" },
					{ "time": 1.5, "name": "rename/b11" }
				]
			}
		},
		"bones": {
			"bone": {
				"translate": [
					{ "time": 0, "x": 0, "y": 0, "curve": "stepped" },
					{ "time": 0.2333, "x": 0, "y": 0, "curve": "stepped" },
					{ "time": 0.2666, "x": 0, "y": 0 }
				],
				"scale": [
					{ "time": 0, "x": 0, "y": 0, "curve": "stepped" },
					{ "time": 0.2333, "x": 0, "y": 0 },
					{ "time": 0.2666, "x": 0.2, "y": 0.2 },
					{ "time": 0.3666, "x": 2.378, "y": 2.378 },
					{ "time": 0.5, "x": 0.9, "y": 0.9 },
					{ "time": 0.6, "x": 1, "y": 1 },
					{ "time": 0.9, "x": 1.062, "y": 1.062 },
					{ "time": 1.3333, "x": 1, "y": 1 }
				]
			},
			"bone2": {
				"scale": [
					{ "time": 0, "x": 0, "y": 0, "curve": "stepped" },
					{ "time": 0.2333, "x": 0, "y": 0 },
					{ "time": 0.2666, "x": 1.3, "y": 1 }
				]
			},
			"bone3": {
				"translate": [
					{ "time": 0.2666, "x": 0, "y": 0 }
				],
				"scale": [
					{ "time": 0, "x": 0, "y": 0, "curve": "stepped" },
					{ "time": 0.2333, "x": 0, "y": 0 },
					{ "time": 0.2666, "x": 0.2, "y": 0.2 },
					{ "time": 0.3666, "x": 2.378, "y": 2.378 },
					{ "time": 0.5, "x": 3.076, "y": 3.076 }
				]
			},
			"niu1": {
				"translate": [
					{ "time": 0, "x": -700, "y": 0 },
					{ "time": 0.2, "x": 120, "y": 0 },
					{ "time": 0.3333, "x": 0, "y": 0 },
					{ "time": 0.5666, "x": 7.21, "y": 0 },
					{ "time": 0.8333, "x": 0, "y": 0 }
				]
			},
			"niu2": {
				"translate": [
					{ "time": 0, "x": 700, "y": 0 },
					{ "time": 0.2, "x": -120, "y": 0 },
					{ "time": 0.3333, "x": 0, "y": 0 },
					{ "time": 0.5666, "x": -6, "y": 0 },
					{ "time": 0.8333, "x": 0, "y": 0 }
				]
			}
		}
	}
}
}