{
  "skeleton": {
    "width": 245.5,
    "height": 280.44,
    "fps": 24,
    "hash": " ",
    "spine": " ",
    "name": "br_hall_effect1"
  },
  "bones": [

    { "name": "root" },
    {
      "name": "底图",
      "parent": "root"
    },
    {
      "x": -43.4028,
      "y": 34.375,
      "name": "麻将1",
      "parent": "root"
    },
    {
      "x": 16.9792,
      "y": 38.4375,
      "name": "麻将2",
      "parent": "root"
    },
    {
      "x": 13.1944,
      "y": 94.4444,
      "name": "竹子",
      "parent": "root"
    },
    {
      "x": -12,
      "y": -60,
      "name": "标题框",
      "parent": "root"
    },
    {
      "x": -7.7578,
      "y": 53.7908,
      "name": "竹叶序列",
      "parent": "root"
    }
  ],
  "slots": [

    {
      "name": "底图",
      "bone": "底图",
      "attachment": "HallAniRoomsBg"
    },
    {
      "name": "竹子",
      "bone": "竹子",
      "attachment": "HallAni01_03"
    },
    {
      "name": "竹叶序列",
      "bone": "竹叶序列",
      "attachment": "竹叶"
    },
    {
      "name": "麻将1",
      "bone": "麻将1",
      "attachment": "HallAni01_01"
    },
    {
      "name": "麻将2",
      "bone": "麻将2",
      "attachment": "HallAni01_02"
    },
    {
      "name": "标题框",
      "bone": "标题框",
      "attachment": "HallAniNameBg01"
    }
  ],
  "skins": 
  {
    "default": {
      "标题框": {
        "HallAniNameBg01": {
          "name": "HallAniNameBg01",
          "width": 225,
          "height": 116
        }
      },
      "麻将1": {
        "HallAni01_01": {
          "name": "HallAni01_01",
          "width": 108,
          "height": 120
        }
      },
      "麻将2": {
        "HallAni01_02": {
          "name": "HallAni01_02",
          "width": 76,
          "height": 87
        }
      },
      "竹子": {
        "HallAni01_03": {
          "name": "HallAni01_03",
          "width": 111,
          "height": 104,
          "hull": 13,
          "triangles": [ 16, 17, 9, 12, 1, 10, 16, 9, 10, 12, 10, 11, 1, 16, 10, 17, 8, 9, 17, 7, 8, 0, 1, 12, 18, 7, 17, 15, 18, 17, 15, 17, 16, 13, 18, 15, 1, 15, 16, 2, 15, 1, 18, 6, 7, 5, 6, 18, 13, 5, 18, 2, 14, 15, 14, 13, 15, 3, 14, 2, 4, 5, 13, 3, 13, 14, 3, 4, 13 ],
          "uvs": [ 0.6045, 0.01538, 0.56847, 0.27067, 0.36577, 0.25625, 0.16757, 0.2899, 0.05495, 0.48221, 0.23063, 0.71779, 0.27568, 0.93413, 0.55045, 0.86683, 0.76667, 0.9149, 0.8973, 0.74663, 0.95586, 0.35721, 0.98288, 0.07308, 0.76216, 0, 0.26672, 0.48841, 0.3005, 0.3562, 0.43924, 0.3562, 0.57843, 0.37639, 0.55951, 0.6687, 0.40185, 0.71677 ],
          "edges": [ 0, 2, 2, 4, 4, 6, 6, 8, 8, 10, 10, 12, 12, 14, 14, 16, 16, 18, 18, 20, 20, 22, 22, 24, 24, 0 ],
          "vertices": [ 11.6, 50.4, 7.6, 23.85, -14.9, 25.35, -36.9, 21.85, -49.4, 1.85, -29.9, -22.65, -24.9, -45.15, 5.6, -38.15, 29.6, -43.15, 44.1, -25.65, 50.6, 14.85, 53.6, 44.4, 29.1, 52, -25.89, 1.21, -22.14, 14.96, -6.74, 14.96, 8.71, 12.86, 6.61, -17.54, -10.89, -22.54 ],
          "type": "mesh"
        }
      },
      "底图": {
        "HallAniRoomsBg": {
          "name": "HallAniRoomsBg",
          "width": 242,
          "height": 268
        }
      }
    }
  },"animations":{"newAnimation":{"bones":{"麻将1":{"translate":[{"time":0,"curve":[0,0,0.5,1]},{"time":1.0417,"curve":[0.5,0,1,1],"x":-2.08,"y":2.71},{"time":2.5}]},"麻将2":{"translate":[{"time":0,"curve":[0,0,0.5,1]},{"time":1.0417,"curve":[0.5,0,1,1],"x":5.24,"y":2.19},{"time":2.5}]}},"deform":{"default":{"竹子":{"HallAni01_03":[{"time":0,"offset":37,"vertices":[0]},{"time":1.25,"offset":2,"vertices":[-0.9,-0.95,-1.6,1.3,-3.4,-1.85,-2.9,-0.75,-2.45,-0.45,0,0,0,0,0,0,0,0,0,0,0,0,0,0,-1.4,0.2,-0.7,-0.25,-1.6,0.6,0,0,0,0,-1.05]},{"time":2.5,"offset":37,"vertices":[0]}]}}}}}}