{
  "skeleton": {
    "width": 245.5,
    "height": 302.33,
    "fps": 24,
    "hash": " ",
    "spine": " ",
    "name": "br_hall_effect4"
  },
  "bones": [

    { "name": "root" },
    {
      "name": "底图",
      "parent": "root"
    },
    {
      "x": -12,
      "y": -60,
      "name": "标题框",
      "parent": "root"
    },
    {
      "x": -16,
      "y": 45.5,
      "name": "奖杯",
      "parent": "root"
    },
    {
      "x": 19,
      "y": 20,
      "name": "骰子",
      "parent": "root"
    },
    {
      "x": 11.1708,
      "y": 29.8963,
      "name": "雀",
      "parent": "奖杯"
    },
    {
      "x": 14.8345,
      "y": 51.473,
      "name": "扫光",
      "parent": "奖杯"
    },
    {
      "x": 5.2147,
      "y": 58.8338,
      "scaleX": 0.3,
      "scaleY": 0.3,
      "name": "glow",
      "parent": "奖杯"
    }
  ],
  "slots": [

    {
      "name": "底图",
      "bone": "底图",
      "attachment": "HallAniRoomsBg"
    },
    {
      "name": "奖杯",
      "bone": "奖杯",
      "attachment": "HallAni04_01"
    },
    {
      "name": "骰子",
      "bone": "骰子",
      "attachment": "HallAni04_02"
    },
    {
      "name": "标题框",
      "bone": "标题框",
      "attachment": "HallAniNameBg04"
    },
    {
      "name": "扫光",
      "bone": "扫光",
      "attachment": "序列"
    },
    {
      "name": "glow",
      "bone": "glow",
      "blend": "additive",
      "attachment": "bluestar_00000"
    },
    {
      "name": "雀",
      "bone": "雀",
      "attachment": "雀_00000"
    }
  ],
  "skins": 
  {
    "default": {
      "奖杯": {
        "HallAni04_01": {
          "name": "HallAni04_01",
          "width": 165,
          "height": 154,
          "hull": 20,
          "triangles": [ 18, 16, 17, 35, 20, 9, 20, 35, 8, 35, 7, 8, 18, 15, 16, 18, 13, 15, 35, 36, 7, 36, 6, 7, 13, 14, 15, 31, 13, 18, 26, 31, 18, 10, 36, 35, 38, 26, 18, 19, 6, 36, 11, 19, 36, 37, 38, 18, 0, 37, 18, 26, 23, 31, 31, 12, 13, 32, 19, 11, 31, 11, 12, 31, 32, 11, 32, 34, 19, 25, 5, 6, 38, 21, 26, 23, 32, 31, 30, 5, 25, 24, 33, 32, 33, 34, 32, 26, 27, 23, 33, 25, 34, 28, 24, 27, 21, 27, 26, 24, 25, 33, 41, 37, 0, 24, 29, 25, 29, 30, 25, 38, 39, 21, 39, 27, 21, 22, 28, 27, 37, 40, 38, 40, 39, 38, 1, 41, 0, 39, 22, 27, 30, 4, 5, 2, 22, 39, 28, 29, 24, 41, 40, 37, 29, 4, 30, 2, 3, 22, 40, 2, 39, 28, 3, 29, 3, 4, 29, 22, 3, 28, 1, 2, 40, 1, 40, 41, 10, 35, 9, 11, 36, 10, 27, 23, 24, 24, 23, 32, 6, 25, 19, 34, 25, 19 ],
          "uvs": [ 0.23455, 0, 0.10697, 0.18214, 0.10364, 0.3763, 0.08333, 0.61721, 0.03636, 0.86201, 0.24121, 1, 0.58364, 0.93019, 0.82879, 0.86201, 1, 0.8224, 1, 0.61364, 0.74152, 0.63896, 0.5903, 0.68214, 0.59242, 0.60584, 0.6197, 0.56688, 0.69273, 0.60097, 0.81879, 0.50487, 0.96303, 0.34383, 1, 0.16331, 0.65636, 0.03636, 0.58796, 0.7695, 1, 0.67922, 0.28939, 0.425, 0.15879, 0.57338, 0.36545, 0.525, 0.22242, 0.68312, 0.29091, 0.8013, 0.31727, 0.45519, 0.24273, 0.51851, 0.16818, 0.62143, 0.17121, 0.75649, 0.20697, 0.83961, 0.46182, 0.56656, 0.37939, 0.65325, 0.31727, 0.71299, 0.33424, 0.74481, 0.79874, 0.72332, 0.68261, 0.74876, 0.21667, 0.21299, 0.26151, 0.3026, 0.17394, 0.37565, 0.14091, 0.24838, 0.14273, 0.18798 ],
          "edges": [ 0, 2, 2, 4, 4, 6, 6, 8, 8, 10, 10, 12, 12, 14, 14, 16, 16, 40, 18, 20, 18, 40, 20, 22, 22, 24, 24, 26, 26, 28, 28, 30, 30, 32, 32, 34, 34, 36, 36, 0, 22, 38, 38, 12, 46, 48, 48, 50, 50, 38, 70, 40, 38, 72, 72, 70, 76, 80 ],
          "vertices": [ -43.8, 77, -64.85, 48.95, -65.4, 19.05, -68.75, -18.05, -76.5, -55.75, -42.7, -77, 13.8, -66.25, 54.25, -55.75, 82.5, -49.65, 82.5, -17.5, 39.85, -21.4, 14.9, -28.05, 15.25, -16.3, 19.75, -10.3, 31.8, -15.55, 52.6, -0.75, 76.4, 24.05, 82.5, 51.85, 25.8, 71.4, 14.51, -41.5, 82.5, -27.6, -34.75, 11.55, -56.3, -11.3, -22.2, -3.85, -45.8, -28.2, -34.5, -46.4, -30.15, 6.9, -42.45, -2.85, -54.75, -18.7, -54.25, -39.5, -48.35, -52.3, -6.3, -10.25, -19.9, -23.6, -30.15, -32.8, -27.35, -37.7, 49.29, -34.39, 30.13, -38.31, -46.75, 44.2, -39.35, 30.4, -53.8, 19.15, -59.25, 38.75, -58.95, 48.05 ],
          "type": "mesh"
        }
      },
      "底图": {
        "HallAniRoomsBg": {
          "name": "HallAniRoomsBg",
          "width": 242,
          "height": 268
        }
      },
      "标题框": {
        "HallAniNameBg04": {
          "name": "HallAniNameBg04",
          "width": 225,
          "height": 116
        }
      },
      "雀": {
        "雀_00000": {
          "name": "雀_00000",
          "width": 38,
          "height": 41
        }
      },
      "glow": {
        "bluestar_00000": {
          "name": "bluestar_00000",
          "width": 104,
          "height": 126
        }
      },
      "骰子": {
        "HallAni04_02": {
          "name": "HallAni04_02",
          "width": 51,
          "height": 43
        }
      }
    }
  },"animations":{"newAnimation":{"bones":{"奖杯":{"translate":[{"time":0},{"time":1.25,"y":5.85},{"time":2.5}]},"骰子":{"translate":[{"time":0},{"time":0.8333,"y":6.44},{"time":1.25,"y":1.61},{"time":2.125,"y":6.44},{"time":2.5}]},"glow":{"scale":[{"time":0,"curve":"stepped","x":1,"y":1},{"time":0.0417,"x":0.33,"y":0.33},{"time":0.25,"x":1,"y":1}]},"雀":{"scale":[{"time":0,"curve":"stepped","x":1,"y":1},{"time":0.375,"curve":[0,0,0.5,1],"x":1,"y":1},{"time":0.9167,"x":1.5,"y":1.5}]}},"slots":{"glow":{"color":[{"time":0,"color":"FFFFFF00"},{"time":0.0417,"color":"FFFFFF00"},{"time":0.125,"color":"FFFFFFFF"},{"time":1.25,"color":"FFFFFF00"}]},"雀":{"color":[{"time":0,"color":"FFFFFF00"},{"time":0.375,"color":"FFFFFF00"},{"time":0.4167,"color":"FFFFFFFF"},{"time":0.9167,"color":"FFFFFF00"}]}},"deform":{"default":{"奖杯":{"HallAni04_01":[{"time":0,"offset":48,"vertices":[-1.5,1.5,0,0,0,0,0,0,0,0,-1.75,-0.25,-0.7,-0.15]},{"time":0.5417,"offset":12,"vertices":[-2.1,3.95,-3.3,3.45,-1.2,6.95,0,4.45,0,2.45,0,0,0,0,0,0,0,0,0,0,0,0,0,0,0,0,0,0,0.1,4.5,0,0,0,0,0,0,0.8,-1.6,0,0,0,0,0,0,0.5,-1.15,1.2,-0.05,2.6,0,0,0,0,0,0,0,0,0,0,0,0,0,0,0,0,0,0.05,-2.3,-0.5,-2.75,-1.4,-2.6]},{"time":0.7084,"offset":12,"vertices":[-0.83,0.73,-2.62,2.85,-0.8,6.63,0,4.97,-0.45,2.88,0,0,0,0,0,0,0,0,0,0,0,0,0,0,0,0,0,0,-0.43,4.5,0,-1.2,0,0,0,0,0.53,-1.07,0,0,0,0,0,0,0.33,-0.77,0.8,-0.03,1.73,0,0,0,0,0,0,0,0,0,-0.35,1.9,0,0,0,0,0,0,0,-1.5,-0.3,-3,-2.15,-2.8]},{"time":1.2501,"offset":48,"vertices":[-1.5,1.5,0,0,0,0,0,0,0,0,-1.75,-0.25,-0.7,-0.15]},{"time":1.7918,"offset":12,"vertices":[-0.83,0.73,-2.62,2.85,-0.8,6.63,0,4.97,-0.45,2.88,0,0,0,0,0,0,0,0,0,0,0,0,0,0,0,0,0,0,-0.43,4.5,0,-1.2,0,0,0,0,0.53,-1.07,0,0,0,0,0,0,0.33,-0.77,0.8,-0.03,1.73,0,0,0,0,0,0,0,0,0,-0.35,1.9,0,0,0,0,0,0,0,-1.5,-0.3,-3,-2.15,-2.8]},{"time":1.9585,"offset":12,"vertices":[-2.1,3.95,-3.3,3.45,-1.2,6.95,0,4.45,0,2.45,0,0,0,0,0,0,0,0,0,0,0,0,0,0,0,0,0,0,0.1,4.5,0,0,0,0,0,0,0.8,-1.6,0,0,0,0,0,0,0.5,-1.15,1.2,-0.05,2.6,0,0,0,0,0,0,0,0,0,0,0,0,0,0,0,0,0,0.05,-2.3,-0.5,-2.75,-1.4,-2.6]},{"time":2.5002,"offset":48,"vertices":[-1.5,1.5,0,0,0,0,0,0,0,0,-1.75,-0.25,-0.7,-0.15]}]}}},"events":[{"time":0,"name":"playEvent"}]}},"events":{"playEvent":{"string":"序列","name":"playEvent"}}}