{
  "skeleton": {
    "width": 501.55,
    "height": 501.42,
    "fps": 24,
    "hash": " ",
    "spine": " ",
    "name": "xlch_effect_hall_girl"
  },
  "bones": [

    { "name": "root" },
    {
      "name": "身体",
      "parent": "root"
    },
    {
      "x": 59.3355,
      "y": 151.8271,
      "name": "头",
      "parent": "身体"
    },
    {
      "x": -123.8689,
      "y": -15.5049,
      "name": "左胳膊",
      "parent": "身体"
    },
    {
      "x": 361.2821,
      "y": -120.3114,
      "name": "右手",
      "parent": "身体"
    },
    {
      "length": 35,
      "x": -251.2475,
      "y": 60.7865,
      "rotation": -78.0505,
      "name": "右手1",
      "parent": "右手"
    },
    {
      "length": 7,
      "x": 72.5395,
      "y": -55.0951,
      "rotation": 142.0735,
      "name": "左胳膊1",
      "parent": "左胳膊"
    },
    {
      "length": 124,
      "x": -27.2355,
      "y": -68.4021,
      "rotation": 92.9542,
      "name": "头1",
      "parent": "头"
    },
    {
      "length": 2,
      "x": 21.3645,
      "y": -11.0771,
      "rotation": -55.0493,
      "name": "头2",
      "parent": "头"
    },
    {
      "length": 133,
      "x": 7.3213,
      "rotation": -25.749,
      "name": "左胳膊2",
      "parent": "左胳膊1"
    },
    {
      "x": 49.2829,
      "y": 1.3256,
      "rotation": -92.9542,
      "name": "眼睛",
      "parent": "头1"
    },
    {
      "x": 66.9075,
      "y": -30.7246,
      "rotation": -92.9542,
      "name": "头发",
      "parent": "头1"
    },
    {
      "length": 117,
      "x": 35.1364,
      "rotation": 30.3274,
      "name": "右手2",
      "parent": "右手1"
    },
    {
      "length": 44,
      "x": 47.1754,
      "y": -3.1107,
      "rotation": 97.6677,
      "name": "左胳膊3",
      "parent": "左胳膊1"
    },
    {
      "length": 11,
      "x": 2.8366,
      "rotation": 8.7454,
      "name": "头3",
      "parent": "头2"
    },
    {
      "length": 86,
      "x": 137.3244,
      "y": -1.9543,
      "rotation": -43.9861,
      "name": "左手+扇子1",
      "parent": "左胳膊2"
    },
    {
      "x": -135.9382,
      "y": -169.8646,
      "name": "头发3",
      "parent": "头发"
    },
    {
      "x": -82.6797,
      "y": -213.9012,
      "name": "头发4",
      "parent": "头发"
    },
    {
      "length": 45,
      "x": 44.6016,
      "rotation": 0.4115,
      "name": "左胳膊4",
      "parent": "左胳膊3"
    },
    {
      "x": 170.3071,
      "y": -60.0867,
      "rotation": -116.3245,
      "name": "左手+扇子",
      "parent": "左胳膊2"
    },
    {
      "length": 35,
      "x": 117.9548,
      "rotation": -20.483,
      "name": "右手3",
      "parent": "右手2"
    },
    {
      "x": 93.9728,
      "y": -158.5091,
      "name": "头发1",
      "parent": "头发"
    },
    {
      "x": 107.5855,
      "y": -174.464,
      "name": "头发2",
      "parent": "头发"
    },
    {
      "length": 10,
      "x": 11.6526,
      "rotation": 17.9176,
      "name": "头4",
      "parent": "头3"
    },
    {
      "length": 8,
      "x": 10.2016,
      "rotation": 38.3547,
      "name": "头5",
      "parent": "头4"
    },
    {
      "length": 56,
      "x": 45.1084,
      "rotation": 2.1159,
      "name": "左胳膊5",
      "parent": "左胳膊4"
    },
    {
      "length": 148,
      "x": 118.0269,
      "y": 29.8664,
      "rotation": -130.3915,
      "name": "左手+扇子2",
      "parent": "左手+扇子1"
    },
    {
      "length": 6,
      "x": 7.6624,
      "y": 0.1255,
      "rotation": 49.1415,
      "name": "头6",
      "parent": "头5"
    },
    {
      "length": 54,
      "x": 56.5731,
      "rotation": -8.5935,
      "name": "左胳膊6",
      "parent": "左胳膊5"
    },
    {
      "length": 7,
      "x": 6.6713,
      "rotation": 70.999,
      "name": "头7",
      "parent": "头6"
    }
  ],
  "slots": [

    {
      "name": "右手",
      "bone": "右手3",
      "attachment": "右手"
    },
    {
      "name": "头发4",
      "bone": "头发4",
      "attachment": "头发4"
    },
    {
      "name": "头发3",
      "bone": "头发3",
      "attachment": "头发3"
    },
    {
      "name": "头发2",
      "bone": "头发2",
      "attachment": "头发2"
    },
    {
      "name": "头发1",
      "bone": "头发1",
      "attachment": "头发1"
    },
    {
      "name": "身体",
      "bone": "身体",
      "attachment": "身体"
    },
    {
      "name": "头",
      "bone": "头7",
      "attachment": "头"
    },
    {
      "name": "左胳膊",
      "bone": "左胳膊6",
      "attachment": "左胳膊"
    },
    {
      "name": "左手+扇子",
      "bone": "左手+扇子2",
      "attachment": "扇子手"
    },
    {
      "name": "闭眼",
      "bone": "眼睛"
    },
    {
      "name": "眨眼中间帧",
      "bone": "眼睛"
    }
  ],
  "skins": 
  {
    "default": {
      "头发1": {
        "头发1": {
          "name": "头发1",
          "width": 188,
          "height": 283,
          "hull": 62,
          "triangles": [ 66, 72, 67, 67, 40, 41, 42, 66, 41, 66, 67, 41, 45, 65, 44, 66, 42, 43, 65, 66, 43, 44, 65, 43, 68, 39, 40, 68, 38, 39, 46, 65, 45, 68, 37, 38, 31, 37, 68, 47, 64, 65, 47, 65, 46, 65, 71, 66, 71, 72, 66, 48, 64, 47, 31, 36, 37, 27, 28, 72, 71, 27, 72, 30, 31, 68, 32, 36, 31, 64, 71, 65, 70, 22, 71, 64, 70, 71, 71, 26, 27, 22, 26, 71, 32, 35, 36, 49, 64, 48, 49, 63, 64, 23, 25, 26, 22, 23, 26, 23, 24, 25, 70, 21, 22, 33, 35, 32, 63, 70, 64, 56, 54, 55, 63, 69, 70, 20, 21, 70, 57, 54, 56, 19, 20, 70, 69, 19, 70, 33, 34, 35, 50, 63, 49, 62, 12, 63, 62, 63, 50, 69, 18, 19, 57, 53, 54, 58, 53, 57, 12, 13, 63, 51, 62, 50, 13, 14, 63, 14, 69, 63, 15, 17, 69, 14, 15, 69, 17, 18, 69, 11, 12, 62, 52, 62, 51, 8, 62, 52, 15, 16, 17, 59, 7, 53, 59, 53, 58, 53, 8, 52, 10, 11, 62, 7, 8, 53, 8, 9, 62, 9, 10, 62, 60, 6, 59, 6, 7, 59, 3, 4, 60, 4, 5, 60, 5, 6, 60, 1, 3, 60, 61, 0, 60, 0, 1, 60, 2, 3, 1, 68, 67, 40, 28, 29, 72, 29, 30, 68, 72, 29, 68, 72, 68, 67 ],
          "uvs": [ 0.06963, 0.00371, 0.04735, 0.01482, 0.02216, 0.01975, 0.01407, 0.03528, 0.00266, 0.05301, 0.00266, 0.07848, 0.02825, 0.11394, 0.06247, 0.14718, 0.10319, 0.24189, 0.10743, 0.30335, 0.12162, 0.34824, 0.15651, 0.3776, 0.2016, 0.41305, 0.22746, 0.44294, 0.25571, 0.46676, 0.23489, 0.49612, 0.21075, 0.5216, 0.26658, 0.55432, 0.35823, 0.56984, 0.44072, 0.58086, 0.51565, 0.58695, 0.57149, 0.5947, 0.62387, 0.60247, 0.63143, 0.65062, 0.64814, 0.67945, 0.67559, 0.65114, 0.68223, 0.61517, 0.73315, 0.64012, 0.79562, 0.67831, 0.82307, 0.71596, 0.80397, 0.76261, 0.72811, 0.8224, 0.64987, 0.85062, 0.53899, 0.86005, 0.49907, 0.86226, 0.5699, 0.90159, 0.69894, 0.92654, 0.82732, 0.93986, 0.91392, 0.89991, 0.95967, 0.81905, 0.97797, 0.75644, 0.99734, 0.68342, 0.99734, 0.56261, 0.99734, 0.49233, 0.99734, 0.41579, 0.90636, 0.33995, 0.80808, 0.3112, 0.7114, 0.30556, 0.64642, 0.31349, 0.52825, 0.30503, 0.43157, 0.28563, 0.3183, 0.25459, 0.25411, 0.21693, 0.24907, 0.16596, 0.46486, 0.15767, 0.62068, 0.13492, 0.58395, 0.09118, 0.40981, 0.08343, 0.24828, 0.10336, 0.17825, 0.07461, 0.11075, 0.01693, 0.09245, 0.00177, 0.22648, 0.30615, 0.42834, 0.43534, 0.62515, 0.47229, 0.77395, 0.50747, 0.87993, 0.60306, 0.88749, 0.70209, 0.83457, 0.80605, 0.38299, 0.50747, 0.57728, 0.5393, 0.72104, 0.58296, 0.8396, 0.65006 ],
          "edges": [ 0, 2, 2, 4, 4, 6, 6, 8, 8, 10, 10, 12, 12, 14, 14, 16, 16, 18, 18, 20, 20, 22, 22, 24, 24, 26, 26, 28, 28, 30, 30, 32, 32, 34, 34, 36, 36, 38, 38, 40, 40, 42, 42, 44, 44, 46, 46, 48, 48, 50, 50, 52, 52, 54, 54, 56, 56, 58, 58, 60, 60, 62, 62, 64, 64, 66, 66, 68, 68, 70, 70, 72, 72, 74, 74, 76, 76, 78, 78, 80, 80, 82, 82, 84, 84, 86, 86, 88, 88, 90, 90, 92, 92, 94, 94, 96, 96, 98, 98, 100, 100, 102, 102, 104, 104, 106, 106, 108, 108, 110, 110, 112, 112, 114, 114, 116, 116, 118, 118, 120, 120, 122, 122, 0, 124, 126, 126, 128, 128, 130, 130, 132, 132, 134, 134, 136, 138, 140, 140, 142, 142, 144, 144, 136 ],
          "vertices": [ -81.13, 140.7, -85.33, 137.55, -90.08, 136.15, -91.6, 131.75, -93.75, 126.72, -93.75, 119.5, -88.92, 109.45, -82.47, 100.03, -74.8, 73.17, -74, 55.75, -71.33, 43.02, -64.75, 34.7, -56.25, 24.65, -51.38, 16.18, -46.05, 9.43, -49.98, 1.1, -54.52, -6.13, -44, -15.4, -26.73, -19.8, -11.18, -22.93, 2.95, -24.65, 13.47, -26.85, 23.35, -29.05, 24.77, -42.7, 27.93, -50.88, 33.1, -42.85, 34.35, -32.65, 43.95, -39.73, 55.73, -50.55, 60.9, -61.23, 57.3, -74.45, 43, -91.4, 28.25, -99.4, 7.35, -102.08, -0.17, -102.7, 13.18, -113.85, 37.5, -120.92, 61.7, -124.7, 78.03, -113.38, 86.65, -90.45, 90.1, -72.7, 93.75, -52, 93.75, -17.75, 93.75, 2.17, 93.75, 23.88, 76.6, 45.38, 58.08, 53.52, 39.85, 55.13, 27.6, 52.88, 5.33, 55.27, -12.9, 60.77, -34.25, 69.58, -46.35, 80.25, -47.3, 94.7, -6.63, 97.05, 22.75, 103.5, 15.82, 115.9, -17, 118.1, -47.45, 112.45, -60.65, 120.6, -73.38, 136.95, -76.83, 141.25, -51.56, 54.95, -13.51, 18.33, 23.59, 7.86, 51.64, -2.12, 71.61, -29.22, 73.04, -57.3, 63.06, -86.77, -22.06, -2.12, 14.56, -11.14, 41.66, -23.52, 64.02, -42.55 ],
          "type": "mesh"
        }
      },
      "头发4": {
        "头发4": {
          "name": "头发4",
          "width": 88,
          "height": 152,
          "hull": 18,
          "triangles": [ 5, 14, 15, 4, 5, 15, 1, 2, 16, 2, 3, 16, 17, 1, 16, 4, 15, 16, 3, 4, 16, 5, 13, 14, 5, 6, 13, 0, 1, 17, 7, 12, 13, 6, 7, 13, 8, 11, 12, 7, 8, 12, 8, 10, 11, 8, 9, 10 ],
          "uvs": [ 0.6321, 0.00346, 0.56989, 0.04542, 0.48011, 0.08657, 0.4054, 0.16542, 0.28125, 0.27656, 0.21903, 0.38049, 0.13835, 0.48082, 0.09489, 0.59393, 0, 0.77114, 0, 0.99688, 0.07926, 0.99688, 0.31534, 0.87491, 0.49858, 0.77098, 0.66278, 0.68688, 0.86193, 0.61508, 0.99972, 0.53098, 1, 0.24066, 0.74119, 0.00346 ],
          "edges": [ 0, 2, 2, 4, 4, 6, 6, 8, 8, 10, 10, 12, 12, 14, 14, 16, 16, 18, 18, 20, 20, 22, 22, 24, 24, 26, 26, 28, 28, 30, 30, 32, 32, 34, 34, 0 ],
          "vertices": [ 14.04, 82.79, 8.56, 76.39, 0.66, 70.11, -5.91, 58.09, -16.84, 41.14, -22.31, 25.29, -29.41, 9.99, -33.24, -7.26, -41.59, -34.29, -41.59, -68.71, -34.61, -68.71, -13.84, -50.11, 2.29, -34.26, 16.74, -21.44, 34.26, -10.49, 46.39, 2.34, 46.41, 46.61, 23.64, 82.79 ],
          "type": "mesh"
        }
      },
      "头": {
        "头": {
          "name": "头",
          "width": 168,
          "height": 138,
          "hull": 61,
          "triangles": [ 63, 45, 44, 64, 63, 44, 43, 64, 44, 42, 64, 43, 63, 46, 45, 40, 63, 64, 65, 41, 40, 62, 46, 63, 39, 62, 63, 40, 39, 63, 62, 47, 46, 38, 62, 39, 48, 47, 62, 38, 61, 62, 61, 48, 62, 37, 61, 38, 60, 49, 61, 60, 61, 37, 36, 60, 37, 49, 48, 61, 60, 36, 35, 34, 60, 35, 51, 50, 34, 32, 30, 34, 30, 51, 34, 50, 60, 34, 32, 34, 33, 28, 6, 51, 28, 51, 30, 50, 49, 60, 31, 30, 32, 6, 5, 51, 23, 6, 28, 24, 23, 28, 2, 53, 51, 5, 2, 51, 29, 28, 30, 5, 4, 2, 26, 24, 28, 53, 52, 51, 25, 24, 26, 27, 26, 28, 2, 56, 55, 55, 54, 53, 2, 55, 53, 1, 59, 56, 2, 1, 56, 59, 57, 56, 16, 6, 23, 59, 58, 57, 1, 0, 59, 12, 6, 16, 7, 6, 12, 10, 7, 12, 22, 16, 23, 21, 20, 22, 20, 16, 22, 9, 7, 10, 4, 3, 2, 17, 16, 20, 19, 18, 20, 18, 17, 20, 15, 12, 16, 9, 8, 7, 14, 13, 15, 13, 12, 15, 11, 10, 12, 42, 64, 65, 65, 40, 64 ],
          "uvs": [ 0.25759, 1, 0.18929, 0.91069, 0.14926, 0.80471, 0.0692, 0.74457, 0.05506, 0.65272, 0.03839, 0.51522, 0.04092, 0.44928, 0.01979, 0.40344, 0, 0.37754, 0, 0.28877, 0.02202, 0.22283, 0.0503, 0.15688, 0.07173, 0.15344, 0.06414, 0.08768, 0.08051, 0.03279, 0.1131, 0.08913, 0.13557, 0.10906, 0.13304, 0.06014, 0.14182, 0.025, 0.15685, -0.00018, 0.21324, -0.00018, 0.25967, 0.01775, 0.27961, 0.04819, 0.30729, 0.08442, 0.36369, 0.08152, 0.42009, 0.08478, 0.47664, 0.11214, 0.51905, 0.14565, 0.54539, 0.18533, 0.57307, 0.21123, 0.60193, 0.26014, 0.63199, 0.31957, 0.64955, 0.37754, 0.65833, 0.43243, 0.65952, 0.48732, 0.67188, 0.52101, 0.67574, 0.58351, 0.69315, 0.61558, 0.7308, 0.65815, 0.75848, 0.65815, 0.77083, 0.63533, 0.74836, 0.60942, 0.77961, 0.57428, 0.82366, 0.62319, 0.83348, 0.68116, 0.81607, 0.72228, 0.76964, 0.7375, 0.72455, 0.72844, 0.6869, 0.70091, 0.63929, 0.66594, 0.60193, 0.69022, 0.57188, 0.73152, 0.56161, 0.78333, 0.52545, 0.80018, 0.51548, 0.83822, 0.49524, 0.87645, 0.46637, 0.91757, 0.43512, 0.96486, 0.39494, 0.99837, 0.32485, 1, 0.65113, 0.60364, 0.68833, 0.66107, 0.7361, 0.69331, 0.78268, 0.68317, 0.80336, 0.64241, 0.76367, 0.59221 ],
          "edges": [ 0, 2, 2, 4, 4, 6, 6, 8, 8, 10, 10, 12, 12, 14, 14, 16, 16, 18, 18, 20, 20, 22, 22, 24, 24, 26, 26, 28, 28, 30, 30, 32, 32, 34, 34, 36, 36, 38, 38, 40, 40, 42, 42, 44, 44, 46, 46, 48, 48, 50, 50, 52, 52, 54, 54, 56, 56, 58, 58, 60, 60, 62, 62, 64, 64, 66, 66, 68, 68, 70, 70, 72, 72, 74, 74, 76, 76, 78, 78, 80, 80, 82, 82, 130, 84, 86, 84, 130, 86, 88, 88, 90, 90, 92, 92, 94, 94, 96, 96, 98, 98, 100, 100, 102, 102, 104, 104, 106, 106, 108, 108, 110, 110, 112, 112, 114, 114, 116, 116, 118, 118, 0, 72, 120, 120, 98, 120, 122, 122, 124, 124, 126, 126, 128, 128, 130 ],
          "vertices": [ 1, 7, 0.1, 13.5, 1, 1, 7, 13, 24.32, 1, 1, 7, 27.95, 30.29, 1, 1, 7, 36.94, 43.29, 1, 1, 7, 49.71, 45.01, 1, 1, 7, 68.81, 46.83, 1, 1, 7, 77.88, 45.94, 1, 1, 7, 84.37, 49.16, 1, 1, 7, 88.12, 52.29, 1, 1, 7, 100.35, 51.66, 1, 1, 7, 109.25, 47.49, 1, 1, 7, 118.09, 42.28, 1, 1, 7, 118.37, 38.66, 1, 1, 7, 127.51, 39.47, 1, 1, 7, 134.93, 36.33, 1, 1, 7, 126.88, 31.26, 1, 1, 7, 123.94, 27.64, 1, 1, 7, 130.71, 27.71, 1, 1, 7, 135.47, 25.99, 1, 1, 7, 138.81, 23.29, 1, 1, 7, 138.32, 13.83, 1, 1, 7, 135.45, 6.17, 1, 1, 7, 131.09, 3.04, 1, 1, 7, 125.85, -1.35, 1, 1, 7, 125.76, -10.84, 1, 1, 7, 124.83, -20.27, 1, 1, 7, 120.56, -29.56, 1, 1, 7, 115.58, -36.45, 1, 1, 7, 109.88, -40.58, 1, 1, 7, 106.07, -45.04, 1, 1, 7, 99.08, -49.53, 1, 1, 7, 90.63, -54.15, 1, 1, 7, 82.49, -56.69, 1, 1, 7, 74.85, -57.77, 1, 1, 7, 67.28, -57.58, 1, 1, 7, 62.53, -59.41, 1, 1, 14, 3.16, 6.02, 1, 1, 23, -1.55, 5.85, 1, 1, 24, -0.38, 4.99, 1, 1, 27, 0.81, 5.28, 1, 1, 27, 4.58, 5.11, 1, 1, 29, 9.32, 4.23, 1, 1, 29, 9.65, -2.91, 1, 2, 29, -0.28, -4.22, 0.99, 7, 47.13, -84.15, 0.01, 1, 27, 4.55, -7.16, 1, 1, 27, -1.82, -7.57, 1, 1, 24, 4.15, -6.92, 1, 1, 24, -3.09, -4.38, 1, 1, 23, 3.13, -5.02, 1, 1, 14, 7.15, -6.26, 1, 1, 7, 39.81, -46.47, 1, 1, 7, 34.38, -41.14, 1, 1, 7, 27.33, -39.05, 1, 1, 7, 25.32, -32.86, 1, 1, 7, 20.16, -30.92, 1, 1, 7, 15.07, -27.25, 1, 1, 7, 9.65, -22.12, 1, 1, 7, 3.41, -16.54, 1, 1, 7, -0.87, -9.56, 1, 1, 7, -0.48, 2.22, 1, 1, 14, 2.31, 1.12, 1, 1, 23, 0.72, -0.06, 1, 1, 24, -0.34, 0.06, 1, 2, 27, -0.07, 0.01, 0.99, 7, 39.22, -76.85, 0.01, 1, 29, -0.11, 0.09, 1, 1, 29, 9.48, 0.74, 1 ],
          "type": "mesh"
        }
      },
      "右手": {
        "右手": {
          "name": "右手",
          "width": 129,
          "height": 192,
          "hull": 32,
          "triangles": [ 18, 17, 19, 17, 20, 19, 16, 21, 17, 21, 20, 17, 15, 21, 16, 14, 23, 15, 23, 21, 15, 23, 22, 21, 13, 24, 14, 24, 23, 14, 25, 24, 13, 12, 25, 13, 11, 27, 12, 27, 26, 12, 26, 25, 12, 10, 28, 11, 28, 27, 11, 29, 28, 10, 30, 29, 10, 9, 30, 10, 6, 4, 7, 8, 1, 9, 1, 31, 9, 31, 30, 9, 7, 3, 8, 2, 1, 8, 3, 2, 8, 5, 4, 6, 4, 3, 7, 0, 31, 1 ],
          "uvs": [ 0, 0.2375, 0.03702, 0.2293, 0.08043, 0.16693, 0.11473, 0.10456, 0.13915, 0.04466, 0.14884, 0, 0.19031, 0, 0.20736, 0.09049, 0.23992, 0.18854, 0.27558, 0.25221, 0.34205, 0.31719, 0.41395, 0.37292, 0.50717, 0.46589, 0.60775, 0.56146, 0.70775, 0.6569, 0.83295, 0.75664, 0.89942, 0.82279, 0.93934, 0.9069, 0.99981, 0.98203, 1, 1, 0.6626, 1, 0.66047, 0.86484, 0.62636, 0.85339, 0.61298, 0.82031, 0.50872, 0.76432, 0.37984, 0.68438, 0.25853, 0.61523, 0.16744, 0.5569, 0.08798, 0.50065, 0.04632, 0.46758, 0.02345, 0.37096, 0, 0.31979 ],
          "edges": [ 0, 2, 2, 4, 4, 6, 6, 8, 8, 10, 10, 12, 12, 14, 14, 16, 16, 18, 18, 20, 20, 22, 22, 24, 24, 26, 26, 28, 28, 30, 30, 32, 32, 34, 34, 36, 36, 38, 38, 40, 40, 42, 42, 44, 44, 46, 46, 48, 48, 50, 50, 52, 52, 54, 54, 56, 56, 58, 58, 60, 60, 62, 62, 0 ],
          "vertices": [ 1, 5, 7.27, -15.82, 1, 1, 5, 6.72, -10.82, 1, 1, 5, -3.84, -2.86, 1, 1, 5, -14.64, 3.95, 1, 1, 5, -25.23, 9.41, 1, 1, 5, -33.37, 12.41, 1, 1, 5, -32.26, 17.64, 1, 2, 5, -14.8, 16.2, 0.851276, 12, -34.93, 39.2, 0.148724, 2, 5, 4.48, 16.41, 0.817843, 12, -18.18, 29.64, 0.182157, 2, 5, 17.4, 18.38, 0.65893, 12, -6.03, 24.82, 0.34107, 2, 5, 31.37, 24.19, 0.470006, 12, 8.97, 22.78, 0.529994, 3, 5, 43.76, 31.04, 0.314874, 12, 23.12, 22.44, 0.650629, 20, -96.69, -12.17, 0.034498, 3, 5, 63.71, 39.12, 0.129724, 12, 44.42, 19.33, 0.817448, 20, -75.65, -7.62, 0.052828, 3, 5, 84.35, 48.01, 0.050331, 12, 66.72, 16.58, 0.867389, 20, -53.8, -2.39, 0.08228, 3, 5, 104.96, 56.83, 0.019411, 12, 88.96, 13.8, 0.827683, 20, -31.99, 2.78, 0.152907, 2, 12, 113.99, 12.87, 0.522617, 20, -8.21, 10.67, 0.477383, 2, 20, 6.77, 13.92, 0.563273, 12, 129.16, 10.67, 0.436727, 2, 20, 23.67, 12.7, 0.822175, 12, 144.58, 3.62, 0.177825, 2, 20, 39.96, 14.59, 0.888175, 12, 160.49, -0.31, 0.111825, 2, 20, 43.17, 13.33, 0.897994, 12, 163.06, -2.62, 0.102006, 2, 20, 27.01, -27.08, 0.668296, 12, 133.78, -34.82, 0.331704, 2, 12, 114.39, -17.57, 0.503806, 20, 2.81, -17.7, 0.496194, 2, 12, 109.81, -19.35, 0.540718, 20, -0.86, -20.97, 0.459282, 2, 12, 103.95, -16.35, 0.6342, 20, -7.4, -20.21, 0.3658, 3, 5, 119.81, 27.45, 0.034661, 12, 86.95, -19.07, 0.757464, 20, -22.37, -28.71, 0.207875, 3, 5, 101.35, 14.36, 0.078122, 12, 64.4, -21.04, 0.8131, 20, -42.8, -38.45, 0.108778, 3, 5, 85.13, 1.79, 0.169498, 12, 44.06, -23.7, 0.759688, 20, -60.93, -48.06, 0.070814, 3, 5, 71.74, -7.38, 0.291194, 12, 27.87, -24.86, 0.66199, 20, -75.69, -54.81, 0.046816, 2, 5, 59.05, -15.18, 0.439327, 12, 12.98, -25.18, 0.560673, 2, 5, 51.73, -19.11, 0.489594, 12, 4.67, -24.88, 0.510406, 2, 5, 32.97, -18.16, 0.503547, 12, -11.04, -14.58, 0.496453, 1, 5, 22.73, -19.09, 1 ],
          "type": "mesh"
        }
      },
      "头发2": {
        "头发2": {
          "name": "头发2",
          "width": 197,
          "height": 301,
          "hull": 24,
          "triangles": [ 7, 18, 19, 20, 6, 19, 6, 7, 19, 21, 6, 20, 7, 17, 18, 5, 6, 21, 7, 8, 17, 9, 16, 17, 8, 9, 17, 22, 5, 21, 10, 15, 16, 9, 10, 16, 11, 14, 10, 10, 14, 15, 4, 5, 22, 3, 4, 22, 11, 13, 14, 23, 3, 22, 0, 2, 23, 2, 3, 23, 12, 13, 11, 1, 2, 0 ],
          "uvs": [ 0.22393, 0.39991, 0.16925, 0.41857, 0.1533, 0.45439, 0.15786, 0.51177, 0.19659, 0.57512, 0.29102, 0.6131, 0.38544, 0.67868, 0.44798, 0.7413, 0.4719, 0.80008, 0.4662, 0.85091, 0.43304, 0.89262, 0.37633, 0.92238, 0.29418, 0.94478, 0.35355, 0.97388, 0.41836, 0.99834, 0.53886, 0.99834, 0.61177, 0.91276, 0.64468, 0.81807, 0.69923, 0.74428, 0.71885, 0.67056, 0.70633, 0.56476, 0.61759, 0.49843, 0.42063, 0.42753, 0.32165, 0.39776 ],
          "edges": [ 0, 2, 2, 4, 4, 6, 6, 8, 8, 10, 10, 12, 12, 14, 14, 16, 16, 18, 18, 20, 20, 22, 22, 24, 24, 26, 26, 28, 28, 30, 30, 32, 32, 34, 34, 36, 36, 38, 38, 40, 40, 42, 42, 44, 44, 46, 46, 0 ],
          "vertices": [ -54.52, 30.18, -65.33, 24.55, -68.47, 13.75, -67.58, -3.55, -59.92, -22.65, -41.27, -34.1, -22.63, -53.88, -10.28, -72.75, -5.55, -90.47, -6.67, -105.8, -13.22, -118.38, -24.43, -127.35, -40.65, -134.1, -28.93, -142.88, -16.13, -150.25, 7.67, -150.25, 22.07, -124.45, 28.57, -95.9, 39.35, -73.65, 43.23, -51.42, 40.75, -19.52, 23.23, 0.47, -15.68, 21.85, -35.23, 30.82 ],
          "type": "mesh"
        }
      },
      "左手+扇子": {
        "扇子手": {
          "name": "扇子手",
          "width": 142,
          "height": 170,
          "hull": 62,
          "triangles": [ 68, 37, 36, 67, 68, 36, 67, 36, 35, 33, 66, 34, 67, 35, 34, 66, 67, 34, 32, 66, 33, 31, 66, 32, 30, 29, 31, 29, 66, 31, 68, 38, 37, 28, 64, 29, 64, 66, 29, 68, 39, 38, 42, 44, 43, 41, 45, 42, 45, 44, 42, 27, 64, 28, 68, 40, 39, 40, 45, 41, 68, 50, 40, 46, 45, 40, 50, 49, 40, 48, 46, 40, 49, 48, 40, 63, 64, 26, 26, 64, 27, 48, 47, 46, 25, 63, 26, 52, 50, 68, 55, 52, 68, 67, 55, 68, 24, 63, 25, 56, 55, 67, 55, 54, 52, 66, 56, 67, 65, 56, 66, 52, 51, 50, 64, 65, 66, 23, 63, 24, 65, 6, 56, 54, 53, 52, 6, 5, 56, 23, 22, 63, 7, 6, 65, 62, 65, 64, 63, 62, 64, 4, 57, 56, 5, 4, 56, 3, 58, 57, 4, 3, 57, 22, 21, 63, 0, 61, 58, 3, 0, 58, 61, 60, 58, 60, 59, 58, 62, 8, 65, 8, 7, 65, 21, 62, 63, 21, 14, 62, 11, 8, 62, 3, 1, 0, 14, 12, 62, 17, 14, 21, 11, 9, 8, 12, 11, 62, 3, 2, 1, 11, 10, 9, 18, 17, 21, 17, 15, 14, 14, 13, 12, 20, 18, 21, 19, 18, 20, 16, 15, 17 ],
          "uvs": [ 0.21913, 0.85205, 0.1844, 0.83958, 0.16176, 0.83841, 0.17228, 0.7802, 0.19053, 0.69678, 0.20264, 0.62229, 0.21913, 0.56657, 0.21614, 0.53651, 0.20106, 0.50087, 0.14965, 0.49457, 0.10282, 0.49076, 0.1179, 0.42918, 0.11492, 0.37478, 0.06194, 0.37097, 0.05896, 0.31408, 0.00352, 0.29268, 0.00352, 0.16379, 0.0272, 0.18271, 0.03791, 0.13593, 0.01966, 0.07537, 0.08475, 0.09047, 0.12703, 0.12714, 0.20106, 0.08417, 0.29334, 0.0462, 0.39141, 0.02728, 0.50018, 0.01467, 0.62122, 0.01584, 0.71491, 0.03608, 0.79666, 0.06775, 0.86893, 0.11452, 0.93244, 0.17391, 0.95981, 0.22948, 0.98104, 0.30015, 0.9963, 0.37977, 0.99666, 0.4569, 0.99666, 0.53769, 0.99666, 0.61099, 0.96297, 0.69574, 0.94034, 0.75762, 0.90858, 0.80938, 0.87385, 0.85747, 0.91016, 0.90028, 0.93876, 0.95717, 0.94192, 0.99706, 0.88894, 0.99706, 0.8435, 0.98372, 0.75595, 0.97742, 0.68631, 0.96862, 0.62737, 0.92433, 0.60017, 0.88387, 0.58053, 0.82331, 0.54579, 0.86113, 0.50649, 0.81818, 0.44596, 0.80938, 0.43702, 0.76143, 0.43544, 0.73606, 0.40825, 0.70703, 0.39, 0.77653, 0.37035, 0.8195, 0.36737, 0.85996, 0.30702, 0.87125, 0.26755, 0.87008, 0.25174, 0.36007, 0.35139, 0.25523, 0.41051, 0.36315, 0.35876, 0.46813, 0.56191, 0.49584, 0.60612, 0.58837, 0.64682, 0.67796 ],
          "edges": [ 0, 2, 2, 4, 4, 6, 6, 8, 8, 10, 10, 12, 12, 14, 14, 16, 16, 18, 18, 20, 20, 22, 22, 24, 24, 26, 26, 28, 28, 30, 30, 32, 32, 34, 34, 36, 36, 38, 38, 40, 40, 42, 42, 44, 44, 46, 46, 48, 48, 50, 50, 52, 52, 54, 54, 56, 56, 58, 58, 60, 60, 62, 62, 64, 64, 66, 66, 68, 68, 70, 70, 72, 72, 74, 74, 76, 76, 78, 78, 80, 80, 82, 82, 84, 84, 86, 86, 88, 88, 90, 90, 92, 92, 94, 94, 96, 96, 98, 98, 100, 100, 102, 102, 104, 104, 106, 106, 108, 108, 110, 110, 112, 112, 114, 114, 116, 116, 118, 118, 120, 120, 122, 122, 0, 16, 124, 124, 126, 126, 128, 128, 130, 130, 132, 132, 134, 134, 136, 136, 110 ],
          "vertices": [ 1, 15, -5.23, 1.01, 1, 1, 15, -4.71, 6.37, 1, 1, 15, -5.5, 9.5, 1, 1, 15, 4.42, 11.08, 1, 1, 15, 18.75, 12.92, 1, 1, 15, 31.38, 15.13, 1, 1, 15, 41.14, 15.78, 1, 1, 15, 45.9, 17.73, 1, 1, 15, 51.04, 21.62, 1, 1, 26, 44.89, -51.33, 1, 1, 26, 40.81, -56.65, 1, 1, 26, 33.04, -49.27, 1, 1, 26, 24.95, -44.73, 1, 1, 26, 20.4, -50.79, 1, 1, 26, 11.95, -46.01, 1, 1, 26, 4.67, -50.78, 1, 1, 26, -13.98, -39.15, 1, 1, 26, -9.46, -38, 1, 1, 26, -15.42, -32.48, 1, 1, 26, -25.55, -29.23, 1, 1, 26, -18.46, -22.72, 1, 1, 26, -9.97, -20.91, 1, 1, 26, -10.6, -8.09, 1, 1, 26, -9.14, 6.5, 1, 1, 26, -4.48, 20.06, 1, 1, 26, 1.9, 34.35, 1, 1, 26, 11.19, 48.88, 1, 1, 26, 21.19, 58.38, 1, 1, 26, 31.93, 65.41, 1, 1, 26, 44.15, 69.93, 1, 1, 26, 57.53, 72.25, 1, 1, 26, 67.63, 70.55, 1, 1, 26, 79.46, 66.75, 1, 1, 26, 92.13, 61.4, 1, 1, 26, 103.31, 54.49, 1, 1, 26, 115, 47.2, 1, 1, 26, 125.6, 40.59, 1, 1, 26, 135.33, 28.87, 1, 1, 26, 142.57, 20.55, 1, 1, 26, 147.67, 12.04, 1, 1, 26, 152.01, 3.5, 1, 1, 26, 160.94, 4.03, 1, 1, 26, 171.33, 2.35, 1, 1, 26, 177.34, -0.87, 1, 1, 26, 173.34, -7.27, 1, 1, 26, 167.98, -11.56, 1, 1, 26, 160.47, -21.58, 1, 1, 26, 153.95, -29.2, 1, 1, 26, 143.1, -32.34, 1, 1, 26, 135.19, -31.98, 1, 1, 26, 124.94, -28.89, 1, 1, 26, 127.8, -36.5, 1, 1, 26, 118.62, -37.38, 1, 1, 26, 112.79, -43.9, 1, 1, 26, 105.17, -40.66, 1, 1, 15, 22.96, -22.37, 1, 1, 15, 26.5, -17.17, 1, 1, 15, 14.42, -18.29, 1, 1, 15, 6.59, -17.84, 1, 1, 15, -0.11, -19.53, 1, 1, 15, -4.56, -11.92, 1, 1, 15, -6.07, -6.5, 1, 1, 15, 76.1, 22.03, 1, 1, 15, 97.45, 13.92, 1, 1, 15, 82.47, 0.32, 1, 1, 15, 63.18, 1.91, 1, 1, 15, 67.46, -27.11, 1, 1, 15, 54.34, -37.9, 1, 1, 15, 41.54, -48.06, 1 ],
          "type": "mesh"
        }
      },
      "眨眼中间帧": {
        "眨眼中间帧": {
          "name": "眨眼中间帧",
          "width": 56,
          "height": 17
        }
      },
      "左胳膊": {
        "左胳膊": {
          "name": "左胳膊",
          "width": 210,
          "height": 396,
          "hull": 64,
          "triangles": [ 68, 69, 50, 67, 47, 48, 50, 69, 49, 51, 68, 50, 67, 46, 47, 67, 66, 46, 52, 68, 51, 66, 45, 46, 53, 68, 52, 71, 44, 45, 66, 71, 45, 69, 66, 67, 53, 54, 68, 64, 69, 68, 72, 43, 44, 71, 72, 44, 64, 65, 70, 64, 70, 69, 54, 64, 68, 72, 42, 43, 70, 66, 69, 8, 64, 54, 72, 41, 42, 70, 71, 66, 73, 40, 41, 72, 73, 41, 55, 8, 54, 73, 39, 40, 7, 8, 55, 56, 7, 55, 73, 38, 39, 65, 71, 70, 8, 9, 64, 5, 7, 56, 3, 56, 57, 58, 3, 57, 4, 5, 56, 3, 4, 56, 59, 3, 58, 10, 11, 71, 2, 3, 59, 64, 10, 65, 10, 71, 65, 61, 62, 59, 62, 1, 59, 60, 61, 59, 1, 2, 59, 9, 10, 64, 11, 12, 71, 63, 1, 62, 5, 6, 7, 73, 37, 38, 0, 1, 63, 12, 13, 71, 73, 74, 37, 14, 72, 71, 13, 14, 71, 14, 17, 72, 74, 35, 37, 35, 36, 37, 23, 73, 72, 17, 18, 72, 18, 23, 72, 15, 17, 14, 23, 24, 73, 74, 34, 35, 25, 74, 73, 24, 25, 73, 22, 23, 18, 19, 22, 18, 16, 17, 15, 74, 33, 34, 27, 33, 74, 26, 27, 74, 25, 26, 74, 19, 20, 22, 20, 21, 22, 27, 32, 33, 27, 28, 32, 28, 29, 32, 29, 30, 32, 30, 31, 32, 48, 67, 49, 69, 67, 49 ],
          "uvs": [ 0.48503, 0.30227, 0.49026, 0.33058, 0.4987, 0.35006, 0.51331, 0.37396, 0.49656, 0.40113, 0.50701, 0.4256, 0.52898, 0.45, 0.54893, 0.45277, 0.56663, 0.49174, 0.52162, 0.51898, 0.46199, 0.54344, 0.37934, 0.564, 0.32696, 0.58342, 0.27138, 0.63234, 0.25273, 0.65568, 0.22138, 0.68121, 0.212, 0.70346, 0.22031, 0.71677, 0.19418, 0.73241, 0.15547, 0.7507, 0.13457, 0.77458, 0.13872, 0.79401, 0.16485, 0.81015, 0.19098, 0.82573, 0.20463, 0.84515, 0.19834, 0.86791, 0.15439, 0.88071, 0.10202, 0.9007, 0.04454, 0.9268, 0.01307, 0.95397, 0.00238, 0.97679, 0.00238, 0.99861, 0.11247, 0.99874, 0.20143, 0.99874, 0.31651, 0.99874, 0.41699, 0.99874, 0.46936, 0.99874, 0.49549, 0.97844, 0.5468, 0.95902, 0.61152, 0.94514, 0.66924, 0.92232, 0.71722, 0.8901, 0.75403, 0.85618, 0.77814, 0.81343, 0.79275, 0.77458, 0.8095, 0.73575, 0.82315, 0.69621, 0.84715, 0.65617, 0.86911, 0.62175, 0.87541, 0.58726, 0.86187, 0.54609, 0.83052, 0.51008, 0.80119, 0.48834, 0.76033, 0.47674, 0.71436, 0.46784, 0.68812, 0.43676, 0.65463, 0.40006, 0.65558, 0.38172, 0.63575, 0.34117, 0.62007, 0.33462, 0.61271, 0.30681, 0.59703, 0.29906, 0.53943, 0.29395, 0.51117, 0.29395, 0.60118, 0.56266, 0.626, 0.60087, 0.70058, 0.62937, 0.78823, 0.62799, 0.78371, 0.5387, 0.77492, 0.59456, 0.65666, 0.61258, 0.52932, 0.69514, 0.46258, 0.77338, 0.38894, 0.8684, 0.29072, 0.92987 ],
          "edges": [ 0, 2, 2, 4, 4, 6, 6, 8, 8, 10, 10, 12, 12, 14, 14, 16, 16, 18, 18, 20, 20, 22, 22, 24, 24, 26, 26, 28, 28, 30, 30, 32, 32, 34, 34, 36, 36, 38, 38, 40, 40, 42, 42, 44, 44, 46, 46, 48, 48, 50, 50, 52, 52, 54, 54, 56, 56, 58, 58, 60, 60, 62, 62, 64, 64, 66, 66, 68, 68, 70, 70, 72, 72, 74, 74, 76, 76, 78, 78, 80, 80, 82, 82, 84, 84, 86, 86, 88, 88, 90, 90, 92, 92, 94, 94, 96, 96, 98, 98, 100, 100, 102, 102, 104, 104, 106, 106, 108, 108, 110, 110, 112, 112, 114, 114, 116, 116, 118, 118, 120, 120, 122, 122, 124, 124, 126, 126, 0, 16, 128, 128, 130, 132, 134, 134, 98, 106, 136, 136, 138, 138, 132, 130, 140, 140, 132, 140, 142, 142, 144, 144, 146, 146, 148, 148, 66 ],
          "vertices": [ 1, 9, 146.63, 5.46, 1, 1, 9, 136.07, 9.45, 1, 1, 9, 128.36, 11.28, 1, 1, 9, 118.51, 12.73, 1, 1, 9, 110.41, 20.66, 1, 1, 9, 100.74, 22.99, 1, 1, 9, 90.02, 23.15, 1, 1, 9, 87.17, 19.87, 1, 1, 9, 71.67, 23.38, 1, 4, 6, 82.87, 4.27, 0.086713, 13, 2.55, -36.36, 0.378763, 9, 66.19, 36.66, 0.372504, 18, -42.31, -36.06, 0.16202, 4, 6, 86.81, 19.63, 0.100892, 13, 17.25, -42.31, 0.380661, 18, -27.65, -42.11, 0.268477, 9, 63.06, 52.21, 0.249971, 4, 13, 33.06, -53.23, 0.335922, 18, -11.92, -53.15, 0.320837, 9, 63.48, 71.42, 0.186611, 25, -58.96, -51.01, 0.15663, 4, 18, 0.24, -58.88, 0.320965, 13, 45.26, -58.87, 0.320946, 25, -47.01, -57.18, 0.203055, 9, 61.46, 84.72, 0.155034, 4, 18, 22.89, -59.37, 0.322583, 25, -24.4, -58.51, 0.282959, 13, 67.92, -59.2, 0.28051, 28, -71.32, -69.95, 0.113948, 4, 18, 32.87, -58.17, 0.320595, 25, -14.38, -57.68, 0.307, 13, 77.89, -57.94, 0.242653, 28, -61.54, -67.64, 0.129751, 4, 18, 44.93, -58.86, 0.319429, 25, -2.35, -58.82, 0.319426, 13, 89.95, -58.54, 0.201473, 28, -49.47, -66.96, 0.159672, 4, 25, 6.38, -56.45, 0.325387, 18, 53.57, -56.18, 0.321097, 28, -41.19, -63.32, 0.181738, 13, 98.57, -55.79, 0.171778, 4, 25, 10.23, -52.45, 0.335281, 18, 57.27, -52.04, 0.322677, 28, -37.98, -58.78, 0.188314, 13, 102.24, -51.62, 0.153728, 4, 25, 18.28, -54.43, 0.335643, 18, 65.38, -53.72, 0.301209, 28, -29.73, -59.54, 0.224544, 13, 110.37, -53.25, 0.138604, 4, 25, 28.49, -58.27, 0.334026, 28, -19.06, -61.81, 0.271087, 18, 75.73, -57.18, 0.269148, 13, 120.74, -56.64, 0.125739, 3, 25, 38.93, -57.76, 0.384464, 28, -8.82, -59.74, 0.351647, 18, 86.14, -56.28, 0.26389, 3, 25, 45.34, -53.4, 0.394084, 28, -3.13, -54.48, 0.377376, 18, 92.39, -51.69, 0.22854, 3, 25, 48.44, -45.56, 0.410291, 28, -1.23, -46.26, 0.397625, 18, 95.2, -43.74, 0.192084, 3, 25, 51.34, -37.82, 0.428805, 28, 0.48, -38.17, 0.420841, 18, 97.81, -35.9, 0.150353, 3, 28, 4.98, -31.29, 0.453343, 25, 56.82, -31.68, 0.442103, 18, 103.06, -29.57, 0.104554, 3, 28, 13.04, -27.01, 0.512181, 25, 65.43, -28.66, 0.414776, 18, 111.55, -26.22, 0.073043, 3, 28, 22.61, -31.46, 0.553811, 25, 74.22, -34.49, 0.364566, 18, 120.56, -31.72, 0.081623, 3, 28, 35.52, -35.64, 0.609703, 25, 86.37, -40.55, 0.305379, 18, 132.92, -37.34, 0.084918, 2, 28, 51.03, -39.26, 0.72924, 25, 101.16, -46.45, 0.27076, 2, 28, 63.63, -38.22, 0.780321, 25, 113.78, -47.3, 0.219679, 2, 28, 72.26, -34.68, 0.807302, 25, 122.84, -45.08, 0.192698, 2, 28, 79.23, -29.55, 0.825894, 25, 130.49, -41.06, 0.174106, 2, 28, 65.54, -10.85, 0.946317, 25, 119.75, -20.52, 0.053683, 2, 28, 54.45, 4.23, 0.993962, 25, 111.04, -3.95, 0.006038, 2, 28, 40.09, 23.76, 0.794262, 25, 99.77, 17.5, 0.205738, 3, 28, 27.57, 40.8, 0.537121, 25, 89.93, 36.22, 0.367967, 18, 133.63, 39.51, 0.094912, 3, 28, 21.04, 49.67, 0.473617, 25, 84.8, 45.97, 0.401009, 18, 128.15, 49.07, 0.125373, 3, 28, 11.29, 49.34, 0.442818, 25, 75.11, 47.1, 0.420314, 18, 118.43, 49.84, 0.136867, 3, 28, -1.31, 53.48, 0.413491, 25, 63.27, 53.07, 0.413349, 18, 106.38, 55.37, 0.17316, 3, 25, 52.06, 62.58, 0.386879, 28, -13.81, 61.2, 0.384883, 18, 94.82, 64.46, 0.228238, 3, 25, 38.4, 69.12, 0.370572, 28, -28.3, 65.63, 0.346618, 18, 80.93, 70.49, 0.282811, 4, 25, 22.39, 72.12, 0.305464, 18, 64.82, 72.9, 0.278386, 28, -44.57, 66.2, 0.249436, 13, 108.9, 73.36, 0.166714, 4, 25, 6.88, 72.72, 0.298134, 18, 49.3, 72.92, 0.295435, 28, -60, 64.48, 0.203235, 13, 93.38, 73.28, 0.203196, 4, 6, -31.49, 63.17, 0.251912, 18, 32.08, 68.89, 0.264451, 25, -10.48, 69.32, 0.255312, 9, -62.4, 40.04, 0.228324, 4, 6, -24.45, 49.13, 0.302576, 9, -49.96, 30.45, 0.266196, 18, 17.19, 63.89, 0.223227, 13, 61.33, 64.01, 0.208, 4, 6, -17.76, 34.82, 0.370587, 9, -37.72, 20.46, 0.307456, 18, 2.08, 59.28, 0.161085, 13, 46.25, 59.29, 0.160872, 4, 6, -10.39, 20.68, 0.480526, 9, -24.94, 10.93, 0.347191, 13, 31.26, 53.88, 0.088702, 18, -12.96, 53.98, 0.083581, 1, 6, -4.62, 5.06, 1, 1, 6, 0.12, -8.55, 1, 1, 6, 7.48, -20.16, 1, 1, 6, 19.76, -31.28, 1, 1, 6, 33.74, -38.49, 1, 1, 6, 43.92, -41.49, 1, 1, 6, 53.53, -39.83, 1, 1, 9, 66.37, -8.7, 1, 1, 9, 79.87, -9.21, 1, 1, 9, 96.04, -9.34, 1, 1, 9, 102.47, -12.75, 1, 1, 9, 118.73, -16.14, 1, 1, 9, 122.52, -14.33, 1, 1, 9, 133.09, -17.83, 1, 1, 9, 137.31, -16.24, 1, 1, 9, 144.51, -6.27, 1, 1, 9, 147.15, -0.93, 1, 1, 9, 43.24, 29.33, 1, 1, 9, 27.35, 31.37, 1, 1, 9, 10.26, 22.31, 1, 1, 9, 2.57, 5.53, 1, 1, 9, 34.72, -9.32, 1, 1, 9, 15.69, 2.16, 1, 1, 9, 20.32, 27.64, 1, 4, 18, 17.46, 0.11, 0.99994, 13, 62.06, 0.23, 0.000041, 25, -27.63, 1.13, 0.000017, 9, 2.88, 66.18, 0.000003, 4, 25, 6.38, 3.13, 0.83535, 18, 51.36, 3.36, 0.158323, 28, -50.1, -4.41, 0.003243, 13, 95.94, 3.73, 0.003084, 4, 25, 46.93, 6.94, 0.730593, 28, -10.57, 5.42, 0.249681, 18, 91.75, 8.67, 0.015586, 13, 136.29, 9.33, 0.00414, 3, 28, 21.32, 3.21, 0.97686, 25, 78.13, -0.01, 0.021497, 18, 123.18, 2.87, 0.001643 ],
          "type": "mesh"
        }
      },
      "头发3": {
        "头发3": {
          "name": "头发3",
          "width": 86,
          "height": 165,
          "hull": 22,
          "triangles": [ 7, 11, 8, 8, 10, 9, 2, 4, 3, 1, 21, 4, 21, 5, 4, 1, 4, 2, 6, 11, 7, 0, 21, 1, 15, 11, 6, 16, 15, 6, 17, 16, 6, 5, 19, 6, 19, 17, 6, 18, 17, 19, 20, 19, 5, 21, 20, 5, 15, 14, 11, 14, 12, 11, 14, 13, 12, 8, 10, 11 ],
          "uvs": [ 0.80785, 0.02758, 0.87122, 0.06061, 0.93924, 0.08561, 0.99971, 0.09212, 0.94913, 0.1553, 0.79535, 0.25273, 0.83576, 0.44212, 0.91628, 0.61318, 0.98198, 0.84227, 1, 0.99985, 0.80727, 0.99985, 0.59012, 0.73424, 0.53459, 0.88182, 0.32035, 0.88182, 0.34302, 0.75424, 0.10814, 0.65939, 0.02238, 0.55258, -0.00029, 0.45939, 0, 0.36424, 0.15901, 0.23924, 0.44913, 0.13803, 0.62587, 0.08288 ],
          "edges": [ 0, 2, 2, 4, 4, 6, 6, 8, 8, 10, 10, 12, 12, 14, 14, 16, 16, 18, 18, 20, 20, 22, 22, 24, 24, 26, 26, 28, 28, 30, 30, 32, 32, 34, 34, 36, 36, 38, 38, 40, 40, 42, 42, 0 ],
          "vertices": [ 36.2, 81.33, 41.65, 75.88, 47.5, 71.76, 52.7, 70.68, 48.35, 60.26, 35.13, 44.18, 38.6, 12.93, 45.53, -15.29, 51.18, -53.09, 52.73, -79.09, 36.15, -79.09, 17.48, -35.27, 12.7, -59.62, -5.72, -59.62, -3.77, -38.57, -23.97, -22.92, -31.35, -5.29, -33.3, 10.08, -33.27, 25.78, -19.6, 46.41, 5.35, 63.11, 20.55, 72.21 ],
          "type": "mesh"
        }
      },
      "身体": {
        "身体": {
          "name": "身体",
          "width": 459,
          "height": 433,
          "hull": 96,
          "triangles": [ 124, 129, 125, 56, 125, 55, 57, 125, 56, 59, 57, 58, 57, 61, 125, 61, 124, 125, 60, 61, 57, 59, 60, 57, 62, 124, 61, 63, 124, 62, 123, 129, 124, 64, 124, 63, 79, 112, 78, 112, 77, 78, 112, 113, 77, 80, 112, 79, 111, 112, 80, 113, 76, 77, 65, 123, 124, 65, 124, 64, 113, 104, 76, 81, 111, 80, 88, 86, 87, 104, 105, 76, 105, 75, 76, 113, 114, 104, 82, 111, 81, 105, 104, 74, 105, 74, 75, 88, 89, 86, 89, 85, 86, 103, 73, 74, 104, 103, 74, 114, 103, 104, 110, 111, 82, 103, 100, 73, 66, 123, 65, 99, 72, 73, 100, 99, 73, 89, 90, 85, 90, 84, 85, 83, 84, 82, 84, 109, 82, 109, 110, 82, 122, 123, 66, 108, 109, 84, 101, 100, 103, 98, 71, 72, 99, 98, 72, 90, 91, 84, 102, 101, 103, 114, 102, 103, 67, 122, 66, 98, 126, 70, 91, 108, 84, 98, 70, 71, 97, 126, 98, 91, 115, 108, 121, 69, 70, 126, 121, 70, 68, 122, 67, 111, 116, 112, 116, 117, 112, 112, 117, 113, 117, 114, 113, 110, 116, 111, 101, 102, 114, 117, 101, 114, 121, 122, 68, 109, 116, 110, 69, 121, 68, 117, 100, 101, 108, 116, 109, 115, 116, 108, 122, 129, 123, 2, 115, 91, 1, 2, 91, 118, 117, 116, 120, 118, 116, 115, 120, 116, 117, 118, 100, 118, 99, 100, 92, 1, 91, 38, 126, 97, 2, 120, 115, 120, 119, 118, 128, 129, 122, 118, 98, 99, 93, 1, 92, 127, 128, 121, 121, 128, 122, 118, 97, 98, 96, 38, 97, 126, 127, 121, 0, 1, 93, 96, 97, 118, 2, 30, 120, 119, 96, 118, 37, 38, 96, 119, 95, 96, 2, 6, 30, 38, 39, 126, 94, 95, 119, 30, 107, 120, 107, 119, 120, 128, 54, 129, 95, 37, 96, 53, 54, 128, 106, 94, 119, 107, 106, 119, 52, 53, 128, 36, 37, 95, 94, 34, 95, 34, 36, 95, 39, 40, 126, 106, 34, 94, 127, 49, 128, 49, 50, 128, 50, 51, 128, 51, 52, 128, 30, 31, 107, 47, 48, 127, 48, 49, 127, 126, 44, 127, 107, 33, 106, 33, 34, 106, 40, 41, 126, 32, 33, 107, 46, 47, 127, 44, 45, 127, 45, 46, 127, 31, 32, 107, 43, 44, 126, 42, 43, 126, 41, 42, 126, 6, 7, 30, 34, 35, 36, 5, 6, 2, 7, 8, 30, 28, 29, 30, 8, 28, 30, 3, 5, 2, 11, 27, 28, 8, 11, 28, 25, 26, 27, 11, 25, 27, 3, 4, 5, 12, 24, 25, 11, 12, 25, 12, 14, 24, 15, 23, 24, 14, 15, 24, 9, 11, 8, 15, 16, 23, 20, 22, 23, 18, 19, 23, 17, 18, 23, 16, 17, 23, 19, 20, 23, 20, 21, 22, 13, 14, 12, 10, 11, 9 ],
          "uvs": [ 0.47411, 0.21459, 0.46458, 0.2707, 0.44973, 0.30756, 0.39793, 0.32786, 0.39254, 0.34418, 0.40577, 0.36655, 0.40882, 0.37774, 0.38993, 0.4117, 0.37095, 0.43777, 0.34374, 0.46061, 0.33406, 0.46482, 0.3407, 0.47693, 0.32786, 0.49135, 0.30904, 0.50023, 0.30506, 0.52682, 0.30376, 0.57243, 0.3086, 0.60178, 0.31872, 0.63115, 0.33411, 0.64602, 0.35871, 0.65351, 0.37633, 0.65398, 0.38025, 0.67446, 0.39782, 0.66003, 0.40707, 0.6139, 0.42253, 0.58039, 0.43395, 0.56499, 0.44358, 0.55335, 0.44755, 0.53333, 0.45501, 0.51932, 0.46861, 0.50674, 0.47351, 0.49654, 0.48221, 0.52168, 0.4945, 0.54406, 0.50642, 0.56361, 0.51387, 0.57289, 0.50816, 0.585, 0.51524, 0.59902, 0.51921, 0.61719, 0.51784, 0.63719, 0.50207, 0.6526, 0.48308, 0.66517, 0.46681, 0.67958, 0.45055, 0.69545, 0.43254, 0.71321, 0.41099, 0.72993, 0.39037, 0.74619, 0.37236, 0.76903, 0.35479, 0.79233, 0.33542, 0.81978, 0.32002, 0.85006, 0.30904, 0.88033, 0.30332, 0.90692, 0.29717, 0.94325, 0.295, 0.97255, 0.29369, 0.99885, 0.97899, 0.99885, 0.96566, 0.97399, 0.93531, 0.95761, 0.95179, 0.94123, 0.93259, 0.92428, 0.90343, 0.91695, 0.87361, 0.91638, 0.84591, 0.9158, 0.82095, 0.90957, 0.79227, 0.90109, 0.76725, 0.88477, 0.73852, 0.8628, 0.72046, 0.83853, 0.70702, 0.8177, 0.7013, 0.79516, 0.71725, 0.76413, 0.73379, 0.73034, 0.74761, 0.69821, 0.76463, 0.66211, 0.77628, 0.63109, 0.77949, 0.58933, 0.79597, 0.57185, 0.81142, 0.54372, 0.81898, 0.51442, 0.81463, 0.48172, 0.80343, 0.45686, 0.77634, 0.43373, 0.75451, 0.42474, 0.74652, 0.3932, 0.73003, 0.38304, 0.7513, 0.35709, 0.78058, 0.3334, 0.80506, 0.30692, 0.78107, 0.28605, 0.72949, 0.27422, 0.69494, 0.26684, 0.671, 0.26408, 0.64706, 0.22629, 0.63591, 0.2139, 0.57132, 0.55415, 0.5827, 0.57266, 0.59494, 0.58328, 0.61991, 0.59625, 0.64326, 0.59625, 0.66714, 0.5921, 0.68433, 0.58212, 0.70212, 0.57266, 0.71654, 0.57036, 0.73264, 0.57918, 0.74875, 0.5827, 0.76877, 0.58743, 0.56327, 0.53916, 0.55827, 0.52087, 0.68601, 0.43616, 0.69881, 0.44908, 0.70875, 0.46026, 0.71768, 0.47849, 0.72046, 0.50444, 0.72046, 0.52912, 0.71768, 0.55329, 0.63901, 0.45571, 0.68406, 0.48754, 0.67938, 0.53634, 0.64086, 0.55525, 0.59674, 0.52935, 0.60331, 0.48154, 0.6376, 0.82422, 0.65713, 0.88939, 0.69712, 0.94728, 0.79276, 0.9763, 0.94303, 0.99885, 0.54277, 0.75749, 0.56056, 0.84689, 0.57127, 0.90358, 0.60691, 0.99885 ],
          "edges": [ 0, 2, 2, 4, 4, 6, 6, 8, 8, 10, 10, 12, 12, 14, 14, 16, 16, 18, 18, 20, 20, 22, 22, 24, 24, 26, 26, 28, 28, 30, 30, 32, 32, 34, 34, 36, 36, 38, 38, 40, 40, 42, 42, 44, 44, 46, 46, 48, 48, 50, 50, 52, 52, 54, 54, 56, 56, 58, 58, 60, 60, 62, 62, 64, 64, 66, 66, 68, 68, 70, 70, 72, 72, 74, 74, 76, 76, 78, 78, 80, 80, 82, 82, 84, 84, 86, 86, 88, 88, 90, 90, 92, 92, 94, 94, 96, 96, 98, 98, 100, 100, 102, 102, 104, 104, 106, 106, 108, 108, 258, 110, 112, 110, 250, 112, 114, 114, 116, 116, 118, 118, 120, 120, 122, 122, 124, 124, 126, 126, 128, 128, 130, 130, 132, 132, 134, 134, 136, 136, 138, 138, 140, 140, 142, 142, 144, 144, 146, 146, 148, 148, 150, 150, 152, 152, 154, 154, 156, 156, 158, 158, 160, 160, 162, 162, 164, 164, 166, 166, 168, 168, 170, 170, 172, 172, 174, 174, 176, 176, 178, 178, 180, 180, 182, 182, 184, 184, 186, 250, 258, 186, 0, 188, 190, 190, 192, 192, 194, 194, 196, 196, 198, 198, 200, 200, 202, 202, 204, 204, 206, 206, 208, 208, 210, 210, 152, 188, 212, 212, 214, 216, 218, 218, 220, 220, 222, 222, 224, 224, 226, 226, 228, 228, 202, 240, 230, 230, 232, 232, 234, 234, 236, 236, 238, 238, 240, 242, 244, 244, 246, 246, 248, 248, 250, 252, 254, 254, 256, 256, 258 ],
          "vertices": [ -11.9, 123.72, -16.27, 99.4, -23.1, 83.42, -46.9, 74.63, -49.38, 67.55, -43.3, 57.85, -41.9, 53, -50.58, 38.27, -59.3, 26.98, -71.8, 17.07, -76.25, 15.25, -73.2, 10, -79.1, 3.75, -87.75, -0.1, -89.58, -11.63, -90.17, -31.4, -87.95, -44.13, -83.3, -56.85, -76.22, -63.3, -64.92, -66.55, -56.83, -66.75, -55.02, -75.63, -46.95, -69.38, -42.7, -49.38, -35.6, -34.85, -30.35, -28.18, -25.93, -23.13, -24.1, -14.45, -20.68, -8.38, -14.43, -2.92, -12.18, 1.5, -8.18, -9.4, -2.52, -19.1, 2.95, -27.57, 6.38, -31.6, 3.75, -36.85, 7, -42.92, 8.82, -50.8, 8.2, -59.48, 0.95, -66.15, -7.78, -71.6, -15.25, -77.85, -22.73, -84.72, -31, -92.42, -40.9, -99.67, -50.38, -106.72, -58.65, -116.63, -66.72, -126.72, -75.63, -138.63, -82.7, -151.75, -87.75, -164.88, -90.38, -176.4, -93.2, -192.15, -94.2, -204.85, -94.8, -216.25, 220.1, -216.25, 213.97, -205.47, 200.03, -198.38, 207.6, -191.28, 198.78, -183.93, 185.38, -180.75, 171.68, -180.5, 158.95, -180.25, 147.47, -177.55, 134.3, -173.88, 122.8, -166.8, 109.6, -157.28, 101.3, -146.75, 95.13, -137.72, 92.5, -127.95, 99.83, -114.5, 107.42, -99.85, 113.78, -85.92, 121.6, -70.28, 126.95, -56.83, 128.43, -38.73, 136, -31.15, 143.1, -18.95, 146.57, -6.25, 144.57, 7.92, 139.43, 18.7, 126.97, 28.73, 116.95, 32.63, 113.28, 46.3, 105.7, 50.7, 115.47, 61.95, 128.93, 72.22, 140.18, 83.7, 129.15, 92.75, 105.45, 97.88, 89.58, 101.08, 78.58, 102.28, 67.58, 118.65, 62.45, 124.03, 32.77, -23.48, 38, -31.5, 43.63, -36.1, 55.1, -41.73, 65.83, -41.73, 76.8, -39.92, 84.7, -35.6, 92.88, -31.5, 99.5, -30.5, 106.9, -34.33, 114.3, -35.85, 123.5, -37.9, 29.07, -16.98, 26.77, -9.05, 85.47, 27.68, 91.35, 22.07, 95.92, 17.23, 100.03, 9.32, 101.3, -1.93, 101.3, -12.63, 100.03, -23.1, 63.88, 19.2, 84.58, 5.4, 82.42, -15.75, 64.72, -23.95, 44.45, -12.72, 47.48, 8, 63.23, -140.55, 72.2, -168.8, 90.58, -193.9, 134.53, -206.47, 203.57, -216.25, 19.65, -111.63, 27.82, -150.38, 32.75, -174.95, 49.13, -216.25 ],
          "type": "mesh"
        }
      },
      "闭眼": {
        "闭眼": {
          "name": "闭眼",
          "width": 59,
          "height": 21,
          "x": 0.49,
          "y": -1.52
        }
      }
    }
  },"animations":{"newAnimation":{"bones":{"头1":{"translate":[{"time":0},{"time":1.25,"y":0.9},{"time":2.5},{"time":3.75,"y":0.9},{"time":5}],"rotate":[{"time":0,"angle":0},{"time":1.25,"angle":-2},{"time":2.5,"angle":0},{"time":3.75,"angle":-2},{"time":5,"angle":0}],"shear":[{"time":0},{"time":1.25},{"time":2.5},{"time":3.75},{"time":5}]},"左胳膊2":{"rotate":[{"time":0,"curve":[0.5,0,0.5,1],"angle":0},{"time":1.25,"curve":[0.5,0,0.5,1],"angle":4},{"time":2.5,"angle":0},{"time":3.75,"curve":[0.5,0,0.5,1],"angle":4},{"time":5,"angle":0}],"shear":[{"time":0,"curve":[0.5,0,0.5,1]},{"time":1.25,"curve":[0.5,0,0.5,1]},{"time":2.5},{"time":3.75,"curve":[0.5,0,0.5,1]},{"time":5}]},"左胳膊3":{"rotate":[{"time":0,"angle":0},{"time":0.7083,"angle":2},{"time":1.9583,"angle":0},{"time":3.625,"angle":2},{"time":5,"angle":0}],"shear":[{"time":0},{"time":0.7083},{"time":1.9583},{"time":3.625},{"time":5}]},"左胳膊4":{"rotate":[{"time":0,"angle":0},{"time":0.9167,"angle":-1},{"time":2.2084,"angle":0},{"time":3.8334,"angle":-1},{"time":5.0001,"angle":0}],"shear":[{"time":0},{"time":0.9167},{"time":2.2084},{"time":3.8334},{"time":5.0001}]},"左胳膊5":{"rotate":[{"time":0,"angle":0},{"time":1.125,"angle":7},{"time":2.375,"angle":0},{"time":4.0417,"angle":7},{"time":5,"angle":0}],"shear":[{"time":0},{"time":1.125},{"time":2.375},{"time":4.0417},{"time":5}]},"左胳膊6":{"rotate":[{"time":0,"angle":0},{"time":1.3333,"angle":7},{"time":2.5833,"angle":0},{"time":4.25,"angle":7},{"time":5,"angle":0}],"shear":[{"time":0},{"time":1.3333},{"time":2.5833},{"time":4.25},{"time":5}]},"左手+扇子1":{"rotate":[{"time":0,"curve":[0.6923076923076923,0,0.31868131868131866,1],"angle":-5},{"time":1.25,"curve":[0.5,0,0.5,1],"angle":14},{"time":2.5,"curve":[0.6923076923076923,0,0.31868131868131866,1],"angle":-5},{"time":3.75,"curve":[0.5,0,0.5,1],"angle":14},{"time":5,"angle":-5}],"shear":[{"time":0,"curve":[0.6923076923076923,0,0.31868131868131866,1]},{"time":1.25,"curve":[0.5,0,0.5,1]},{"time":2.5,"curve":[0.6923076923076923,0,0.31868131868131866,1]},{"time":3.75,"curve":[0.5,0,0.5,1]},{"time":5}]},"左手+扇子2":{"scale":[{"time":0,"curve":[0.804945054945055,0,0.20329670329670335,0.9912280701754386],"x":1,"y":1.1},{"time":1.25,"curve":[0.5,0,0.5,1],"x":1,"y":0.9},{"time":2.5,"x":1,"y":1.1},{"time":3.75,"curve":[0.5,0,0.5,1],"x":1,"y":0.9},{"time":5,"x":1,"y":1.1}]},"右手2":{"rotate":[{"time":0,"angle":0},{"time":1.25,"angle":-3},{"time":2.5,"angle":0},{"time":3.75,"angle":-3},{"time":5,"angle":0}],"shear":[{"time":0},{"time":1.25},{"time":2.5},{"time":3.75},{"time":5}]},"右手3":{"rotate":[{"time":0,"angle":0},{"time":1.25,"angle":9},{"time":2.5,"angle":0},{"time":3.75,"angle":9},{"time":5,"angle":0}],"shear":[{"time":0},{"time":1.25},{"time":2.5},{"time":3.75},{"time":5}]},"头3":{"rotate":[{"time":0,"curve":[0.5,0,0.5,1],"angle":0},{"time":1.6667,"curve":[0.5,0,0.5,1],"angle":-3},{"time":2.5,"curve":[0.5,0,0.5,1],"angle":0},{"time":4.1667,"curve":[0.5,0,0.5,1],"angle":-3},{"time":5,"angle":0}],"shear":[{"time":0,"curve":[0.5,0,0.5,1]},{"time":1.6667,"curve":[0.5,0,0.5,1]},{"time":2.5,"curve":[0.5,0,0.5,1]},{"time":4.1667,"curve":[0.5,0,0.5,1]},{"time":5}]},"头4":{"rotate":[{"time":0,"curve":[0.5,0,0.5,1],"angle":0},{"time":1.4583,"curve":[0.5,0,0.5,1],"angle":-13},{"time":2.5,"curve":[0.5,0,0.5,1],"angle":0},{"time":3.9583,"curve":[0.5,0,0.5,1],"angle":-13},{"time":5,"angle":0}],"shear":[{"time":0,"curve":[0.5,0,0.5,1]},{"time":1.4583,"curve":[0.5,0,0.5,1]},{"time":2.5,"curve":[0.5,0,0.5,1]},{"time":3.9583,"curve":[0.5,0,0.5,1]},{"time":5}]},"头5":{"rotate":[{"time":0,"curve":[0.5,0,0.5,1],"angle":0},{"time":1.25,"curve":[0.5,0,0.5,1],"angle":-13},{"time":2.5,"curve":[0.5,0,0.5,1],"angle":0},{"time":3.75,"curve":[0.5,0,0.5,1],"angle":-13},{"time":5,"angle":0}],"shear":[{"time":0,"curve":[0.5,0,0.5,1]},{"time":1.25,"curve":[0.5,0,0.5,1]},{"time":2.5,"curve":[0.5,0,0.5,1]},{"time":3.75,"curve":[0.5,0,0.5,1]},{"time":5}]},"头6":{"rotate":[{"time":0,"curve":[0.5,0,0.5,1],"angle":0},{"time":1.0417,"curve":[0.5,0,0.5,1],"angle":-14},{"time":2.5,"curve":[0.5,0,0.5,1],"angle":0},{"time":3.5417,"curve":[0.5,0,0.5,1],"angle":-14},{"time":5,"angle":0}],"shear":[{"time":0,"curve":[0.5,0,0.5,1]},{"time":1.0417,"curve":[0.5,0,0.5,1]},{"time":2.5,"curve":[0.5,0,0.5,1]},{"time":3.5417,"curve":[0.5,0,0.5,1]},{"time":5}]},"头7":{"rotate":[{"time":0,"curve":[0.5,0,0.5,1],"angle":0},{"time":0.8333,"curve":[0.5,0,0.5,1],"angle":-29},{"time":2.5,"curve":[0.5,0,0.5,1],"angle":0},{"time":3.3333,"curve":[0.5,0,0.5,1],"angle":-29},{"time":5,"angle":0}],"shear":[{"time":0,"curve":[0.5,0,0.5,1]},{"time":0.8333,"curve":[0.5,0,0.5,1]},{"time":2.5,"curve":[0.5,0,0.5,1]},{"time":3.3333,"curve":[0.5,0,0.5,1]},{"time":5}]}},"slots":{"眨眼中间帧":{"attachment":[{"time":0,"name":""},{"time":1.6667,"name":"眨眼中间帧"},{"time":1.75,"name":""},{"time":1.8333,"name":"眨眼中间帧"},{"time":1.9166,"name":""}]},"闭眼":{"attachment":[{"time":0,"name":""},{"time":1.75,"name":"闭眼"},{"time":1.9167,"name":""}]}},"deform":{"default":{"身体":{"身体":[{"time":0,"curve":[0.5,0,0.5,1],"offset":259,"vertices":[0]},{"time":1.25,"curve":[0.5,0,0.5,1],"vertices":[2.85,0.47,2.23,0.47,0.45,0.47,0.45,0.47,0.45,0.47,0.45,0.47,0.45,0.47,0.45,0.47,-0.1,1.02,-0.55,0.55,-0.55,0.55,-0.55,0.55,-0.55,0.55,-0.55,0.55,-1.65,1.65,-1.65,1.65,-1.65,1.65,-1.65,1.65,-1.65,1.65,-1.65,1.65,-1.65,1.65,-1.65,1.65,-1.65,1.65,-1.65,1.65,-0.55,0.55,-0.55,0.55,-0.55,0.55,-0.55,0.55,0,0,0,0,0.63,0.65,0.63,0.65,0.63,0.65,0.63,0.65,0.63,0.65,0.63,0.65,0.63,0.65,0,0,0.63,0.65,0.88,0,0.88,0,0.88,0,0.88,0,0.88,0,0,0.45,0,0.45,0,0.45,0,0.45,0,0.45,0,0.45,0,0.45,0,0.45,0,0,0,0,0,0,5.64,0,3.15,0,4.09,1.7,5.24,1.4,6.12,1.1,3.87,0.93,4.14,2.04,2.69,0.5,-0.85,-1.15,-1.15,-0.85,-1.18,-1.15,-1.2,-0.88,-1.13,-0.3,-0.68,-0.7,-0.42,0,-0.42,0,-0.42,0,-0.42,0,0.47,0,0.5,0,-0.45,0,2.75,2.75,3.8,2.75,4.17,2.4,4.5,2.4,3.48,2.4,3.48,3.5,3.48,2.4,0,0.47,-0.33,2.42,0.45,3.08,0.65,2.67,3.6,-1.45,1.6,-0.4,0.95,1.77,2.15,1.9,0,0.47,0,0.47,0,0.47,1,4.47,1,4.47,1,4.47,2.05,4.47,2.05,4.47,2.05,4.47,2.05,4.47,2.05,4.47,2.75,2.75,2.75,2.75,2.75,2.75,2.75,2.75,1,4.47,1,3.08,2.75,5.38,2.75,4.5,2.85,4.58,2.75,4.53,2.75,3.48,2.05,2.4,2.05,3.08,2.05,3.95,2.05,3.88,2.05,2.75,2.05,2.75,2.05,2.75,2.05,2.75,0,0,2.97,0.25,3.79,1.1,2.27,3.32,4.92,0,0,0,0,0,0,0,3.77]},{"time":2.5,"curve":[0.5,0,0.5,1],"offset":259,"vertices":[0]},{"time":3.75,"curve":[0.5,0,0.5,1],"vertices":[2.85,0.47,2.23,0.47,0.45,0.47,0.45,0.47,0.45,0.47,0.45,0.47,0.45,0.47,0.45,0.47,-0.1,1.02,-0.55,0.55,-0.55,0.55,-0.55,0.55,-0.55,0.55,-0.55,0.55,-1.65,1.65,-1.65,1.65,-1.65,1.65,-1.65,1.65,-1.65,1.65,-1.65,1.65,-1.65,1.65,-1.65,1.65,-1.65,1.65,-1.65,1.65,-0.55,0.55,-0.55,0.55,-0.55,0.55,-0.55,0.55,0,0,0,0,0.63,0.65,0.63,0.65,0.63,0.65,0.63,0.65,0.63,0.65,0.63,0.65,0.63,0.65,0,0,0.63,0.65,0.88,0,0.88,0,0.88,0,0.88,0,0.88,0,0,0.45,0,0.45,0,0.45,0,0.45,0,0.45,0,0.45,0,0.45,0,0.45,0,0,0,0,0,0,5.64,0,3.15,0,4.09,1.7,5.24,1.4,6.12,1.1,3.87,0.93,4.14,2.04,2.69,0.5,-0.85,-1.15,-1.15,-0.85,-1.18,-1.15,-1.2,-0.88,-1.13,-0.3,-0.68,-0.7,-0.42,0,-0.42,0,-0.42,0,-0.42,0,0.47,0,0.5,0,-0.45,0,2.75,2.75,3.8,2.75,4.17,2.4,4.5,2.4,3.48,2.4,3.48,3.5,3.48,2.4,0,0.47,-0.33,2.42,0.45,3.08,0.65,2.67,3.6,-1.45,1.6,-0.4,0.95,1.77,2.15,1.9,0,0.47,0,0.47,0,0.47,1,4.47,1,4.47,1,4.47,2.05,4.47,2.05,4.47,2.05,4.47,2.05,4.47,2.05,4.47,2.75,2.75,2.75,2.75,2.75,2.75,2.75,2.75,1,4.47,1,3.08,2.75,5.38,2.75,4.5,2.85,4.58,2.75,4.53,2.75,3.48,2.05,2.4,2.05,3.08,2.05,3.95,2.05,3.88,2.05,2.75,2.05,2.75,2.05,2.75,2.05,2.75,0,0,2.97,0.25,3.79,1.1,2.27,3.32,4.92,0,0,0,0,0,0,0,3.77]},{"time":5,"offset":259,"vertices":[0]}]},"头":{"头":[{"time":0,"offset":131,"vertices":[0]},{"time":1.25,"offset":6,"vertices":[5.95,-2.79,2.79,-3.4]},{"time":2.5,"offset":131,"vertices":[0]},{"time":3.75,"offset":6,"vertices":[5.95,-2.79,2.79,-3.4]},{"time":5,"offset":131,"vertices":[0]}]},"头发1":{"头发1":[{"time":0,"offset":145,"vertices":[0]},{"time":1.25,"offset":74,"vertices":[1.17,-0.56,1.17,-0.56,1.17,-0.56,4.77,-0.43,3.6,0.13,3.6,0.13,2.4,0.09,2.4,0.09,2.4,0.09,2.86,1.93,2.86,1.93,2.86,1.93,2.86,1.93,2.86,1.93,2.86,1.93]},{"time":2.5,"offset":145,"vertices":[0]},{"time":3.75,"offset":74,"vertices":[1.17,-0.56,1.17,-0.56,1.17,-0.56,4.77,-0.43,3.6,0.13,3.6,0.13,2.4,0.09,2.4,0.09,2.4,0.09,2.86,1.93,2.86,1.93,2.86,1.93,2.86,1.93,2.86,1.93,2.86,1.93]},{"time":5,"offset":145,"vertices":[0]}]},"头发4":{"头发4":[{"time":0,"offset":35,"vertices":[0]},{"time":1.25,"offset":8,"vertices":[-2.05,-0.07,-2.75,0.76,-1.93,1.56,-3.56,3.65,-1.52,-0.06,0,0,10.62,0.37,10.62,0.37,10.62,0.37,10.62,0.37,10.62,0.37,10.62,0.37]},{"time":2.5,"offset":35,"vertices":[0]},{"time":3.75,"offset":8,"vertices":[-2.05,-0.07,-2.75,0.76,-1.93,1.56,-3.56,3.65,-1.52,-0.06,0,0,10.62,0.37,10.62,0.37,10.62,0.37,10.62,0.37,10.62,0.37,10.62,0.37]},{"time":5,"offset":35,"vertices":[0]}]},"左手+扇子":{"扇子手":[{"time":0,"curve":[0.5,0,0.5,1],"offset":116,"vertices":[0.28,3.06,0.29,1.53,-0.27,1.28,0.04,0.91]},{"time":1.25,"curve":[0.5,0,0.5,1],"vertices":[-0.23,-1.61,1.24,-1.21,0,0,0,0,0,0,0,0,0,0,0,0,0,0,0,0,0,0,0,0,0,0,0,0,0,0,0,0,0,0,0,0,0,0,0,0,0,0,0,0,0,0,0,0,0,0,0,0,0,0,0,0,0,0,0,0,0,0,0,0,0,0,0,0,0,0,0,0,0,0,0,0,0,0,0,0,0,0,0,0,0,0,0,0,0,0,0,0,0,0,0,0,0,0,0,0,0,0,0,0,0,0,0,0,0,0,0,0,0,0,0,0,-1.43,-2.72,-4.73,-2.85,-2.33,-2.74,-1.44,-1.37]},{"time":2.5,"curve":[0.5,0,0.5,1],"offset":116,"vertices":[0.28,3.06,0.29,1.53,-0.27,1.28,0.04,0.91]},{"time":3.75,"curve":[0.5,0,0.5,1],"vertices":[-0.23,-1.61,1.24,-1.21,0,0,0,0,0,0,0,0,0,0,0,0,0,0,0,0,0,0,0,0,0,0,0,0,0,0,0,0,0,0,0,0,0,0,0,0,0,0,0,0,0,0,0,0,0,0,0,0,0,0,0,0,0,0,0,0,0,0,0,0,0,0,0,0,0,0,0,0,0,0,0,0,0,0,0,0,0,0,0,0,0,0,0,0,0,0,0,0,0,0,0,0,0,0,0,0,0,0,0,0,0,0,0,0,0,0,0,0,0,0,0,0,-1.43,-2.72,-4.73,-2.85,-2.33,-2.74,-1.44,-1.37]},{"time":5,"offset":116,"vertices":[0.28,3.06,0.29,1.53,-0.27,1.28,0.04,0.91]}]}}}}}}