{
  "skeleton": {
    "width": 151.11,
    "height": 139.55,
    "fps": 24,
    "hash": " ",
    "spine": " ",
    "name": "kpqznn_effect_hall_3"
  },
  "bones": [

    { "name": "root" },
    {
      "name": "cap",
      "parent": "root"
    },
    {
      "x": -25.6597,
      "y": -39.5486,
      "name": "coin",
      "parent": "root"
    },
    {
      "x": 7.5707,
      "y": -4.8669,
      "name": "pokerall",
      "parent": "root"
    },
    {
      "x": -47.4209,
      "y": 4.8669,
      "rotation": 15,
      "name": "poke",
      "parent": "pokerall"
    },
    {
      "y": -12.4693,
      "scaleX": 0.7,
      "name": "water",
      "parent": "cap"
    },
    {
      "x": -62.7151,
      "y": 3.7853,
      "rotation": 35,
      "name": "poke1",
      "parent": "pokerall"
    },
    {
      "x": -72.6784,
      "y": -9.0784,
      "rotation": 50,
      "name": "poke2",
      "parent": "pokerall"
    },
    {
      "y": -12.4693,
      "scaleX": 0.7,
      "name": "water1",
      "parent": "cap"
    },
    {
      "y": -12.4693,
      "scaleX": 0.7,
      "name": "water2",
      "parent": "cap"
    }
  ],
  "slots": [

    {
      "name": "poke2",
      "bone": "poke2",
      "attachment": "单张"
    },
    {
      "name": "poke1",
      "bone": "poke1",
      "attachment": "单张"
    },
    {
      "name": "poke",
      "bone": "poke",
      "attachment": "单张"
    },
    {
      "name": "cap",
      "bone": "cap",
      "attachment": "啤酒"
    },
    {
      "name": "coin",
      "bone": "coin",
      "attachment": "coin"
    },
    {
      "name": "shuidi",
      "bone": "water",
      "attachment": "shuidi"
    },
    {
      "name": "shuidi1",
      "bone": "water1",
      "attachment": "shuidi"
    },
    {
      "name": "shuidi2",
      "bone": "water2",
      "attachment": "shuidi"
    }
  ],
  "skins": {
    "default": {
      "poke2": {
        "单张": {
          "name": "单张",
          "width": 68,
          "height": 94
        }
      },
      "poke": {
        "单张": {
          "name": "单张",
          "width": 68,
          "height": 94
        }
      },
      "cap": {
        "啤酒": {
          "name": "啤酒",
          "width": 102,
          "height": 116
        }
      },
      "shuidi2": {
        "shuidi": {
          "name": "shuidi",
          "width": 12,
          "height": 14
        }
      },
      "shuidi1": {
        "shuidi": {
          "name": "shuidi",
          "width": 12,
          "height": 14
        }
      },
      "poke1": {
        "单张": {
          "name": "单张",
          "width": 68,
          "height": 94
        }
      },
      "shuidi": {
        "shuidi": {
          "name": "shuidi",
          "width": 12,
          "height": 14
        }
      },
      "coin": {
        "coin": {
          "name": "coin",
          "width": 93,
          "height": 73
        }
      }
    }
  },
  "animations": 
  {
    "newAnimation": {
      "bones": {
        "poke": {
          "translate": [
            { "time": 0 },
            {
              "time": 1.6667,
              "y": 4.1
            },
            { "time": 3.125 },
            {
              "time": 3.3333,
              "x": 3.4,
              "y": 5.21
            },
            {
              "time": 3.75,
              "x": 3.4,
              "y": 5.21
            },
            { "time": 3.9583 }
          ],
          "rotate": [
            {
              "time": 0,
              "angle": 0
            },
            {
              "time": 3.125,
              "angle": 0
            },
            {
              "time": 3.3333,
              "angle": -5
            },
            {
              "time": 3.75,
              "angle": -5
            },
            {
              "time": 3.9583,
              "angle": 0
            }
          ],
          "shear": [
            { "time": 0 },
            { "time": 3.125 },
            { "time": 3.3333 },
            { "time": 3.75 },
            { "time": 3.9583 }
          ]
        },
        "water": {
          "translate": [
            {
              "time": 0,
              "curve": [ 0, 0, 0.5, 1 ]
            },
            {
              "time": 2.2083,
              "y": -8.3
            }
          ],
          "scale": [
            {
              "time": 0,
              "x": 0.75,
              "y": 0.75
            }
          ]
        },
        "poke1": {
          "translate": [
            { "time": 0 },
            {
              "time": 1.6667,
              "x": -2.26,
              "y": 1.85
            },
            { "time": 3.125 },
            {
              "time": 3.3333,
              "x": 18.91,
              "y": 5.98
            },
            {
              "time": 3.75,
              "x": 18.91,
              "y": 5.98
            },
            { "time": 3.9583 }
          ],
          "rotate": [
            {
              "time": 0,
              "angle": 0
            },
            {
              "time": 3.125,
              "angle": 0
            },
            {
              "time": 3.3333,
              "angle": -25
            },
            {
              "time": 3.75,
              "angle": -25
            },
            {
              "time": 3.9583,
              "angle": 0
            }
          ],
          "shear": [
            { "time": 0 },
            { "time": 3.125 },
            { "time": 3.3333 },
            { "time": 3.75 },
            { "time": 3.9583 }
          ]
        },
        "poke2": {
          "translate": [
            { "time": 0 },
            {
              "time": 1.6667,
              "x": -2.26
            },
            { "time": 3.125 },
            {
              "time": 3.3333,
              "x": 28.69,
              "y": 18.42
            },
            {
              "time": 3.75,
              "x": 28.69,
              "y": 18.42
            },
            { "time": 3.9583 }
          ],
          "rotate": [
            {
              "time": 0,
              "angle": 0
            },
            {
              "time": 3.125,
              "angle": 0
            },
            {
              "time": 3.3333,
              "angle": -40
            },
            {
              "time": 3.75,
              "angle": -40
            },
            {
              "time": 3.9583,
              "angle": 0
            }
          ],
          "shear": [
            { "time": 0 },
            { "time": 3.125 },
            { "time": 3.3333 },
            { "time": 3.75 },
            { "time": 3.9583 }
          ]
        },
        "water1": {
          "translate": [
            {
              "time": 0,
              "curve": "stepped"
            },
            {
              "time": 0.6667,
              "curve": [ 0, 0, 0.5, 1 ],
              "x": -12.44,
              "y": 31.14
            },
            {
              "time": 2.8334,
              "x": -12.44,
              "y": 6.74
            }
          ],
          "scale": [
            {
              "time": 0,
              "curve": "stepped",
              "x": 1,
              "y": 1
            },
            {
              "time": 0.6667,
              "x": 0.59,
              "y": 0.6
            }
          ]
        },
        "water2": {
          "translate": [
            {
              "time": 0,
              "curve": "stepped"
            },
            {
              "time": 1.75,
              "curve": [ 0, 0, 0.5, 1 ],
              "x": 12.06,
              "y": -0.58
            },
            {
              "time": 3.75,
              "x": 12.06,
              "y": -19.08
            }
          ],
          "scale": [
            {
              "time": 0,
              "curve": "stepped",
              "x": 1,
              "y": 1
            },
            {
              "time": 1.75,
              "x": 0.75,
              "y": 0.75
            }
          ]
        }
      },
      "slots": {
        "shuidi": {
          "color": [
            {
              "time": 0,
              "color": "FFFFFF00"
            },
            {
              "time": 0.375,
              "color": "FFD47DFF"
            },
            {
              "time": 1.4583,
              "color": "FFFFFFFF"
            },
            {
              "time": 2.2083,
              "color": "FFFFFF00"
            }
          ]
        },
        "shuidi1": {
          "color": [
            {
              "time": 0,
              "color": "FFFFFF00"
            },
            {
              "time": 0.6667,
              "color": "FFFFFF00"
            },
            {
              "time": 1.0417,
              "color": "FFFFFFFF"
            },
            {
              "time": 2.2917,
              "color": "FFFFFFFF"
            },
            {
              "time": 2.8334,
              "color": "FFFFFF00"
            }
          ]
        },
        "shuidi2": {
          "color": [
            {
              "time": 0,
              "color": "FFFFFF00"
            },
            {
              "time": 1.75,
              "color": "FFFFFF00"
            },
            {
              "time": 2.2917,
              "color": "FFD47DFF"
            },
            {
              "time": 3.2917,
              "color": "FFFFFFFF"
            },
            {
              "time": 3.75,
              "color": "FFFFFF00"
            }
          ]
        }
      }
    }
  }}