{
  "skeleton": {
    "width": 225,
    "height": 282,
    "fps": 24,
    "hash": " ",
    "spine": " ",
    "name": "kpqznn_effect_hall_1"
  },
  "bones": [

    { "name": "root" },
    {
      "name": "ditu",
      "parent": "root"
    },
    {
      "x": 9.2114,
      "y": -13.7399,
      "name": "effect",
      "parent": "root"
    },
    {
      "name": "hat",
      "parent": "effect"
    },
    {
      "name": "pokerall",
      "parent": "effect"
    },
    {
      "x": -25,
      "y": 19,
      "name": "poker",
      "parent": "pokerall"
    },
    {
      "name": "xulie",
      "parent": "hat"
    },
    {
      "x": -25,
      "y": 19,
      "name": "poker1",
      "parent": "pokerall"
    },
    {
      "x": -25,
      "y": 19,
      "name": "poker2",
      "parent": "pokerall"
    }
  ],
  "slots": [

    {
      "name": "ditu",
      "bone": "ditu",
      "attachment": "体验房"
    },
    {
      "name": "poker2",
      "bone": "poker2",
      "attachment": "poke"
    },
    {
      "name": "poker1",
      "bone": "poker1",
      "attachment": "poke"
    },
    {
      "name": "poker",
      "bone": "poker",
      "attachment": "poke"
    },
    {
      "name": "hat",
      "bone": "hat",
      "attachment": "hat"
    },
    {
      "name": "xulie",
      "bone": "xulie",
      "attachment": "xulei"
    }
  ],
  "skins": {
    "default": {
      "poker2": {
        "poke": {
          "name": "poke",
          "width": 68,
          "height": 94
        }
      },
      "ditu": {
        "体验房": {
          "name": "体验房",
          "width": 222,
          "height": 278
        }
      },
      "hat": {
        "hat": {
          "name": "hat",
          "width": 137,
          "height": 99,
          "hull": 40,
          "triangles": [ 21, 22, 18, 21, 18, 19, 21, 19, 20, 22, 23, 18, 23, 17, 18, 24, 17, 23, 30, 28, 29, 31, 28, 30, 31, 44, 28, 24, 25, 17, 25, 16, 17, 44, 27, 28, 42, 16, 25, 43, 26, 27, 32, 44, 31, 32, 33, 44, 40, 16, 42, 41, 42, 43, 42, 25, 26, 43, 42, 26, 41, 40, 42, 40, 15, 16, 33, 41, 43, 34, 35, 33, 35, 41, 33, 4, 15, 40, 35, 37, 41, 37, 38, 41, 38, 39, 40, 39, 4, 40, 41, 38, 40, 0, 4, 39, 4, 14, 15, 36, 37, 35, 3, 4, 0, 4, 12, 14, 1, 3, 0, 12, 13, 14, 4, 11, 12, 9, 10, 4, 10, 11, 4, 2, 3, 1, 8, 9, 4, 7, 8, 5, 5, 8, 4, 6, 7, 5, 27, 43, 44, 33, 43, 44 ],
          "uvs": [ 0.3938, 0.09747, 0.3135, 0.13838, 0.26496, 0.1803, 0.24088, 0.30404, 0.23029, 0.41313, 0.12153, 0.41869, 0.03467, 0.48081, 0.00182, 0.56465, 0, 0.71919, 0.03212, 0.84697, 0.08467, 0.92879, 0.20292, 1, 0.32628, 1, 0.40876, 1, 0.50438, 0.93434, 0.62883, 0.84343, 0.73504, 0.74192, 0.86898, 0.6096, 0.97372, 0.50051, 1, 0.46061, 1, 0.37374, 0.9646, 0.37121, 0.90693, 0.4101, 0.87153, 0.4404, 0.83102, 0.45556, 0.78394, 0.45556, 0.79708, 0.37576, 0.81642, 0.27576, 0.86131, 0.21061, 0.92555, 0.18535, 0.90839, 0.11616, 0.83248, 0.11616, 0.77737, 0.14899, 0.72628, 0.2197, 0.72226, 0.15404, 0.69453, 0.16717, 0.6646, 0.09444, 0.59234, 0.08182, 0.49562, 0.08182, 0.44453, 0.08333, 0.70912, 0.43889, 0.71168, 0.3101, 0.74307, 0.44444, 0.76022, 0.29949, 0.82007, 0.17576 ],
          "edges": [ 0, 2, 2, 4, 4, 6, 6, 8, 8, 10, 10, 12, 12, 14, 14, 16, 16, 18, 18, 20, 20, 22, 22, 24, 24, 26, 26, 28, 28, 30, 30, 32, 32, 34, 34, 36, 36, 38, 38, 40, 40, 42, 42, 44, 44, 46, 46, 48, 48, 50, 50, 52, 52, 54, 54, 56, 56, 58, 58, 60, 60, 62, 62, 64, 64, 66, 66, 68, 68, 70, 70, 72, 72, 74, 74, 76, 76, 78, 78, 0, 84, 86, 86, 88 ],
          "vertices": [ -14.55, 39.85, -25.55, 35.8, -32.2, 31.65, -35.5, 19.4, -36.95, 8.6, -51.85, 8.05, -63.75, 1.9, -68.25, -6.4, -68.5, -21.7, -64.1, -34.35, -56.9, -42.45, -40.7, -49.5, -23.8, -49.5, -12.5, -49.5, 0.6, -43, 17.65, -34, 32.2, -23.95, 50.55, -10.85, 64.9, -0.05, 68.5, 3.9, 68.5, 12.5, 63.65, 12.75, 55.75, 8.9, 50.9, 5.9, 45.35, 4.4, 38.9, 4.4, 40.7, 12.3, 43.35, 22.2, 49.5, 28.65, 58.3, 31.15, 55.95, 38, 45.55, 38, 38, 34.75, 31, 27.75, 30.45, 34.25, 26.65, 32.95, 22.55, 40.15, 12.65, 41.4, -0.6, 41.4, -7.6, 41.25, 28.65, 6.05, 29, 18.8, 33.3, 5.5, 35.65, 19.85, 43.85, 32.1 ],
          "type": "mesh"
        }
      },
      "poker": {
        "poke": {
          "name": "poke",
          "width": 68,
          "height": 94
        }
      },
      "poker1": {
        "poke": {
          "name": "poke",
          "width": 68,
          "height": 94
        }
      }
    }
  },
  "animations": 
  {
    "newAnimation": {
      "bones": {
        "hat": {
          "translate": [
            {
              "time": 0,
              "curve": [ 0, 0, 0.5, 1 ]
            },
            {
              "time": 2.0833,
              "curve": [ 0.5, 0, 1, 1 ],
              "y": 5.58
            },
            { "time": 4.1666 }
          ],
          "rotate": [
            {
              "time": 0,
              "angle": 0
            },
            {
              "time": 2.0833,
              "angle": -7
            },
            {
              "time": 4.1666,
              "angle": 0
            }
          ],
          "shear": [
            { "time": 0 },
            { "time": 2.0833 },
            { "time": 4.1666 }
          ]
        },
        "poker": {
          "translate": [
            {
              "time": 0,
              "x": 7.38,
              "y": -11.39
            },
            {
              "time": 1.6667,
              "x": 13.49,
              "y": 0.22
            },
            {
              "time": 4.1667,
              "x": 7.38,
              "y": -11.39
            }
          ],
          "rotate": [
            {
              "time": 0,
              "angle": -30
            }
          ],
          "shear": [ { "time": 0 } ]
        },
        "poker1": {
          "translate": [
            {
              "time": 0,
              "x": -3.13,
              "y": -0.39
            },
            {
              "time": 2.0833,
              "x": -3.13,
              "y": 7.94
            },
            {
              "time": 4.1666,
              "x": -3.13,
              "y": -0.39
            }
          ],
          "rotate": [
            {
              "time": 0,
              "angle": -9
            }
          ],
          "shear": [ { "time": 0 } ]
        },
        "poker2": {
          "translate": [
            {
              "time": 0,
              "x": -15.65,
              "y": -3.13
            },
            {
              "time": 2.5,
              "x": -19.54,
              "y": 1.31
            },
            {
              "time": 4.1667,
              "x": -15.65,
              "y": -3.13
            }
          ],
          "rotate": [
            {
              "time": 0,
              "angle": 16
            }
          ],
          "shear": [ { "time": 0 } ]
        },
        "pokerall": {
          "translate": [
            { "time": 0 },
            {
              "time": 2.0833,
              "x": -5.48,
              "y": 3.13
            },
            { "time": 4.1666 }
          ]
        }
      },
      "slots": {
        "xulie": {
          "attachment": [
            {
              "time": 0,
              "name": "xulei"
            },
            {
              "time": 0.5,
              "name": ""
            },
            {
              "time": 0.5417,
              "name": "xulei"
            },
            {
              "time": 1,
              "name": ""
            }
          ]
        }
      },
      "deform": {
        "default": {
          "hat": {
            "hat": [
              {
                "time": 0,
                "offset": 89,
                "vertices": [ 0 ]
              },
              {
                "time": 1.0417,
                "offset": 52,
                "vertices": [ 1.54, -0.93, 1.54, -0.93, 2.39, -0.96, 4.19, -0.87, 3.79, -0.88, 1.54, -0.93, 2.27, -1.87, 1.53, -1.31, 0, 0, 0, 0, 0, 0, 0, 0, 0, 0, 0, 0, 0, 0, 0, 0, 0, 0, 0.38, 1.49, 4.52, -0.11 ]
              },
              {
                "time": 2.0834,
                "offset": 89,
                "vertices": [ 0 ]
              },
              {
                "time": 3.1251,
                "offset": 52,
                "vertices": [ 1.54, -0.93, 1.54, -0.93, 2.39, -0.96, 4.19, -0.87, 3.79, -0.88, 1.54, -0.93, 2.27, -1.87, 1.53, -1.31, 0, 0, 0, 0, 0, 0, 0, 0, 0, 0, 0, 0, 0, 0, 0, 0, 0, 0, 0.38, 1.49, 4.52, -0.11 ]
              },
              {
                "time": 4.1668,
                "offset": 89,
                "vertices": [ 0 ]
              }
            ]
          }
        }
      },
      "events": [
        {
          "time": 0,
          "name": "playEvent"
        }
      ]
    }
  },"events":{"playEvent":{"string":"xulei","name":"playEvent"}}}