{
  "skeleton": {
    "width": 175.51,
    "height": 145.79,
    "fps": 24,
    "hash": " ",
    "spine": " ",
    "name": "kpqznn_effect_hall_6"
  },"bones":[{"name":"root"},{"name":"crown1","parent":"root"},{"name":"crown","parent":"root"},{"x":4.1667,"y":-58.7917,"scaleX":1.1,"scaleY":1.1,"name":"coin","parent":"root"},{"x":-58.8427,"y":-37.1162,"name":"star","parent":"root"},{"x":-58.8427,"y":-37.1162,"name":"star1","parent":"root"},{"x":-58.8427,"y":-37.1162,"name":"star2","parent":"root"},{"x":-58.8427,"y":-37.1162,"name":"star3","parent":"root"},{"x":-58.8427,"y":-37.1162,"name":"star4","parent":"root"},{"x":-58.8427,"y":-37.1162,"name":"star5","parent":"root"},{"name":"xulie","parent":"crown"},{"y":-0.7492,"name":"stone","parent":"crown"}],"slots":[{"name":"crown","bone":"crown","attachment":"皇冠"},{"name":"xulie","bone":"xulie","attachment":"xulie"},{"name":"crown1","bone":"crown1","blend":"additive","attachment":"皇冠"},{"name":"coin","bone":"coin","attachment":"金币"},{"name":"star","bone":"star","blend":"additive","attachment":"星光_00000"},{"name":"star1","bone":"star1","blend":"additive","attachment":"星光_00000"},{"name":"star2","bone":"star2","blend":"additive","attachment":"星光_00000"},{"name":"star3","bone":"star3","blend":"additive","attachment":"星光_00000"},{"name":"star4","bone":"star4","blend":"additive","attachment":"星光_00000"},{"name":"star5","bone":"star5","blend":"additive","attachment":"星光_00000"},{"name":"stone","bone":"stone","blend":"additive","attachment":"宝石"}],"skins":{"default":{"coin":{"金币":{"name":"金币","width":161,"height":62}},"crown1":{"皇冠":{"name":"皇冠","width":139,"height":112}},"crown":{"皇冠":{"name":"皇冠","width":139,"height":112}},"star3":{"星光_00000":{"name":"星光_00000","width":48,"height":54}},"stone":{"宝石":{"name":"宝石","width":16,"height":27}},"star":{"星光_00000":{"name":"星光_00000","width":48,"height":54}},"star5":{"星光_00000":{"name":"星光_00000","width":48,"height":54}},"star2":{"星光_00000":{"name":"星光_00000","width":48,"height":54}},"star4":{"星光_00000":{"name":"星光_00000","width":48,"height":54}},"star1":{"星光_00000":{"name":"星光_00000","width":48,"height":54}}}},"animations":{"newAnimation":{"bones":{"crown1":{"scale":[{"time":0,"curve":"stepped","x":1,"y":1},{"time":3.0417,"curve":[0,0,0.5,1],"x":1,"y":1},{"time":4.1667,"x":1.3,"y":1.3}]},"star":{"translate":[{"time":0,"curve":"stepped"},{"time":0.4583,"y":-23.57},{"time":1.5416,"y":5.4}],"scale":[{"time":0,"curve":"stepped","x":1,"y":1},{"time":0.4583,"x":0.3,"y":0.3},{"time":0.875,"x":1,"y":1}]},"star1":{"translate":[{"time":0,"curve":"stepped"},{"time":1.5833,"x":96.23,"y":-31.41},{"time":3.0833,"x":96.23,"y":-11.5}],"scale":[{"time":0,"curve":"stepped","x":1,"y":1},{"time":1.5833,"x":0.3,"y":0.3},{"time":2.4166,"x":1,"y":1}]},"star2":{"translate":[{"time":0,"curve":"stepped"},{"time":2.625,"x":29.9,"y":-36.24},{"time":4.2083,"x":29.9,"y":-22.36}],"scale":[{"time":0,"curve":"stepped","x":1,"y":1},{"time":2.625,"x":0.3,"y":0.3},{"time":3.5417,"x":1,"y":1}]},"star3":{"translate":[{"time":0,"curve":"stepped"},{"time":1.2917,"x":24.17,"y":-23.57},{"time":3,"x":24.17,"y":-2.44}],"scale":[{"time":0,"curve":"stepped","x":1,"y":1},{"time":1.2917,"x":0.3,"y":0.3},{"time":2.3334,"x":1,"y":1}]},"star4":{"translate":[{"time":0,"curve":"stepped"},{"time":3.375,"x":69.07,"y":1.18},{"time":5,"x":69.07,"y":17.47}],"scale":[{"time":0,"curve":"stepped","x":1,"y":1},{"time":3.375,"x":0.3,"y":0.3},{"time":4.3333,"x":1,"y":1}]},"star5":{"translate":[{"time":0,"curve":"stepped"},{"time":0.7917,"x":121.58,"y":-7.88},{"time":2.625,"x":121.58,"y":5.4}],"scale":[{"time":0,"curve":"stepped","x":1,"y":1},{"time":0.7917,"x":0.3,"y":0.3},{"time":1.9584,"x":1,"y":1}]},"stone":{"translate":[{"time":0,"x":0.35,"y":-2.64}]}},"slots":{"xulie":{"attachment":[{"time":0,"name":""},{"time":2.625,"name":"xulie"},{"time":3.125,"name":""}]},"crown1":{"color":[{"time":0,"color":"FFFFFF00"},{"time":3.0417,"color":"FFFFFF00"},{"time":3.1667,"curve":[0,0,0.5,1],"color":"FFFFFF66"},{"time":4.1667,"color":"FFFFFF00"}]},"star":{"color":[{"time":0,"color":"FFFFFF00"},{"time":0.4583,"color":"FFFFFF00"},{"time":0.6666,"color":"FFFFFFFF"},{"time":1.0833,"color":"FFFFFFFF"},{"time":1.5416,"color":"FFFFFF00"}]},"star1":{"color":[{"time":0,"color":"FFFFFF00"},{"time":1.5833,"color":"FFFFFF00"},{"time":1.7916,"color":"FFFFFFFF"},{"time":2.6249,"color":"FFFFFFFF"},{"time":3.0832,"color":"FFFFFF00"}]},"star2":{"color":[{"time":0,"color":"FFFFFF00"},{"time":2.625,"color":"FFFFFF00"},{"time":2.8333,"color":"FFFFFFFF"},{"time":3.75,"color":"FFFFFFFF"},{"time":4.2083,"color":"FFFFFF00"}]},"star3":{"color":[{"time":0,"color":"FFFFFF00"},{"time":1.2917,"color":"FFFFFF00"},{"time":1.5,"color":"FFFFFFFF"},{"time":2.5417,"color":"FFFFFFFF"},{"time":3,"color":"FFFFFF00"}]},"star4":{"color":[{"time":0,"color":"FFFFFF00"},{"time":3.375,"color":"FFFFFF00"},{"time":3.5833,"color":"FFFFFFFF"},{"time":4.5416,"color":"FFFFFFFF"},{"time":4.9999,"color":"FFFFFF00"}]},"star5":{"color":[{"time":0,"color":"FFFFFF00"},{"time":0.7917,"color":"FFFFFF00"},{"time":1,"color":"FFFFFFFF"},{"time":2.1667,"color":"FFFFFFFF"},{"time":2.625,"color":"FFFFFF00"}]},"stone":{"color":[{"time":0,"color":"FFFFFF00"},{"time":3.2083,"color":"FFFFFF00"},{"time":3.375,"color":"FFFFFFFF"},{"time":4.1667,"color":"FFFFFFFF"},{"time":5,"color":"FFFFFF00"}]}},"events":[{"time":0,"name":"playEvent"}]}},"events":{"playEvent":{"string":"xulie","name":"playEvent"}}}