{
  "skeleton": {
    "width": 260.59,
    "height": 308.71,
    "fps": 24,
    "hash": " ",
    "spine": " ",
    "name": "qznn_hall_effect_1"
  },
  "bones": [

    { "name": "root" },
    {
      "name": "新手房",
      "parent": "root"
    },
    {
      "y": 43.2068,
      "name": "装饰",
      "parent": "新手房"
    },
    {
      "name": "底",
      "parent": "新手房"
    },
    {
      "x": -8.2299,
      "y": 4.3494,
      "scaleX": 0.55,
      "scaleY": 0.55,
      "name": "星光",
      "parent": "新手房"
    },
    {
      "y": -60,
      "name": "新手房字",
      "parent": "新手房"
    },
    {
      "x": 20.0876,
      "y": -0.9966,
      "scaleX": 0.47,
      "scaleY": 0.47,
      "name": "glow",
      "parent": "装饰"
    }
  ],
  "slots": [

    {
      "name": "底",
      "bone": "底",
      "attachment": "qznn_hall_card1_bg"
    },
    {
      "name": "装饰",
      "bone": "装饰",
      "attachment": "qznn_hall_card1_1"
    },
    {
      "name": "glow",
      "bone": "glow",
      "blend": "additive",
      "attachment": "DH_chakram_sharpRing_0"
    },
    {
      "name": "星光",
      "bone": "星光",
      "blend": "additive",
      "attachment": "glow_0"
    },
    {
      "name": "新手房字",
      "bone": "新手房字",
      "attachment": "qznn_hall_card1_xsf"
    }
  ],
  "skins": {
    "default": {
      "装饰": {
        "qznn_hall_card1_1": {
          "name": "qznn_hall_card1_1",
          "width": 146,
          "height": 171,
          "hull": 19,
          "triangles": [ 18, 3, 14, 14, 3, 25, 3, 24, 25, 25, 10, 11, 14, 25, 12, 13, 14, 12, 25, 11, 12, 22, 23, 24, 3, 22, 24, 25, 9, 10, 24, 9, 25, 21, 2, 18, 2, 3, 18, 24, 29, 9, 15, 18, 14, 23, 29, 24, 16, 19, 15, 19, 18, 15, 23, 8, 29, 28, 8, 23, 22, 28, 23, 19, 21, 18, 1, 2, 21, 19, 20, 21, 26, 27, 22, 27, 28, 22, 3, 26, 22, 28, 7, 8, 0, 1, 21, 20, 0, 21, 4, 26, 3, 16, 20, 19, 4, 27, 26, 17, 20, 16, 6, 7, 28, 27, 6, 28, 5, 6, 27, 17, 0, 20, 4, 5, 27 ],
          "uvs": [ 0.00034, 0.36345, 0.0976, 0.47749, 0.2113, 0.51754, 0.24726, 0.58801, 0.06199, 0.64181, 0.00034, 0.7155, 0.00034, 0.83977, 0.13288, 0.99971, 0.30993, 0.99971, 0.74555, 0.84298, 0.94589, 0.76579, 1, 0.75556, 0.99726, 0.38977, 0.82021, 0.18216, 0.73048, 0.17895, 0.55719, 0, 0.1524, 0, 0.00034, 0.12865, 0.39589, 0.22606, 0.24692, 0.08191, 0.11301, 0.17255, 0.27808, 0.28659, 0.29384, 0.68893, 0.40788, 0.78688, 0.61301, 0.8322, 0.93664, 0.69302, 0.22808, 0.65501, 0.09486, 0.71115, 0.18356, 0.86291, 0.53224, 0.91973 ],
          "edges": [ 0, 2, 2, 4, 4, 6, 6, 8, 8, 10, 10, 12, 12, 14, 14, 16, 16, 58, 18, 20, 18, 58, 20, 22, 22, 24, 24, 26, 26, 28, 28, 30, 30, 32, 32, 34, 34, 0 ],
          "vertices": [ -72.95, 23.34, -58.75, 3.86, -42.15, -2.99, -36.9, -15.04, -63.95, -24.25, -72.95, -36.85, -72.95, -58.1, -53.6, -85.45, -27.75, -85.45, 35.85, -58.65, 65.1, -45.45, 73, -43.7, 72.6, 18.84, 46.75, 54.35, 33.65, 54.9, 8.35, 85.5, -50.75, 85.5, -72.95, 63.5, -15.2, 46.85, -36.95, 71.5, -56.5, 56, -32.4, 36.5, -30.1, -32.3, -13.45, -49.05, 16.5, -56.8, 63.75, -33, -39.7, -26.5, -59.15, -36.1, -46.2, -62.05, 4.71, -71.77 ],
          "type": "mesh"
        }
      },
      "新手房字": {
        "qznn_hall_card1_xsf": {
          "name": "qznn_hall_card1_xsf",
          "width": 108,
          "height": 38
        }
      },
      "底": {
        "qznn_hall_card1_bg": {
          "name": "qznn_hall_card1_bg",
          "width": 225,
          "height": 277
        }
      },
      "星光": {
        "glow_0": {
          "name": "glow_0",
          "width": 117,
          "height": 104
        }
      },
      "glow": {
        "DH_chakram_sharpRing_0": {
          "name": "DH_chakram_sharpRing_0",
          "width": 224,
          "height": 224
        }
      }
    }
  },
  "animations": 
  {
    "newAnimation": {
      "bones": {
        "装饰": {
          "translate": [
            {
              "time": 0,
              "y": -3.3
            },
            {
              "time": 1.25,
              "y": 1.6
            },
            {
              "time": 2.5,
              "y": -3.3
            }
          ]
        },
        "glow": {
          "rotate": [
            {
              "time": 0,
              "curve": "stepped",
              "angle": 0
            },
            {
              "time": 1.25,
              "angle": -180
            },
            {
              "time": 2.0833,
              "angle": -26
            }
          ],
          "shear": [
            {
              "time": 0,
              "curve": "stepped"
            },
            { "time": 1.25 },
            { "time": 2.0833 }
          ]
        },
        "星光": {
          "translate": [
            {
              "time": 0,
              "x": 49.46,
              "y": -5.41
            }
          ],
          "rotate": [
            {
              "time": 0,
              "curve": "stepped",
              "angle": 0
            },
            {
              "time": 1.6667,
              "angle": 0
            },
            {
              "time": 2.5,
              "angle": -69
            }
          ],
          "scale": [
            {
              "time": 0,
              "curve": "stepped",
              "x": 1,
              "y": 1
            },
            {
              "time": 1.6667,
              "x": 0.02,
              "y": 0.02
            },
            {
              "time": 2.0417,
              "x": 0.45,
              "y": 0.45
            }
          ],
          "shear": [
            {
              "time": 0,
              "curve": "stepped"
            },
            { "time": 1.6667 },
            { "time": 2.5 }
          ]
        }
      },
      "slots": {
        "glow": {
          "color": [
            {
              "time": 0,
              "color": "FFFFFF00"
            },
            {
              "time": 1.25,
              "color": "FFFFFF00"
            },
            {
              "time": 1.6667,
              "color": "FFFFFFFF"
            },
            {
              "time": 2.0834,
              "color": "FFFFFF00"
            }
          ]
        },
        "星光": {
          "color": [
            {
              "time": 0,
              "color": "FFFFFF00"
            },
            {
              "time": 1.6667,
              "color": "FFFFFF00"
            },
            {
              "time": 1.7084,
              "color": "FFFFFFFF"
            },
            {
              "time": 2.0417,
              "color": "FFFFFFFF"
            },
            {
              "time": 2.5,
              "color": "FFFFFF00"
            }
          ]
        }
      },
      "deform": {
        "default": {
          "装饰": {
            "qznn_hall_card1_1": [
              {
                "time": 0,
                "offset": 59,
                "vertices": [ 0 ]
              },
              {
                "time": 1.25,
                "vertices": [ 0.55, 2.25, 0.05, 1.05, 0, 0, 0, 0, -0.55, 3.65, -2.35, 5.8, -2.3, 3.65, 1.3, 1.2, -1.15, 0.5, 0, 0, 0, 0, 0, 0, 0, 0, 0, 0, 0, 0, 0.7, 0.65, 0.85, 2, 1.1, 3.65, 0, 0, 0.5, 2.45, 1.9, 3.05, 0.8, 0.65, 0, 0, 0, 0, 0, 0, 0, 0, -0.4, 1.2, -1.1, 1.45, -0.35, 2.4, -1, 0.95 ]
              },
              {
                "time": 2.5,
                "offset": 59,
                "vertices": [ 0 ]
              }
            ]
          }
        }
      }
    }
  }}