{
  "skeleton": {
    "width": 225,
    "height": 277,
    "fps": 24,
    "hash": " ",
    "spine": " ",
    "name": "qznn_hall_effect_3"
  },"bones":[{"name":"root"},{"name":"中级房","parent":"root"},{"name":"bg","parent":"中级房"},{"x":7.1944,"y":39.8088,"name":"大筹码","parent":"中级房"},{"x":-70.0893,"y":105.3918,"name":"黑桃","parent":"中级房"},{"x":76.2818,"y":-19.173,"name":"梅花","parent":"中级房"},{"x":7.1944,"y":-11.1912,"name":"金币","parent":"中级房"},{"x":28.9176,"y":6.5166,"name":"星光","parent":"中级房"},{"x":-43.4854,"y":1.8025,"name":"星光2","parent":"中级房"},{"x":-1.7494,"y":-4.489,"name":"星光3","parent":"中级房"},{"y":-60,"name":"中级房字","parent":"中级房"},{"x":-5.156,"y":48.7218,"name":"扑克","parent":"中级房"},{"x":-5.156,"y":48.7218,"name":"扑克1","parent":"中级房"},{"x":-1.7494,"y":-4.489,"name":"星光4","parent":"中级房"},{"x":-26.3494,"y":59.211,"name":"星光5","parent":"中级房"},{"x":28.0672,"y":40.2402,"name":"牛头","parent":"中级房"}],"slots":[{"name":"bg","bone":"bg","attachment":"qznn_hall_card3_bg"},{"name":"扑克1","bone":"扑克1","attachment":"qznn_hall_card3_bg6"},{"name":"扑克","bone":"扑克","attachment":"qznn_hall_card3_bg6"},{"name":"大筹码","bone":"大筹码","attachment":"qznn_hall_card3_bg4"},{"name":"金币","bone":"金币","attachment":"qznn_hall_card3_bg5"},{"name":"星光","bone":"星光","blend":"additive","attachment":"085粒子_0"},{"name":"星光2","bone":"星光2","blend":"additive","attachment":"085粒子_0"},{"name":"星光3","bone":"星光3","blend":"additive","attachment":"085粒子_0"},{"name":"黑桃","bone":"黑桃","attachment":"qznn_hall_card3_bg2"},{"name":"梅花","bone":"梅花","attachment":"qznn_hall_card3_bg3"},{"name":"中级房字","bone":"中级房字","attachment":"qznn_hall_card3_zjf"},{"name":"星光4","bone":"星光4","blend":"additive","attachment":"085粒子_0"},{"name":"星光5","bone":"星光5","blend":"additive","attachment":"085粒子_0"},{"name":"牛头","bone":"牛头","attachment":"qznn_hall_card3_nt"}],"skins":{"default":{"牛头":{"qznn_hall_card3_nt":{"name":"qznn_hall_card3_nt","width":58,"height":65}},"金币":{"qznn_hall_card3_bg5":{"name":"qznn_hall_card3_bg5","width":122,"height":34}},"星光4":{"085粒子_0":{"name":"085粒子_0","width":59,"height":57}},"扑克":{"qznn_hall_card3_bg6":{"name":"qznn_hall_card3_bg6","width":166,"height":135}},"梅花":{"qznn_hall_card3_bg3":{"name":"qznn_hall_card3_bg3","width":36,"height":28}},"bg":{"qznn_hall_card3_bg":{"name":"qznn_hall_card3_bg","width":225,"height":277}},"星光3":{"085粒子_0":{"name":"085粒子_0","width":59,"height":57}},"星光":{"085粒子_0":{"name":"085粒子_0","width":59,"height":57}},"星光5":{"085粒子_0":{"name":"085粒子_0","width":59,"height":57}},"大筹码":{"qznn_hall_card3_bg4":{"name":"qznn_hall_card3_bg4","width":140,"height":117}},"中级房字":{"qznn_hall_card3_zjf":{"name":"qznn_hall_card3_zjf","width":106,"height":39}},"扑克1":{"qznn_hall_card3_bg6":{"name":"qznn_hall_card3_bg6","width":166,"height":135}},"黑桃":{"qznn_hall_card3_bg2":{"name":"qznn_hall_card3_bg2","width":35,"height":27}},"星光2":{"085粒子_0":{"name":"085粒子_0","width":59,"height":57}}}},"animations":{"newAnimation":{"bones":{"黑桃":{"translate":[{"time":0},{"time":1.25,"x":1.04,"y":-2.09},{"time":2.5}]},"梅花":{"translate":[{"time":0},{"time":1.0833,"x":-3.2,"y":0.64},{"time":2.5}]},"星光":{"translate":[{"time":0,"y":-5.85},{"time":1.0833,"y":-3.72}],"rotate":[{"time":0,"curve":"stepped","angle":0},{"time":0.2917,"angle":0},{"time":1.0834,"angle":-53}],"scale":[{"time":0,"curve":"stepped","x":1,"y":1},{"time":0.2917,"x":0.55,"y":0.55},{"time":0.4584,"x":0.9,"y":0.9}],"shear":[{"time":0,"curve":"stepped"},{"time":0.2917},{"time":1.0834}]},"星光2":{"translate":[{"time":0,"curve":"stepped"},{"time":0.875,"y":-3.64},{"time":1.7917}],"rotate":[{"time":0,"curve":"stepped","angle":0},{"time":0.875,"angle":-15},{"time":1.8333,"angle":41}],"scale":[{"time":0,"curve":"stepped","x":1,"y":1},{"time":0.875,"x":0.35,"y":0.35},{"time":1.2083,"x":0.8,"y":0.8}],"shear":[{"time":0,"curve":"stepped"},{"time":0.875},{"time":1.8333}]},"星光3":{"translate":[{"time":0,"curve":"stepped"},{"time":1.5417},{"time":2.5,"y":4.76}],"rotate":[{"time":0,"curve":"stepped","angle":0},{"time":1.5417,"angle":-15},{"time":2.5,"angle":-108}],"scale":[{"time":0,"curve":"stepped","x":1,"y":1},{"time":1.5417,"x":0.35,"y":0.35},{"time":1.875,"x":0.55,"y":0.55}],"shear":[{"time":0,"curve":"stepped"},{"time":1.5417},{"time":2.5}]},"扑克1":{"scale":[{"time":0,"curve":"stepped","x":1,"y":1},{"time":1.25,"x":1,"y":1},{"time":1.9583,"x":1.2,"y":1.2}]},"星光4":{"translate":[{"time":0,"curve":"stepped"},{"time":1.7917,"x":57.77,"y":-10.53},{"time":2.75,"x":57.77,"y":-1.87}],"rotate":[{"time":0,"curve":"stepped","angle":0},{"time":1.7917,"angle":-15},{"time":2.75,"angle":-108}],"scale":[{"time":0,"curve":"stepped","x":1,"y":1},{"time":1.7917,"x":0.45,"y":0.45},{"time":2.125,"x":0.55,"y":0.55}],"shear":[{"time":0,"curve":"stepped"},{"time":1.7917},{"time":2.75}]},"星光5":{"translate":[{"time":0,"curve":"stepped"},{"time":1.1667},{"time":2.5417,"x":2,"y":8}],"rotate":[{"time":0,"curve":"stepped","angle":0},{"time":1.1667,"angle":-15},{"time":2.5417,"angle":85}],"scale":[{"time":0,"curve":"stepped","x":1,"y":1},{"time":1.1667,"x":0.6,"y":0.6},{"time":1.75,"x":0.75,"y":0.75}],"shear":[{"time":0,"curve":"stepped"},{"time":1.1667},{"time":2.5417}]},"牛头":{"translate":[{"time":0,"curve":"stepped"},{"time":1.25},{"time":1.8333,"x":15.02,"y":6.78}],"scale":[{"time":0,"curve":"stepped","x":1,"y":1},{"time":1.25,"x":1,"y":1},{"time":1.8333,"x":1.4,"y":1.4}]}},"slots":{"星光":{"color":[{"time":0,"color":"FFFFFF00"},{"time":0.2917,"color":"FFFFFF00"},{"time":0.375,"color":"FFFFFFFF"},{"time":0.625,"color":"FFFFFFFF"},{"time":1.0833,"color":"FFFFFF00"}]},"星光2":{"color":[{"time":0,"color":"FFFFFF00"},{"time":0.875,"color":"FFFFFF00"},{"time":0.9583,"color":"FFFFFFFF"},{"time":1.2083,"color":"FFFFFFFF"},{"time":1.7916,"color":"FFFFFF00"}]},"星光3":{"color":[{"time":0,"color":"FFFFFF00"},{"time":1.5417,"color":"FFFFFF00"},{"time":1.625,"color":"FFFFFFFF"},{"time":1.875,"color":"FFFFFFFF"},{"time":2.4583,"color":"FFFFFF00"}]},"扑克1":{"color":[{"time":0,"color":"FFFFFF00"},{"time":1.2083,"color":"FFFFFF00"},{"time":1.25,"color":"FFFFFF99"},{"time":1.9583,"color":"FFFFFF00"}]},"星光4":{"color":[{"time":0,"color":"FFFFFF00"},{"time":1.7917,"color":"FFFFFF00"},{"time":1.875,"color":"FFFFFFFF"},{"time":2.125,"color":"FFFFFFFF"},{"time":2.7083,"color":"FFFFFF00"}]},"星光5":{"color":[{"time":0,"color":"FFFFFF00"},{"time":1.1667,"color":"FFFFFF00"},{"time":1.25,"color":"FFFFFFFF"},{"time":1.75,"color":"FFFFFFFF"},{"time":2.5417,"color":"FFFFFF00"}]},"牛头":{"color":[{"time":0,"curve":"stepped","color":"FFFFFFFF"},{"time":1.2083,"color":"FFFFFF00"},{"time":1.25,"color":"FFFFFFB3"},{"time":1.8333,"color":"FFFFFF00"}]}}}}}