{
  "skeleton": {
    "width": 225,
    "height": 277,
    "fps": 24,
    "hash": " ",
    "spine": " ",
    "name": "qznn_hall_effect_2"
  },
  "bones": [

    { "name": "root" },
    {
      "name": "初级房",
      "parent": "root"
    },
    {
      "name": "bg",
      "parent": "初级房"
    },
    {
      "x": -2.1111,
      "y": 35.4444,
      "name": "牛头",
      "parent": "初级房"
    },
    {
      "x": 5.8889,
      "y": 46.4444,
      "name": "扑克",
      "parent": "初级房"
    },
    {
      "x": -77.6111,
      "y": 33.4444,
      "name": "骰子1",
      "parent": "初级房"
    },
    {
      "x": 68.3889,
      "y": -13.5556,
      "name": "骰子2",
      "parent": "初级房"
    },
    {
      "y": -60,
      "name": "初级房字",
      "parent": "初级房"
    },
    {
      "name": "扑克扩散",
      "parent": "扑克"
    }
  ],
  "slots": [

    {
      "name": "bg",
      "bone": "bg",
      "attachment": "qznn_hall_card2_bg"
    },
    {
      "name": "扑克1",
      "bone": "扑克扩散",
      "attachment": "qznn_hall_card2_bg2"
    },
    {
      "name": "扑克",
      "bone": "扑克",
      "attachment": "qznn_hall_card2_bg2"
    },
    {
      "name": "骰子1",
      "bone": "骰子1",
      "attachment": "qznn_hall_card2_bg3"
    },
    {
      "name": "骰子2",
      "bone": "骰子2",
      "attachment": "qznn_hall_card2_bg4"
    },
    {
      "name": "牛头",
      "bone": "牛头",
      "attachment": "qznn_hall_card2_bg5"
    },
    {
      "name": "初级房字",
      "bone": "初级房字",
      "attachment": "qznn_hall_card2_cjf"
    }
  ],
  "skins": 
  {
    "default": {
      "初级房字": {
        "qznn_hall_card2_cjf": {
          "name": "qznn_hall_card2_cjf",
          "width": 109,
          "height": 39
        }
      },
      "牛头": {
        "qznn_hall_card2_bg5": {
          "name": "qznn_hall_card2_bg5",
          "width": 130,
          "height": 151
        }
      },
      "骰子2": {
        "qznn_hall_card2_bg4": {
          "name": "qznn_hall_card2_bg4",
          "width": 35,
          "height": 24
        }
      },
      "骰子1": {
        "qznn_hall_card2_bg3": {
          "name": "qznn_hall_card2_bg3",
          "width": 32,
          "height": 30
        }
      },
      "扑克": {
        "qznn_hall_card2_bg2": {
          "name": "qznn_hall_card2_bg2",
          "width": 159,
          "height": 160
        }
      },
      "扑克1": {
        "qznn_hall_card2_bg2": {
          "name": "qznn_hall_card2_bg2",
          "width": 159,
          "height": 160
        }
      },
      "bg": {
        "qznn_hall_card2_bg": {
          "name": "qznn_hall_card2_bg",
          "width": 225,
          "height": 277
        }
      }
    }
  },"animations":{"newAnimation":{"bones":{"牛头":{"scale":[{"time":0,"x":1,"y":1},{"time":1.25,"x":0.95,"y":0.95},{"time":2.5,"x":1,"y":1}]},"扑克":{"translate":[{"time":0},{"time":1.1667,"y":5.16},{"time":2.5}]},"骰子1":{"translate":[{"time":0},{"time":0.9583,"x":-1.13,"y":2.27},{"time":2.5}]},"骰子2":{"translate":[{"time":0},{"time":1.5833,"x":1.87,"y":5.55},{"time":2.5}]},"扑克扩散":{"scale":[{"time":0,"curve":"stepped","x":1,"y":1},{"time":1.2083,"x":1,"y":1},{"time":1.875,"x":1.2,"y":1.2}]}},"slots":{"扑克1":{"color":[{"time":0,"color":"FFFFFF00"},{"time":1.2083,"color":"FFFFFF00"},{"time":1.25,"color":"FFFFFF99"},{"time":1.875,"color":"FFFFFF00"}]}}}}}