{
  "skeleton": {
    "width": 1477.21,
    "height": 1102.15,
    "fps": 24,
    "hash": " ",
    "spine": " ",
    "name": "qznn_hall_effect_light"
  },"bones":[{"name":"root"},{"x":671.9425,"y":-45.6956,"name":"灯1","parent":"root"},{"x":-652.6927,"y":-57.0907,"rotation":-180,"name":"灯","parent":"root"},{"length":859,"x":11.4231,"y":-442.8889,"rotation":123.14,"name":"灯2","parent":"灯"},{"length":908,"x":-4.8176,"y":453.55,"rotation":-126.39,"name":"灯11","parent":"灯1"},{"x":377.0922,"y":-232.5565,"rotation":-123.14,"name":"灯22","parent":"灯2"},{"x":445.7534,"y":3.7111,"scaleX":1.6,"scaleY":1.05,"name":"灯12","parent":"灯11"}],"slots":[{"name":"灯12","bone":"灯12","color":"FF36FF33","blend":"additive","attachment":"803ecf9739b996386505d58b6722342b (1)"},{"name":"灯22","bone":"灯22","color":"2652FA33","blend":"additive","attachment":"803ecf9739b996386505d58b6722342b (1)"},{"name":"灯1","bone":"灯11","blend":"additive","attachment":"light_00000"},{"name":"灯","bone":"灯2","blend":"additive","attachment":"light_00000"}],"skins":{"default":{"灯":{"light_00000":{"name":"light_00000","width":187,"height":1011,"x":442.92,"y":10.34,"rotation":-90.14}},"灯1":{"light_00000":{"name":"light_00000","width":187,"height":1011,"x":453.58,"rotation":89.39}},"灯22":{"803ecf9739b996386505d58b6722342b (1)":{"name":"803ecf9739b996386505d58b6722342b (1)","width":650,"height":280,"x":-231.14,"y":-72.55,"rotation":125,"scaleX":1.55,"scaleY":1.2}},"灯12":{"803ecf9739b996386505d58b6722342b (1)":{"name":"803ecf9739b996386505d58b6722342b (1)","width":650,"height":280}}}},"animations":{"qznn_hall_effect_light1":{"bones":{"灯":{"translate":[{"time":0,"x":-17.86,"y":-75.07}]},"灯2":{"rotate":[{"time":0,"angle":0},{"time":1.25,"angle":19},{"time":4.5417,"angle":19},{"time":6.0417,"angle":0}],"shear":[{"time":0},{"time":1.25},{"time":4.5417},{"time":6.0417}]},"灯11":{"rotate":[{"time":0,"angle":9},{"time":1,"angle":-19},{"time":4.5833,"angle":-19},{"time":6.0416,"angle":9}],"shear":[{"time":0},{"time":1},{"time":4.5833},{"time":6.0416}]}},"slots":{"灯12":{"color":[{"time":0,"color":"FF36FF33"},{"time":2.5833,"color":"FF36FF1A"},{"time":4.875,"color":"FF36FF33"}]},"灯22":{"attachment":[{"time":0,"name":""}]},"灯1":{"color":[{"time":0,"color":"FFFFFF00"},{"time":1,"color":"FFFFFFFF"},{"time":2.375,"color":"FFFFFF7F"},{"time":4.5833,"color":"FFFFFFFF"},{"time":6.0416,"color":"FFFFFF00"}]},"灯":{"attachment":[{"time":0,"name":""}],"color":[{"time":0,"color":"FFFFFF00"},{"time":1.25,"color":"FFFFFFFF"},{"time":3.25,"color":"FFFFFF9E"},{"time":4.5833,"color":"FFFFFFFF"},{"time":5.4166,"color":"FFFFFF9E"},{"time":6.0416,"color":"FFFFFF00"}]}}},"qznn_hall_effect_light2":{"bones":{"灯2":{"rotate":[{"time":0,"angle":0},{"time":1.25,"angle":19},{"time":4.5417,"angle":19},{"time":6.0417,"angle":0}],"shear":[{"time":0},{"time":1.25},{"time":4.5417},{"time":6.0417}]}},"slots":{"灯12":{"attachment":[{"time":0,"name":""}]},"灯1":{"attachment":[{"time":0,"name":""}]},"灯":{"color":[{"time":0,"color":"FFFFFF00"},{"time":1.25,"color":"FFFFFFFF"},{"time":3.25,"color":"FFFFFF9E"},{"time":4.5833,"color":"FFFFFFFF"},{"time":5.4166,"color":"FFFFFF9E"},{"time":6.0416,"color":"FFFFFF00"}]}}}}}