{
  "skeleton": {
    "width": 225,
    "height": 288.23,
    "fps": 12,
    "hash": " ",
    "spine": " ",
    "name": "qznn_hall_effect_6"
  },"bones":[{"name":"root"},{"name":"王者房","parent":"root"},{"name":"bg","parent":"王者房"},{"y":45.7349,"name":"奖杯","parent":"王者房"},{"y":5.7349,"name":"装饰","parent":"王者房"},{"y":35,"name":"粒子","parent":"王者房"},{"x":51.5159,"y":-18.5278,"name":"装饰小马","parent":"王者房"},{"x":25.439,"y":93.1811,"name":"glow","parent":"王者房"},{"x":-67.8293,"y":-1.9935,"name":"条带左","parent":"王者房"},{"x":68.7178,"y":4.9024,"name":"条带右","parent":"王者房"},{"y":-60,"name":"王者房字","parent":"王者房"}],"slots":[{"name":"bg","bone":"bg","attachment":"qznn_hall_card6_bg"},{"name":"粒子","bone":"粒子","attachment":"粒子"},{"name":"奖杯","bone":"奖杯","attachment":"qznn_hall_card6_bg4"},{"name":"装饰","bone":"装饰","blend":"additive","attachment":"qznn_hall_card6_bg6"},{"name":"装饰小马","bone":"装饰小马","attachment":"qznn_hall_card6_bg5"},{"name":"glow","bone":"glow","blend":"additive","attachment":"qznn_hall_card1_guang_0"},{"name":"条带左","bone":"条带左","attachment":"qznn_hall_card6_bg2"},{"name":"条带右","bone":"条带右","attachment":"qznn_hall_card6_bg3"},{"name":"王者房字","bone":"王者房字","attachment":"qznn_hall_card6_wzf"}],"skins":{"default":{"条带右":{"qznn_hall_card6_bg3":{"name":"qznn_hall_card6_bg3","width":51,"height":67,"hull":16,"triangles":[9,19,8,19,20,8,21,6,7,20,21,7,8,20,7,10,19,9,4,21,20,21,5,6,10,22,19,4,5,21,19,3,20,3,4,20,2,3,19,22,2,19,18,22,10,11,18,10,1,2,22,18,1,22,18,0,1,16,12,13,17,18,11,12,17,11,17,0,18,14,16,13,16,17,12,15,17,16,14,15,16,15,0,17],"uvs":[0,0.36493,0.32549,0.5791,0.47255,0.64478,0.58725,0.75896,0.62941,0.85149,0.57843,0.99776,0.83039,0.99776,1,0.82687,1,0.57239,0.89706,0.4597,0.58922,0.36418,0.28235,0.2403,0.2098,0.10224,0.25882,0,0.05588,0,0,0.06567,0.14294,0.04684,0.12039,0.1946,0.23804,0.36028,0.68117,0.58863,0.76451,0.75281,0.76059,0.9058,0.48495,0.48757],"edges":[0,2,2,4,4,6,6,8,8,10,10,12,12,14,14,16,16,18,18,20,20,22,22,24,24,26,26,28,28,30,30,0],"vertices":[-25.5,9.05,-8.9,-5.3,-1.4,-9.7,4.45,-17.35,6.6,-23.55,4,-33.35,16.85,-33.35,25.5,-21.9,25.5,-4.85,20.25,2.7,4.55,9.1,-11.1,17.4,-14.8,26.65,-12.3,33.5,-22.65,33.5,-25.5,29.1,-18.21,30.36,-19.36,20.46,-13.36,9.36,9.24,-5.94,13.49,-16.94,13.29,-27.19,-0.77,0.83],"type":"mesh"}},"奖杯":{"qznn_hall_card6_bg4":{"name":"qznn_hall_card6_bg4","width":197,"height":180}},"王者房字":{"qznn_hall_card6_wzf":{"name":"qznn_hall_card6_wzf","width":108,"height":38}},"装饰":{"qznn_hall_card6_bg6":{"name":"qznn_hall_card6_bg6","width":185,"height":288}},"条带左":{"qznn_hall_card6_bg2":{"name":"qznn_hall_card6_bg2","width":63,"height":74,"hull":20,"triangles":[21,23,22,22,23,0,23,1,0,18,20,19,20,22,19,22,0,19,17,20,18,23,24,1,20,21,22,24,2,1,20,16,21,21,24,23,17,16,20,16,15,21,15,14,21,14,24,21,28,5,4,14,11,24,11,25,24,25,2,24,25,26,2,26,3,2,26,27,3,13,11,14,3,28,4,11,26,25,27,28,3,10,26,11,13,12,11,27,5,28,26,6,27,6,5,27,10,6,26,10,9,6,9,8,6,8,6,7],"uvs":[1,0.37162,0.86587,0.5223,0.64762,0.63108,0.4746,0.87635,0.54048,1,0.19048,1,0.20238,0.75743,0.02143,1,0,0.88784,0,0.67568,0.10952,0.52162,0.34841,0.40135,0.24841,0.34122,0.30873,0.27568,0.52937,0.19932,0.59603,0.09324,0.66905,0.05405,0.72698,0,0.94921,0,0.99286,0.04932,0.82348,0.07867,0.8181,0.22586,0.92507,0.17259,0.84808,0.34083,0.71316,0.42597,0.51316,0.56921,0.33618,0.67732,0.32586,0.80435,0.37427,0.96583],"edges":[0,2,2,4,4,6,6,8,8,10,10,12,12,14,14,16,16,18,18,20,20,22,22,24,24,26,26,28,28,30,30,32,32,34,34,36,36,38,38,0],"vertices":[31.5,9.5,23.05,-1.65,9.3,-9.7,-1.6,-27.85,2.55,-37,-19.5,-37,-18.75,-19.05,-30.15,-37,-31.5,-28.7,-31.5,-13,-24.6,-1.6,-9.55,7.3,-15.85,11.75,-12.05,16.6,1.85,22.25,6.05,30.1,10.65,33,14.3,37,28.3,37,31.05,33.35,20.38,31.18,19.68,20.18,26.78,24.23,21.93,11.78,13.43,5.48,0.83,-5.12,-10.32,-13.12,-10.97,-22.52,-7.92,-34.47],"type":"mesh"}},"glow":{"qznn_hall_card1_guang_0":{"name":"qznn_hall_card1_guang_0","width":120,"height":106,"x":2.29,"y":-0.57}},"bg":{"qznn_hall_card6_bg":{"name":"qznn_hall_card6_bg","width":225,"height":277}},"装饰小马":{"qznn_hall_card6_bg5":{"name":"qznn_hall_card6_bg5","width":43,"height":55}}}},"animations":{"newAnimation":{"bones":{"装饰":{"translate":[{"time":0},{"time":1.0833,"y":2.01},{"time":4}]},"glow":{"translate":[{"time":0,"curve":"stepped"},{"time":2.0833,"x":-7.46},{"time":3.1666}],"scale":[{"time":0,"curve":"stepped","x":1,"y":1},{"time":2.0833,"x":0.2,"y":0.5},{"time":2.75,"x":1,"y":0.5}]},"条带左":{"translate":[{"time":0,"x":-1.7,"y":11.37}]},"条带右":{"translate":[{"time":0,"x":1.78,"y":11.28}]}},"slots":{"glow":{"color":[{"time":0,"color":"FFFFFF00"},{"time":2.0833,"color":"FFFFFF00"},{"time":2.25,"color":"FFFFFFFF"},{"time":2.75,"color":"FFFFFFFF"},{"time":3.5,"color":"FFFFFF00"}]}},"deform":{"default":{"条带右":{"qznn_hall_card6_bg3":[{"time":0,"offset":45,"vertices":[0]},{"time":2,"offset":2,"vertices":[1.8,0.7,3.6,1.45,2.2,1.85,0.4,1.75,1.4,2.4,0,1.4,0.45,5.75,0.3,1.9,0.9,2.75,0.95,1.7,0,0,0,0,0,0,0,0,0,0,0,0,1.8,0.15,2.55,1.65,1.75,1.4,1.85,1.9,1.45,2.4,2.3,1.45]},{"time":4,"offset":45,"vertices":[0]}]},"条带左":{"qznn_hall_card6_bg2":[{"time":0,"offset":57,"vertices":[0]},{"time":2,"offset":4,"vertices":[-1.2,1,-0.95,2.5,-0.85,3.5,-1.55,2.95,-2.25,2.5,1.25,2.8,-1.1,0.3,-0.75,0,-2.8,2.45,-3.95,1.8,-4,5.2,-1.55,3.2,-0.8,0.35,0,0,0,0,0,0,0,0,0,0,0,0,0,0,0,0,-0.2,2,-4.05,2.1,-2.05,2.4,-1.8,1.45,-1.7,0.15,-1.2,3.9]},{"time":4,"offset":57,"vertices":[0]}]}}}}}}