{
  "skeleton": {
    "width": 225,
    "height": 286,
    "fps": 24,
    "hash": " ",
    "spine": " ",
    "name": "qznn_hall_effect_5"
  },"bones":[{"name":"root"},{"name":"至尊房","parent":"root"},{"name":"bg","parent":"至尊房"},{"y":40,"name":"奖杯","parent":"至尊房"},{"x":-47.8253,"y":82.6915,"name":"装饰","parent":"至尊房"},{"y":35,"name":"粒子","parent":"至尊房"},{"name":"glow","parent":"至尊房"},{"y":-60,"name":"文字","parent":"至尊房"}],"slots":[{"name":"bg","bone":"bg","attachment":"qznn_hall_card5_bg"},{"name":"粒子","bone":"粒子","attachment":"glow"},{"name":"奖杯","bone":"奖杯","attachment":"qznn_hall_card5_bg2"},{"name":"装饰","bone":"装饰","blend":"additive","attachment":"qznn_hall_card5_bg3"},{"name":"glow","bone":"glow","blend":"additive","attachment":"qznn_hall_card1_guang_0"},{"name":"文字","bone":"文字","attachment":"qznn_hall_card5_zzf"}],"skins":{"default":{"奖杯":{"qznn_hall_card5_bg2":{"name":"qznn_hall_card5_bg2","width":180,"height":156}},"bg":{"qznn_hall_card5_bg":{"name":"qznn_hall_card5_bg","width":225,"height":277}},"文字":{"qznn_hall_card5_zzf":{"name":"qznn_hall_card5_zzf","width":107,"height":38}},"glow":{"qznn_hall_card1_guang_0":{"name":"qznn_hall_card1_guang_0","width":120,"height":106}},"装饰":{"qznn_hall_card5_bg3":{"name":"qznn_hall_card5_bg3","width":69,"height":84}}}},"animations":{"newAnimation":{"bones":{"装饰":{"translate":[{"time":0},{"time":1.4583,"y":-6.91},{"time":2.9166}]},"glow":{"translate":[{"time":0,"curve":"stepped"},{"time":1.0417,"x":12.93,"y":31.9},{"time":1.875,"x":25.3,"y":31.9}],"scale":[{"time":0,"curve":"stepped","x":1,"y":1},{"time":1.0417,"x":0.2,"y":0.5},{"time":1.4167,"x":1,"y":0.5}]}},"slots":{"glow":{"color":[{"time":0,"color":"FFFFFF00"},{"time":1.0417,"color":"FFFFFF00"},{"time":1.25,"color":"FFFFFFFF"},{"time":1.6667,"color":"FFFFFFFF"},{"time":2.0834,"color":"FFFFFF00"}]}}}}}