{"skeleton":{"hash":"nIi3xH5hHkGTHbTVtXlQmRMV9g4","spine":"3.7.94","width":1348.11,"height":772.72,"images":"","audio":""},"bones":[{"name":"root"},{"name":"huodongjuesedaiji_29","parent":"root","rotation":-98.06,"x":-4.84,"y":284.33},{"name":"huodongjuesedaiji_12","parent":"huodongjuesedaiji_29","length":71.39,"x":3.01,"y":3.53},{"name":"huodongjuesedaiji_09","parent":"huodongjuesedaiji_29","length":69.95,"rotation":171.82,"x":-0.69,"y":4.66},{"name":"huodongjuesedaiji_10","parent":"huodongjuesedaiji_09","x":68.31,"y":39.39},{"name":"huodongjuesedaiji_9","parent":"huodongjuesedaiji_09","x":92.33,"y":-38.88},{"name":"huodongjuesedaiji_11","parent":"huodongjuesedaiji_12","length":60.91,"rotation":26.67,"x":75.8,"y":2.41},{"name":"huodongjuesedaiji_14","parent":"huodongjuesedaiji_11","length":59.32,"rotation":-11.77,"x":59.42,"y":1.12},{"name":"huodongjuesedaiji_13","parent":"huodongjuesedaiji_14","length":58.34,"rotation":-8.58,"x":57.33,"y":3.2},{"name":"huodongjuesedaiji_07","parent":"huodongjuesedaiji_09","length":126.63,"rotation":148.78,"x":120.24,"y":92.91},{"name":"huodongjuesedaiji_8","parent":"huodongjuesedaiji_07","length":99.94,"rotation":100.51,"x":124.86,"y":-0.98},{"name":"huodongjuesedaiji_7","parent":"huodongjuesedaiji_8","length":52.16,"rotation":-84.02,"x":101.99,"y":-1.66},{"name":"huodongjuesedaiji_16","parent":"huodongjuesedaiji_09","length":139.48,"rotation":-166.65,"x":148.09,"y":-14.12},{"name":"huodongjuesedaiji_15","parent":"huodongjuesedaiji_16","length":108.31,"rotation":147.98,"x":146.27,"y":4.82},{"name":"huodongjuesedaiji_18","parent":"huodongjuesedaiji_15","length":50.56,"rotation":18.76,"x":103.54,"y":-0.99},{"name":"huodongjuesedaiji_19","parent":"huodongjuesedaiji_16","length":52.2,"rotation":2.89,"x":159.09,"y":22.06},{"name":"huodongjuesedaiji_17","parent":"huodongjuesedaiji_19","length":66.36,"rotation":-24.15,"x":46.98,"y":0.52},{"name":"huodongjuesedaiji_21","parent":"huodongjuesedaiji_17","length":63.99,"rotation":-9.54,"x":67.31,"y":0.43},{"name":"huodongjuesedaiji_22","parent":"huodongjuesedaiji_16","length":58.26,"rotation":-33.37,"x":155.14,"y":-3.23},{"name":"huodongjuesedaiji_20","parent":"huodongjuesedaiji_22","length":61.79,"rotation":27.51,"x":57.84,"y":-0.31},{"name":"huodongjuesedaiji_23","parent":"huodongjuesedaiji_12","length":179.81,"rotation":28.44,"x":81.36,"y":-68.61},{"name":"huodongjuesedaiji_25","parent":"huodongjuesedaiji_23","length":35.11,"rotation":-55,"x":178.76,"y":1.12},{"name":"huodongjuesedaiji_08","parent":"huodongjuesedaiji_12","length":73.61,"rotation":35.71,"x":37.86,"y":-56.59},{"name":"huodongjuesedaiji_26","parent":"huodongjuesedaiji_08","length":82.84,"rotation":6.04,"x":74.16,"y":-0.29},{"name":"huodongjuesedaiji_24","parent":"huodongjuesedaiji_26","length":75.65,"rotation":4.31,"x":80.78,"y":1.38},{"name":"huodongjuesedaiji_06","parent":"huodongjuesedaiji_09","length":76.38,"rotation":32.42,"x":176.62,"y":51.75},{"name":"huodongjuesedaiji_02","parent":"huodongjuesedaiji_06","length":34.75,"rotation":0.44,"x":79.05,"y":-0.61},{"name":"huodongjuesedaiji_3","parent":"huodongjuesedaiji_02","length":32.79,"rotation":149.34,"x":16.11,"y":22.68},{"name":"huodongjuesedaiji_2","parent":"huodongjuesedaiji_3","length":50.29,"rotation":-4.4,"x":34.35,"y":-0.12},{"name":"huodongjuesedaiji_5","parent":"huodongjuesedaiji_2","length":51.06,"rotation":-12.62,"x":51.86},{"name":"huodongjuesedaiji_4","parent":"huodongjuesedaiji_5","length":58.7,"rotation":2.76,"x":49.1,"y":-0.6},{"name":"huodongjuesedaiji_31","parent":"huodongjuesedaiji_02","length":41.44,"rotation":168.88,"x":-33.37,"y":-33.61},{"name":"huodongjuesedaiji_32","parent":"huodongjuesedaiji_31","length":43.57,"rotation":5.68,"x":39.13,"y":-3.27},{"name":"huodongjuesedaiji_6","parent":"huodongjuesedaiji_32","length":32.67,"rotation":45.61,"x":42.79,"y":-1.37},{"name":"huodongjuesedaiji_04","parent":"huodongjuesedaiji_06","length":44.61,"rotation":135.31,"x":106.73,"y":20.82},{"name":"huodongjuesedaiji_34","parent":"huodongjuesedaiji_04","length":48.95,"rotation":14.2,"x":47.47,"y":-1.2},{"name":"huodongjuesedaiji_01","parent":"huodongjuesedaiji_06","length":40.01,"rotation":156.39,"x":73.89,"y":17.65},{"name":"huodongjuesedaiji_33","parent":"huodongjuesedaiji_01","length":34.42,"rotation":-20.67,"x":40.06,"y":-0.34},{"name":"huodongjuesedaiji_1","parent":"huodongjuesedaiji_33","length":39.21,"rotation":-0.26,"x":33.06,"y":-1.12},{"name":"huodongjuesedaiji_36","parent":"huodongjuesedaiji_1","length":40.03,"rotation":-9.98,"x":37.92,"y":1.66},{"name":"huodongjuesedaiji_37","parent":"huodongjuesedaiji_06","length":41.73,"rotation":177.86,"x":-68.08,"y":91.46},{"name":"huodongjuesedaiji_35","parent":"huodongjuesedaiji_37","length":42.41,"rotation":-1.51,"x":43.51,"y":-0.45},{"name":"huodongjuesedaiji_03","parent":"huodongjuesedaiji_36","length":55.42,"rotation":36.15,"x":26.31,"y":-2.21},{"name":"huodongjuesedaiji_39","parent":"huodongjuesedaiji_03","length":43.59,"rotation":-28.12,"x":55.37,"y":1.42},{"name":"huodongjuesedaiji_28","parent":"huodongjuesedaiji_12","length":46.02,"rotation":-12.79,"x":21.33,"y":-66.65},{"name":"huodongjuesedaiji_27","parent":"huodongjuesedaiji_28","length":52.74,"rotation":21.41,"x":43.74,"y":0.23},{"name":"huodongjuesedaiji_30","parent":"huodongjuesedaiji_27","length":67.2,"rotation":12.21,"x":44.04,"y":1.11},{"name":"bone","parent":"root","x":553.68,"y":302.2,"scaleX":0.8,"scaleY":0.8},{"name":"zhuce_guang_05","parent":"root","length":118.66,"rotation":-177.92,"x":62.56,"y":456.62},{"name":"zhuce_guang_02","parent":"root","length":49.26,"rotation":1.74,"x":144.18,"y":465.48},{"name":"zhuce_guang_5","parent":"root","length":118.66,"rotation":-177.92,"x":485.31,"y":301.57},{"name":"zhuce_guang_04","parent":"root","length":78.11,"rotation":0.81,"x":547.64,"y":303.76},{"name":"zhuce_guang_03","parent":"root","length":76.21,"rotation":2.32,"x":330.18,"y":234.13},{"name":"zhuce_guang_6","parent":"root","length":118.66,"rotation":-179.1,"x":267.69,"y":231.73},{"name":"bone2","parent":"root","x":140.6,"y":458.22}],"slots":[{"name":"zcs_bg","bone":"root","attachment":"zcs_bg"},{"name":"huodongjuesedaiji_14","bone":"huodongjuesedaiji_20","attachment":"huodongjuesedaiji_14"},{"name":"huodongjuesedaiji_13","bone":"huodongjuesedaiji_18","attachment":"huodongjuesedaiji_13"},{"name":"huodongjuesedaiji_12","bone":"huodongjuesedaiji_30","attachment":"huodongjuesedaiji_12"},{"name":"huodongjuesedaiji_11","bone":"huodongjuesedaiji_25","attachment":"huodongjuesedaiji_11"},{"name":"huodongjuesedaiji_10","bone":"huodongjuesedaiji_35","attachment":"huodongjuesedaiji_10"},{"name":"huodongjuesedaiji_09","bone":"huodongjuesedaiji_13","attachment":"huodongjuesedaiji_09"},{"name":"huodongjuesedaiji_08","bone":"huodongjuesedaiji_24","attachment":"huodongjuesedaiji_08"},{"name":"huodongjuesedaiji_07","bone":"huodongjuesedaiji_7","attachment":"huodongjuesedaiji_07"},{"name":"huodongjuesedaiji_06","bone":"huodongjuesedaiji_06","attachment":"huodongjuesedaiji_06"},{"name":"huodongjuesedaiji_05","bone":"huodongjuesedaiji_06","attachment":"huodongjuesedaiji_05"},{"name":"huodongjuesedaiji_04","bone":"huodongjuesedaiji_34","attachment":"huodongjuesedaiji_04"},{"name":"huodongjuesedaiji_03","bone":"huodongjuesedaiji_39","attachment":"huodongjuesedaiji_03"},{"name":"huodongjuesedaiji_02","bone":"huodongjuesedaiji_6","attachment":"huodongjuesedaiji_02"},{"name":"huodongjuesedaiji_01","bone":"huodongjuesedaiji_36","attachment":"huodongjuesedaiji_01"},{"name":"choukahuode_03","bone":"bone","attachment":"choukahuode_03","blend":"additive"},{"name":"choukahuode_3","bone":"bone2","attachment":"choukahuode_03","blend":"additive"},{"name":"zhuce_guang_02","bone":"zhuce_guang_02","attachment":"zhuce_guang_02"},{"name":"zhuce_guang_03","bone":"zhuce_guang_03","attachment":"zhuce_guang_03"},{"name":"zhuce_guang_04","bone":"zhuce_guang_04","attachment":"zhuce_guang_04"},{"name":"zhuce_guang_05","bone":"zhuce_guang_05","attachment":"zhuce_guang_05","blend":"additive"},{"name":"zhuce_guang_6","bone":"zhuce_guang_6","attachment":"zhuce_guang_05","blend":"additive"},{"name":"zhuce_guang_5","bone":"zhuce_guang_5","attachment":"zhuce_guang_05","blend":"additive"}],"skins":{"default":{"choukahuode_03":{"choukahuode_03":{"x":-5.24,"y":-4.77,"scaleX":0.5,"scaleY":0.5,"width":274,"height":259}},"choukahuode_3":{"choukahuode_03":{"x":-5.24,"y":-4.77,"scaleX":0.5,"scaleY":0.5,"width":274,"height":259}},"huodongjuesedaiji_01":{"huodongjuesedaiji_01":{"type":"mesh","uvs":[0.76443,0,0.74628,0.07253,0.71905,0.15991,0.68577,0.24953,0.595,0.29658,0.46187,0.31675,0.32874,0.31675,0.20469,0.33467,0.06249,0.33243,0,0.36828,0,0.45118,0.05341,0.5408,0.08972,0.61025,0.05341,0.71108,0.02315,0.8343,0.03223,0.91944,0.22284,0.98218,0.36202,0.99562,0.53146,1,0.70997,0.96425,0.77212,0.89833,0.82192,0.84551,0.90664,0.76933,0.9853,0.68419,1,0.58113,1,0.48703,0.9732,0.39517,0.80982,0.25177,0.82797,0.17784,0.83705,0.07477,0.84612,8.4E-4],"triangles":[21,20,10,22,21,8,19,13,12,16,15,14,16,14,13,19,11,20,13,17,16,13,18,17,19,18,13,10,20,11,19,12,11,6,5,24,9,8,21,7,6,23,7,22,8,10,9,21,4,3,27,26,4,27,4,26,25,5,4,25,5,25,24,23,6,24,22,7,23,29,0,30,1,0,29,28,1,29,2,1,28,27,2,28,3,2,27],"vertices":[1,36,-3.15,-2.88,1,1,36,8.49,-3.5,1,2,36,22.59,-4.88,0.99017,37,-14.74,-10.41,0.00983,3,36,37.14,-6.9,0.03235,37,-0.41,-7.17,0.96217,38,-33.44,-6.21,0.00548,3,37,11.15,-13.04,0.77441,38,-21.86,-12.02,0.22558,39,-56.5,-23.83,1.0E-5,2,37,21.3,-25.27,0.14662,38,-11.65,-24.21,0.85338,2,37,28.63,-39.01,0.00289,38,-4.25,-37.92,0.99711,1,38,5.14,-49.34,1,1,38,12.73,-64.15,1,2,38,21.19,-67.89,0.99968,39,-4.42,-71.4,3.2E-4,2,38,32.71,-61.67,0.98981,39,5.85,-63.27,0.01019,2,38,42.2,-49.44,0.92004,39,13.07,-49.58,0.07996,2,38,49.84,-40.49,0.72749,39,19.05,-39.44,0.27251,2,38,65.88,-36.66,0.32165,39,34.17,-32.89,0.67835,2,38,84.69,-30.52,0.05681,39,51.64,-23.58,0.94319,2,38,96.02,-23.2,0.00876,39,61.53,-14.4,0.99124,2,37,127.21,-0.41,5.0E-5,39,55.46,9.23,0.99995,2,37,121.41,14.95,0.0077,39,47.03,23.32,0.9923,2,37,112.68,32.77,0.04942,39,35.27,39.3,0.95058,3,36,148.75,10.51,1.0E-5,37,97.86,48.53,0.12726,39,17.88,52.17,0.87273,3,36,137.48,16.37,7.3E-4,37,85.25,50.04,0.19457,39,5.2,51.41,0.80471,3,36,128.45,21.07,0.00316,37,75.14,51.24,0.28515,39,-4.96,50.8,0.71169,3,36,115.23,29.34,0.01243,37,59.86,54.32,0.44977,39,-20.55,51.11,0.5378,3,36,100.7,36.73,0.02972,37,43.65,56.1,0.58953,39,-36.81,49.98,0.38076,3,36,84.34,36.33,0.06382,37,28.48,49.94,0.69176,39,-50.65,41.22,0.24442,3,36,69.59,34.4,0.12842,37,15.37,42.94,0.73571,39,-62.31,32,0.13587,3,36,55.61,29.42,0.23758,37,4.04,33.33,0.69651,39,-71.74,20.53,0.06591,2,36,35.61,7.53,0.99928,39,-77.65,-8.51,7.2E-4,1,36,23.75,8.13,1,1,36,7.47,7.08,1,1,36,-4.25,6.62,1],"hull":31,"edges":[0,2,2,4,4,6,6,8,8,10,10,12,12,14,14,16,16,18,18,20,20,22,22,24,24,26,26,28,28,30,30,32,32,34,34,36,36,38,42,44,44,46,46,48,48,50,50,52,52,54,54,56,56,58,58,60,0,60,2,58,4,56,6,54,8,52,50,10,12,48,46,14,16,44,18,42,38,40,40,42,20,40,22,38,24,38,26,36,28,32,34,26],"width":117,"height":158}},"huodongjuesedaiji_02":{"huodongjuesedaiji_02":{"type":"mesh","uvs":[0.54991,0.00935,0.66998,0.01101,0.76568,0.03591,0.8057,0.08404,0.86486,0.15208,0.90663,0.23009,0.93969,0.31971,0.87357,0.39273,0.86138,0.48733,0.85943,0.54789,0.8579,0.59521,0.88227,0.65496,0.95187,0.64666,1,0.67156,0.97797,0.72301,0.95709,0.79935,0.8666,0.7645,0.81962,0.71803,0.77264,0.65828,0.75524,0.55372,0.76046,0.48567,0.75872,0.41265,0.7361,0.33299,0.72218,0.26328,0.68216,0.21847,0.61603,0.21681,0.58471,0.24336,0.53773,0.24502,0.54469,0.32303,0.51337,0.40103,0.46987,0.47904,0.41766,0.5587,0.40318,0.60151,0.38286,0.6616,0.34632,0.73628,0.34196,0.77872,0.33762,0.82093,0.36016,0.84828,0.3759,0.8674,0.48901,0.87901,0.4194,0.92549,0.36894,0.97196,0.28368,1,0.14273,1,0.06269,0.99353,1.0E-5,0.88933,0,0.75037,0.07424,0.66075,0.16224,0.6022,0.20405,0.56162,0.24943,0.51756,0.27755,0.48442,0.32718,0.42593,0.36372,0.32137,0.38221,0.26342,0.40026,0.20685,0.40896,0.10395,0.46813,0.01267],"triangles":[48,49,34,35,48,34,47,48,35,36,47,35,46,47,36,45,46,36,45,36,37,40,38,39,38,42,37,41,38,40,44,45,37,37,43,44,37,42,43,38,41,42,32,51,31,50,51,32,33,50,32,49,50,33,34,49,33,28,53,54,29,53,28,52,53,29,30,52,29,31,52,30,51,52,31,27,56,0,55,56,27,54,55,27,28,54,27,18,10,11,17,18,11,14,12,13,16,17,11,16,11,12,14,16,12,15,16,14,8,20,21,9,20,8,19,20,9,10,19,9,18,19,10,7,22,6,21,22,7,7,8,21,25,0,1,24,1,2,24,2,3,24,3,4,25,1,24,25,27,0,0,56,57,26,27,25,23,24,4,23,4,5,22,23,5,22,5,6],"vertices":[1,26,48.73,-1.87,1,1,26,40.56,-27.87,1,1,26,28.66,-46.99,1,1,26,15.09,-52.42,1,1,26,-4.27,-60.66,1,1,26,-24.77,-64.43,1,2,26,-47.36,-65.52,9.2E-4,31,7.57,34.01,0.99908,1,31,23.43,17.41,1,2,31,45.58,12.49,0.88174,32,7.97,15.05,0.11826,2,31,59.88,10.67,0.17946,32,22.03,11.82,0.82054,2,31,71.06,9.24,0.01236,32,33.01,9.3,0.98764,2,32,48.03,11.97,0.12609,33,13.19,5.58,0.87391,1,33,25.33,15.89,1,1,33,37.72,16.91,1,1,33,40.24,3.93,1,1,33,46.22,-13.87,1,1,33,24.49,-18.18,1,1,33,9.51,-14.76,1,1,33,-7.2,-8.71,1,2,32,18.8,-11.65,0.94755,33,-24.13,9.95,0.05245,1,32,3.14,-7.35,1,3,26,-56.8,-19.83,0.648,31,25.65,-9,0.24556,32,-13.98,-4.36,0.10644,3,26,-37.17,-20.34,0.63925,31,6.28,-12.29,0.36013,32,-33.58,-5.72,6.2E-4,1,26,-20.36,-22.05,1,1,26,-7.55,-16.4,1,2,26,-2.88,-2.13,0.98165,31,-23.86,-36.77,0.01835,2,26,-6.9,6.49,0.78806,27,11.53,25.66,0.21194,3,26,-4.23,16.82,0.28061,27,14.5,15.41,0.71683,28,-20.98,13.96,0.00255,3,26,-22.47,20.62,0.01389,27,32.13,21.44,0.656,28,-3.87,21.33,0.33011,2,27,51.87,19.05,0.05231,28,15.99,20.45,0.94769,1,28,36.73,16.96,1,2,28,58.46,11.71,0.06546,29,3.88,12.87,0.93454,1,29,14.3,15.31,1,1,29,28.93,18.74,1,2,29,48.44,20.8,0.78961,30,0.37,21.41,0.21039,2,29,57.6,25.16,0.40033,30,9.73,25.32,0.59967,2,29,66.71,29.5,0.1414,30,19.05,29.22,0.8586,2,29,69.65,37.24,0.04955,30,22.35,36.81,0.95045,2,29,71.7,42.65,0.01951,30,24.66,42.11,0.98049,1,30,14.93,66.03,1,2,29,78.45,58.24,8.9E-4,30,32.15,57.36,0.99911,1,30,47.32,52.52,1,1,30,62.38,38.64,1,1,30,77.54,10.47,1,1,30,84.8,-6.25,1,1,30,69.71,-30.54,1,1,30,40.6,-46.22,1,1,30,13.83,-41.5,1,3,28,86.62,-40.02,0.00598,29,42.66,-31.46,0.15662,30,-7.91,-30.51,0.83741,3,28,74.45,-34.07,0.05302,29,29.49,-28.31,0.49105,30,-20.92,-26.74,0.45593,3,28,61.25,-27.62,0.2649,29,15.19,-24.9,0.60027,30,-35.03,-22.64,0.13483,3,28,51.75,-24.05,0.62152,29,5.14,-23.5,0.33805,30,-45.01,-20.76,0.04042,2,28,34.98,-17.77,0.99941,30,-62.6,-17.44,5.9E-4,2,27,41.71,-18.51,0.0033,28,8.75,-17.77,0.9967,2,27,27.31,-17.78,0.34808,28,-5.66,-18.15,0.65192,2,27,13.26,-17.07,0.84784,28,-19.73,-18.52,0.15216,3,26,36.31,35.23,0.18061,27,-10.98,-21.09,0.81878,28,-43.59,-24.39,6.1E-4,2,26,53.28,16.15,0.72412,27,-35.31,-13.33,0.27588],"hull":58,"edges":[0,2,2,4,4,6,6,8,8,10,10,12,12,14,14,16,20,22,22,24,24,26,26,28,28,30,30,32,32,34,34,36,36,38,38,40,40,42,42,44,44,46,46,48,48,50,50,52,52,54,54,56,56,58,58,60,60,62,66,68,76,78,78,80,80,82,82,84,84,86,86,88,88,90,90,92,92,94,94,96,104,106,110,112,112,114,0,114,54,110,106,108,108,110,56,108,106,58,60,104,100,102,102,104,62,102,62,64,64,66,100,64,96,98,98,100,66,98,96,68,68,70,70,72,94,70,72,92,72,74,74,76,74,90,76,84,74,88,86,74,76,82,76,80,48,4,2,50,50,0,46,8,48,6,46,10,44,12,14,42,16,40,16,18,18,20,38,18,20,36,22,34,24,32,32,28,24,28],"width":227,"height":238}},"huodongjuesedaiji_03":{"huodongjuesedaiji_03":{"type":"mesh","uvs":[0.44076,0.01255,0.25252,0.12684,0.18338,0.31361,0.19106,0.46972,0.07582,0.53383,0,0.66764,0.04893,0.82653,0.1296,1,0.41771,1,0.68661,0.93525,0.88637,0.80144,1,0.676,1,0.46693,0.93246,0.29967,0.78649,0.10175,0.6674,0],"triangles":[3,12,11,4,3,11,10,4,11,5,4,10,9,6,5,10,9,5,8,7,6,9,8,6,14,1,0,14,0,15,2,1,14,2,14,13,3,2,13,3,13,12],"vertices":[1,42,-6.41,-10.3,1,1,42,7.09,-25.23,1,2,42,28.39,-30.08,0.99597,43,-8.94,-40.5,0.00403,2,42,46,-28.78,0.79138,43,5.97,-31.05,0.20862,2,42,53.6,-37.94,0.5051,43,16.99,-35.55,0.4949,2,42,68.95,-43.57,0.25497,43,33.18,-33.28,0.74503,2,42,86.74,-38.87,0.06256,43,46.66,-20.75,0.93744,2,42,106.07,-31.51,2.1E-4,43,60.24,-5.14,0.99979,1,43,48.31,15.25,1,1,43,30.86,30.59,1,1,43,9.54,37.09,1,2,42,66.74,38.4,0.00957,43,-7.4,37.98,0.99043,2,42,43.13,37.49,0.27525,43,-27.79,26.05,0.72475,2,42,24.46,31.23,0.69267,43,-41.31,11.73,0.30733,2,42,2.57,18.41,0.9786,43,-54.57,-9.9,0.0214,2,42,-8.54,8.21,0.99982,43,-59.57,-24.13,1.8E-4],"hull":16,"edges":[0,2,2,4,4,6,6,8,8,10,10,12,12,14,14,16,16,18,18,20,20,22,22,24,24,26,26,28,28,30,2,28,30,0,4,26,6,24,8,22,10,20,12,18,16,12],"width":82,"height":113}},"huodongjuesedaiji_04":{"huodongjuesedaiji_04":{"type":"mesh","uvs":[0.85467,0.00277,0.73526,0.02353,0.61936,0.11953,0.4578,0.29077,0.2857,0.48017,0.26814,0.67996,0.24707,0.87714,0.27516,0.97314,0.44024,1,0.63341,0.95239,0.73877,0.81228,0.8055,0.64363,0.83009,0.45682,0.87926,0.2752,0.9495,0.14288,1,0.0365],"triangles":[4,3,11,5,4,11,10,5,11,9,6,5,10,9,5,8,7,6,9,8,6,14,0,15,1,0,14,13,1,14,2,1,13,12,2,13,3,2,12,11,3,12],"vertices":[1,34,-5.37,-5.88,1,1,34,1.33,-13.39,1,2,34,15.23,-16.65,0.99284,35,-35.05,-7.07,0.00716,2,34,38.25,-19.22,0.56945,35,-13.36,-15.21,0.43055,2,34,63.46,-21.59,2.1E-4,35,10.5,-23.68,0.99979,1,35,32.35,-19.6,1,1,35,53.98,-15.86,1,1,35,63.74,-11,1,1,35,63.28,2.86,1,1,35,54.24,16.9,1,2,34,78.12,28.66,0.00569,35,37.04,21.43,0.99431,2,34,59.06,24.53,0.15311,35,17.55,22.1,0.84689,2,34,39.88,16.4,0.84761,35,-3.04,18.93,0.15239,1,34,20.24,10.32,1,1,34,4.58,8.37,1,1,34,-7.77,6.37,1],"hull":16,"edges":[0,2,2,4,4,6,6,8,8,10,10,12,12,14,14,16,16,18,18,20,20,22,22,24,24,26,26,28,28,30,0,30,2,28,26,4,6,24,22,8,10,20,18,12],"width":82,"height":111}},"huodongjuesedaiji_05":{"huodongjuesedaiji_05":{"type":"mesh","uvs":[0.6091,0.363,0.3946,0.3872,0.15224,0.53782,0,0.74223,0.07703,0.93319,0.32217,0.97623,0.6091,0.91975,0.88766,0.76913,1,0.54051,0.92666,0.37644],"triangles":[8,7,0,8,0,9,6,0,7,1,0,6,5,2,1,5,4,3,3,2,5,1,6,5],"vertices":[49.07,-21.14,50.07,-15.18,47.76,-7.45,43.26,-1.7,37.34,-2.23,34.23,-8.47,33.56,-16.65,35.59,-25.35,41.08,-30.22,46.22,-29.58],"hull":10,"edges":[0,2,2,4,4,6,6,8,8,10,10,12,12,14,14,16,16,18,0,18],"width":28,"height":29}},"huodongjuesedaiji_06":{"huodongjuesedaiji_06":{"x":4.81,"y":63.08,"rotation":-106.18,"width":191,"height":225}},"huodongjuesedaiji_07":{"huodongjuesedaiji_07":{"type":"mesh","uvs":[0.80216,0,0.58262,0.07943,0.15746,0.32668,0.03201,0.4321,0,0.49727,0.07034,0.53368,0.30383,0.63335,0.66589,0.70909,0.6827,0.73036,0.62552,0.74239,0.44221,0.83026,0.38334,0.94454,0.46575,1,0.75334,0.91587,0.86098,0.77989,0.87443,0.73642,0.84584,0.69942,0.79539,0.66704,0.42875,0.47279,0.37493,0.44874,0.46239,0.42192,0.7547,0.28823,0.96122,0.16982,0.95243,0.01153],"triangles":[11,10,12,12,9,13,12,10,9,9,8,13,13,8,14,14,8,15,8,16,15,5,4,19,8,17,16,8,7,17,6,18,7,7,18,17,6,19,18,6,5,19,4,3,19,3,2,19,19,2,20,20,1,21,20,2,1,21,0,22,21,1,0,0,23,22],"vertices":[1,9,-12.41,-22.77,1,1,9,21.83,-28.32,1,2,9,103.3,-22.55,0.93283,10,-17.27,25.14,0.06717,2,9,132.61,-15.1,0.808,10,-15.3,-5.04,0.192,2,9,146.3,-6.44,0.61756,10,-9.28,-20.08,0.38244,2,9,145.37,6.28,0.32203,10,3.4,-21.48,0.67797,2,9,138.83,44.74,0.00194,10,42.41,-22.08,0.99806,2,10,91.53,-7.88,0.77343,11,5.1,-11.05,0.22657,2,10,96.37,-10.63,0.20714,11,8.33,-6.52,0.79286,2,10,92.07,-17.47,0.01501,11,14.69,-11.51,0.98499,1,11,45.23,-21.41,1,1,11,72.74,-13.96,1,1,11,78.56,2.22,1,1,11,41.71,24.38,1,1,11,6.42,19.77,1,2,10,117.47,3.42,0.04236,11,-3.44,15.93,0.95764,2,10,109.12,8.25,0.35433,11,-9.11,8.12,0.64567,2,10,99.12,10.46,0.97377,11,-12.35,-1.58,0.02623,2,9,100.63,27.5,0.14423,10,32.42,18.63,0.85577,2,9,101.96,18.45,0.52422,10,23.28,18.98,0.47578,2,9,89.1,21.51,0.92861,10,28.63,31.06,0.07139,1,9,38.98,23.96,1,1,9,-0.32,21.46,1,1,9,-25.15,-7.32,1],"hull":24,"edges":[0,2,2,4,4,6,6,8,8,10,10,12,14,16,16,18,18,20,20,22,22,24,24,26,26,28,28,30,30,32,32,34,36,38,38,40,40,42,42,44,44,46,0,46,42,2,44,0,40,4,38,8,6,38,38,10,36,12,16,30,14,34,12,14,34,36,16,32,16,28,18,26,24,20],"width":132,"height":240}},"huodongjuesedaiji_08":{"huodongjuesedaiji_08":{"type":"mesh","uvs":[0,0.01586,0.01745,0.16844,0.04219,0.31125,0.07056,0.3777,0.10816,0.46579,0.1968,0.59685,0.22901,0.68184,0.26277,0.77095,0.27308,0.9744,0.38853,1,1,1,1,0.80421,0.80702,0.72205,0.64003,0.62619,0.50397,0.49904,0.45901,0.44383,0.39884,0.36993,0.34527,0.32152,0.26896,0.25256,0.20282,0.19503,0.12053,0.12345,0.02064,0,0,0],"triangles":[9,12,10,12,11,10,9,13,12,13,9,7,9,8,7,7,14,13,7,6,14,15,14,6,15,6,5,5,16,15,5,17,16,5,4,17,4,18,17,4,3,18,3,2,19,3,19,18,19,1,20,19,2,1,20,0,21,20,1,0,0,22,21],"vertices":[1,22,-12.25,-1.18,1,2,22,26.89,-16.56,0.97716,23,-48.72,-11.21,0.02284,2,22,64.53,-29.02,0.14738,23,-12.6,-27.56,0.85262,1,23,6.64,-31.52,1,1,23,32.15,-36.78,1,2,23,74.81,-37.52,0.99411,24,-8.87,-38.34,0.00589,2,23,98.83,-43.47,0.73884,24,14.63,-46.08,0.26116,2,23,124.02,-49.71,0.3243,24,39.28,-54.19,0.6757,2,23,171.89,-78.4,0.06266,24,84.86,-86.4,0.93734,2,23,194.37,-57.32,0.03312,24,108.86,-67.06,0.96688,1,24,206.74,58.22,1,1,24,164.47,91.25,1,1,24,115.84,65.57,1,1,24,68.41,47.52,1,1,24,19.18,41.1,1,3,22,147,50.12,0.00379,23,77.74,42.46,0.06888,24,0.06,41.2,0.92732,3,22,121.8,45.66,0.05171,23,52.22,40.68,0.45448,24,-25.53,41.33,0.49381,3,22,103.59,39.48,0.18621,23,33.45,36.45,0.62806,24,-44.56,38.52,0.18573,3,22,77.64,30.67,0.741,23,6.73,30.42,0.24254,24,-71.66,34.52,0.01646,1,22,55.7,22.75,1,1,22,28.4,12.9,1,1,22,-13.61,5.59,1,1,22,-16.1,0.83,1],"hull":23,"edges":[0,2,2,4,8,10,14,16,16,18,18,20,20,22,22,24,24,26,26,28,40,42,42,44,0,44,40,2,42,0,4,6,6,8,36,6,36,38,38,40,4,38,32,34,34,36,8,34,10,32,28,14,14,18,18,26,18,24,24,20,10,12,12,14,28,30,30,32,12,30],"width":260,"height":274}},"huodongjuesedaiji_09":{"huodongjuesedaiji_09":{"type":"mesh","uvs":[0.32822,0.21124,0.19929,0.22623,0.20344,0.31117,0.25751,0.35448,0.28663,0.40028,0.29772,0.44192,0.30326,0.47273,0.28524,0.49438,0.2284,0.51353,0.20203,0.58058,0.18637,0.61585,0.16876,0.65552,0.22005,0.67385,0.26441,0.65219,0.30185,0.67884,0.33651,0.6955,0.36483,0.71872,0.38979,0.75286,0.40781,0.79867,0.42329,0.83186,0.43693,0.86112,0.45252,0.89305,0.46743,0.92358,0.52288,0.94107,0.58943,0.8986,0.63518,0.84946,0.63858,0.8192,0.64211,0.78784,0.63933,0.72955,0.63569,0.71012,0.63112,0.68574,0.62824,0.67042,0.62199,0.63335,0.61715,0.60463,0.59636,0.54467,0.56586,0.51219,0.57418,0.48721,0.59636,0.44974,0.61854,0.4106,0.67387,0.38268,0.68081,0.33855,0.64892,0.29941,0.61426,0.28358,0.62119,0.23861,0.56712,0.22029,0.53108,0.2128,0.50335,0.14784,0.42987,0.13785,0.3869,0.1645,0.35778,0.19198,0.33793,0.31984,0.34013,0.36475,0.36212,0.39645,0.4116,0.40966,0.47426,0.39711,0.51824,0.3839,0.53583,0.3872,0.57761,0.40239,0.52309,0.35502,0.51534,0.33,0.48628,0.30265,0.45141,0.2916,0.39909,0.29101,0.53956,0.35095,0.56378,0.32709,0.59478,0.31022,0.58247,0.29251,0.55557,0.31183,0.50372,0.33666,0.47879,0.3205,0.444,0.31262,0.3961,0.31183,0.36066,0.3272,0.37575,0.3544,0.40332,0.34336,0.43744,0.34612,0.47879,0.35953,0.55425,0.36189,0.59822,0.34218,0.63235,0.33666],"triangles":[38,79,39,38,78,79,39,79,40,77,64,78,64,65,78,78,65,79,79,41,40,79,65,41,64,67,65,65,42,41,24,23,21,23,22,21,25,24,20,24,21,20,25,20,26,17,29,28,26,20,19,27,19,18,27,18,28,18,17,28,26,19,27,73,74,53,53,74,75,52,51,73,51,72,73,51,50,72,75,69,76,73,72,74,75,70,69,75,74,70,72,71,74,74,71,70,71,72,62,70,61,69,71,62,70,14,32,31,15,31,30,15,14,31,17,16,29,16,15,30,16,30,29,14,13,32,13,12,10,12,11,10,13,33,32,13,10,33,33,9,34,33,10,9,9,35,34,9,8,35,8,7,35,7,6,35,35,6,36,57,78,38,57,77,78,59,68,60,69,61,60,50,62,72,50,51,5,67,66,65,63,67,64,42,66,43,67,44,66,43,66,44,60,45,67,67,45,44,61,48,47,2,1,0,50,5,4,37,36,5,36,6,5,5,53,37,53,54,37,37,54,56,54,55,56,56,57,37,37,57,38,53,75,54,56,77,57,54,76,55,54,75,76,56,63,77,56,55,63,55,58,63,55,76,58,58,76,68,77,63,64,76,69,68,68,59,58,58,59,63,63,59,67,5,52,53,0,4,3,0,3,2,49,4,0,49,50,4,49,48,62,45,47,46,45,61,47,60,61,45,59,60,67,65,66,42,49,62,50,61,62,48,70,62,61,68,69,60,51,52,5,52,73,53],"vertices":[1,3,148.48,90.3,1,1,3,127.49,130.95,1,1,3,80.11,115.62,1,1,3,61.07,90.26,1,1,3,38.16,72.91,1,1,3,15.83,62.34,1,2,3,-0.96,55.42,0.23364,2,-10.63,-53.86,0.76636,2,3,-14.92,57.96,0.07161,2,2.82,-58.36,0.92839,3,3,-31.29,74.03,0.00471,2,16.74,-76.6,0.99496,6,-88.25,-44.09,3.3E-4,1,2,56.94,-80.28,1,2,2,78.18,-82.84,0.99989,4,-161.3,32.08,1.1E-4,1,2,102.07,-85.71,1,1,2,110.17,-66.33,1,1,2,95.41,-52.65,1,2,2,109.03,-37.41,0.66446,6,11.81,-50.5,0.33554,2,2,116.98,-23.97,0.20922,6,24.95,-42.05,0.79078,3,2,129.05,-12.18,0.02541,6,41.03,-36.94,0.79859,7,-10.24,-41.02,0.176,2,6,62.8,-35.01,0.5364,7,10.67,-34.68,0.4636,2,6,90.26,-37.56,0.20044,7,38.08,-31.58,0.79956,3,6,110.43,-38.6,0.01846,7,58.04,-28.49,0.54154,8,5.43,-31.23,0.44,3,6,128.22,-39.53,0.00121,7,75.64,-25.76,0.569,8,22.42,-25.91,0.42979,2,7,94.87,-22.54,0.10485,8,40.96,-19.86,0.89515,2,7,113.26,-19.47,0.00381,8,58.68,-14.07,0.99619,1,8,68.33,5.75,1,1,8,42.75,28.41,1,2,7,77.17,44.34,0.00472,8,13.48,43.63,0.99528,2,7,59.71,47.64,0.46636,8,-4.28,44.29,0.53364,2,7,41.61,51.06,0.816,8,-22.69,44.98,0.184,3,2,121.78,84.38,0.00382,6,77.88,52.6,0.07302,7,7.57,54.16,0.92316,3,2,110.69,81.51,0.06263,6,66.69,55.02,0.59037,7,-3.88,54.25,0.347,3,2,96.77,77.91,0.12186,6,52.63,58.05,0.67737,7,-18.26,54.35,0.20077,3,3,-80.2,-86.81,1.9E-4,2,88.02,75.65,0.20023,6,43.8,59.96,0.79957,3,3,-59.96,-78.62,0.01417,2,66.82,70.43,0.53894,6,22.51,64.81,0.44689,2,3,-44.28,-72.28,0.06333,2,50.4,66.38,0.93667,2,3,-12.59,-55.43,0.24963,2,16.64,54.2,0.75037,4,3,2.68,-39.8,0.1945,2,-0.7,40.9,0.79188,6,-51.08,68.74,0.01293,5,-89.65,-0.91,7.0E-4,4,3,17.56,-38.51,0.54511,2,-15.6,41.75,0.43832,6,-64.02,76.18,0.00452,5,-74.77,0.37,0.01205,3,3,40.82,-39.87,0.99732,2,-38.44,46.4,0.00263,6,-82.34,90.59,5.0E-5,2,3,65.03,-40.95,0.80221,5,-27.3,-2.07,0.19779,2,3,86.18,-55.08,0.01962,5,-6.15,-16.19,0.98038,1,5,19.36,-11.3,1,2,3,130.58,-33,0.42932,5,38.25,5.89,0.57068,2,3,136.07,-18.69,0.86354,5,43.74,20.19,0.13646,1,3,162.05,-13.67,1,1,3,167.04,7.61,1,1,3,167.71,21.02,1,1,3,201.52,41.03,1,2,3,199.91,67.5,0.99833,5,107.58,106.39,0.00167,1,3,180.69,77.66,1,1,3,162.36,83,1,3,3,88.47,68.75,0.86042,2,-101.05,-54.34,3.0E-5,4,20.16,29.36,0.13955,4,3,63.42,60.65,0.00654,2,-75.1,-49.89,0.01405,4,-4.89,21.26,0.97884,5,-28.91,99.54,5.7E-4,2,3,47.75,48.02,0.74163,4,-20.56,8.63,0.25837,2,3,45.19,29.14,0.75573,4,-23.12,-10.25,0.24427,3,3,58.42,10.02,0.89256,2,-62.95,-0.48,4.5E-4,4,-9.89,-29.37,0.10699,2,3,70.18,-2.68,0.97703,5,-22.16,36.2,0.02297,3,3,70.05,-9.17,0.89416,4,1.74,-48.56,0.00242,5,-22.28,29.72,0.10342,2,3,65.62,-25.78,0.89631,5,-26.72,13.11,0.10369,3,3,86.9,0.41,0.7705,4,18.59,-38.98,0.1655,5,-5.43,39.3,0.064,2,3,100.22,7.13,0.90386,4,31.91,-32.26,0.09614,2,3,112.74,21.43,0.952,4,44.44,-17.96,0.048,2,3,115.53,35.03,0.984,4,47.22,-4.36,0.016,2,3,110.71,52.81,0.888,4,42.4,13.42,0.112,3,3,90.81,-4.49,0.67851,4,22.51,-43.88,0.14673,5,-1.52,34.4,0.17476,2,3,106.62,-8.76,0.33894,5,14.29,30.12,0.66106,2,3,119.17,-16.47,0.16212,5,26.83,22.41,0.83788,2,3,127.92,-9.41,0.83623,5,35.58,29.47,0.16377,2,3,114.4,-3.48,0.9013,5,22.07,35.4,0.0987,2,3,95.32,9.97,0.57086,4,27.02,-29.42,0.42914,2,3,101.96,21.04,0.33434,4,33.66,-18.35,0.66566,2,3,102.98,34.09,0.16237,4,34.67,-5.3,0.83763,2,3,98.7,50.41,0.03853,4,30.4,11.02,0.96147,3,3,86.57,59.87,0.00276,2,-97.9,-45.82,1.0E-4,4,18.26,20.48,0.99714,3,2,-82.87,-38.32,0.00166,4,4.44,10.92,0.99351,5,-19.58,89.19,0.00483,2,3,81.67,42.8,0.0321,4,13.36,3.41,0.9679,2,3,83.48,30.82,0.21163,4,15.17,-8.57,0.78837,3,3,80.01,14.65,0.59983,4,11.7,-24.74,0.35209,5,-12.32,53.53,0.04808,2,3,86.1,-11.24,0.60304,5,-6.23,27.64,0.39696,2,3,101.52,-22.87,0.191,5,9.19,16.01,0.809,2,3,107.99,-33.5,0.04539,5,15.65,5.38,0.95461],"hull":50,"edges":[0,2,2,4,4,6,6,8,8,10,10,12,12,14,14,16,16,18,22,24,24,26,26,28,28,30,30,32,32,34,34,36,44,46,46,48,48,50,54,56,66,68,68,70,70,72,72,74,74,76,76,78,78,80,80,82,82,84,84,86,86,88,88,90,90,92,92,94,94,96,96,98,0,98,14,70,12,72,10,74,16,70,68,18,18,20,20,22,66,20,26,20,62,64,64,66,26,64,28,62,60,62,30,60,56,58,58,60,32,58,34,56,36,54,36,38,38,40,50,52,52,54,38,52,50,40,40,42,42,44,42,48,0,6,98,8,98,100,100,10,100,102,102,104,104,106,106,108,108,110,110,112,112,114,114,76,110,116,116,118,118,120,120,122,122,124,124,100,110,126,126,128,128,130,130,82,84,132,132,134,134,126,116,136,136,138,138,140,140,142,142,144,144,102,104,146,146,148,148,150,150,152,152,110,112,154,154,156,156,158,158,80],"width":352,"height":586}},"huodongjuesedaiji_10":{"huodongjuesedaiji_10":{"type":"mesh","uvs":[0.30643,0.0203,0.5296,0.00924,0.76473,0.15304,0.92415,0.34938,1,0.65356,0.90023,0.97433,0.5017,1,0.23868,0.85266,0.0155,0.59272,0.11513,0.20005],"triangles":[7,8,3,4,7,3,4,6,7,5,6,4,9,0,1,9,1,2,8,9,2,8,2,3],"vertices":[1,40,-8.1,-1.8,1,1,40,-5.47,13.18,1,1,40,12.08,25.28,1,2,40,33.37,31.13,0.50845,41,-10.97,31.3,0.49155,1,41,19.25,29.87,1,2,40,92.39,14.7,0.01179,41,48.47,16.42,0.98821,1,41,45.04,-10.58,1,2,40,69.92,-26.05,0.00328,41,27.07,-24.9,0.99672,2,40,41.52,-34.6,0.50553,41,-1.09,-34.19,0.49447,2,40,5.83,-18.69,0.98802,41,-37.19,-19.23,0.01198],"hull":10,"edges":[0,2,2,4,4,6,6,8,8,10,10,12,12,14,14,16,16,18,0,18,18,4,6,16,14,8],"width":68,"height":98}},"huodongjuesedaiji_11":{"huodongjuesedaiji_11":{"type":"mesh","uvs":[0.46247,0.02123,0.17023,0.00995,0,0.10208,0.14064,0.35026,0.42917,0.66613,0.49576,0.73381,0.48635,0.78448,0.47726,0.83346,0.58084,0.91431,0.84348,0.95191,1,0.87295,0.99885,0.74886,0.94706,0.69809,0.91007,0.61348,0.71401,0.23933],"triangles":[8,7,9,6,9,7,10,9,6,6,11,10,6,5,12,5,13,12,5,4,13,4,14,13,4,3,14,3,0,14,3,2,0,2,1,0,6,12,11],"vertices":[1,20,-7.78,27.59,1,1,20,-22.85,-5.16,1,1,20,-9.24,-32.55,1,1,20,53.08,-37.24,1,1,20,137.1,-30.59,1,2,20,155.3,-28.62,0.83495,21,10.91,-36.27,0.16505,2,20,166.4,-33.97,0.42677,21,21.65,-30.26,0.57323,2,20,177.12,-39.15,0.17039,21,32.04,-24.44,0.82961,1,21,40.9,-2.84,1,2,20,219.67,-6.9,0.52753,21,30.04,28.91,0.47247,2,20,208.46,17.8,0.99246,21,3.37,33.89,0.00754,2,20,180.26,28.12,0.56215,21,-21.26,16.72,0.43785,2,20,166.53,26.43,0.944,21,-27.75,4.49,0.056,1,20,145.75,29.29,1,1,20,52.47,38.22,1],"hull":15,"edges":[0,2,2,4,4,6,6,8,8,10,14,16,16,18,18,20,20,22,22,24,24,26,26,28,0,28,0,4,6,28,26,8,10,24,10,12,12,14,12,22,20,12,14,18],"width":123,"height":242}},"huodongjuesedaiji_12":{"huodongjuesedaiji_12":{"type":"mesh","uvs":[0.02042,0.09401,0.03692,0.014,0.2322,0.014,0.39652,0.01741,0.54178,0.014,0.6418,0.07537,0.67956,0.16944,0.70134,0.22369,0.72515,0.30893,0.78231,0.42486,0.84899,0.54078,0.94663,0.6908,1,0.84083,0.94663,0.94993,0.67514,0.96016,0.30602,0.92948,0.10836,0.80843,0.07502,0.70103,0.06073,0.55442,0.01548,0.41292,0,0.31063,0,0.193],"triangles":[12,13,14,11,12,14,11,14,15,15,10,11,15,16,10,16,9,10,16,17,9,9,18,8,9,17,18,18,19,8,19,7,8,19,20,7,20,6,7,20,21,6,21,5,6,21,0,5,0,3,5,0,2,3,0,1,2,3,4,5],"vertices":[2,44,39.84,-82.45,0.96883,45,-33.82,-75.54,0.03117,2,44,18.44,-87.17,0.99903,45,-55.47,-72.13,9.7E-4,1,44,4.95,-51.77,1,1,44,-5.53,-21.65,1,2,44,-16.43,4.35,0.99797,46,-91.11,44.98,0.00203,3,44,-7.79,28.41,0.92483,45,-37.69,45.05,0.0248,46,-70.6,60.23,0.05037,3,44,13.42,44.33,0.7643,45,-12.13,52.13,0.2037,46,-44.12,61.74,0.032,2,44,25.66,53.51,0.59795,45,2.61,56.21,0.40205,3,44,45.6,66.05,0.08512,45,25.75,60.6,0.15788,46,-5.3,62.02,0.75701,3,44,71.01,87.6,0.00151,45,57.28,71.39,0.01053,46,27.79,65.89,0.98795,1,46,61.29,71.56,1,1,46,105.13,81.05,1,1,46,147.07,82.17,1,1,46,173.62,65.54,1,2,45,202.13,49.19,7.3E-4,46,164.68,13.56,0.99927,2,45,193.12,-22.34,0.08483,46,140.75,-54.44,0.91517,3,44,214.69,2.42,0.00101,45,159.95,-60.36,0.24854,46,100.28,-84.59,0.75045,3,44,189.8,-13.99,0.01361,45,130.78,-66.55,0.39362,46,70.47,-84.47,0.59277,3,44,153.65,-30.72,0.03766,45,91.03,-68.93,0.25764,46,31.11,-78.39,0.70471,3,44,120.95,-52.57,0.15998,45,52.6,-77.34,0.33671,46,-8.23,-78.48,0.50331,2,44,96.11,-65.25,0.54633,45,24.85,-80.07,0.45367,2,44,66.32,-76.6,0.82755,45,-7.03,-79.77,0.17245],"hull":22,"edges":[2,4,4,6,6,8,8,10,14,16,16,18,18,20,20,22,22,24,24,26,26,28,28,30,30,32,32,34,34,36,36,38,38,40,40,42,28,24,30,22,20,32,34,18,36,16,38,16,40,14,10,12,12,14,42,12,2,0,0,42,10,0,0,4,6,10],"width":194,"height":271}},"huodongjuesedaiji_13":{"huodongjuesedaiji_13":{"type":"mesh","uvs":[0.31167,0.46081,0,0.33243,0.10682,0.25632,0.32004,0.20961,0.45005,0.20284,0.47605,0.20149,0.49564,0.20047,0.46575,0.17618,0.42317,0.14157,0.46079,0.13751,0.51375,0.15376,0.54441,0.18625,0.5472,0.13243,0.5681,0.08877,0.61131,0.07963,0.63778,0.12126,0.63639,0.19133,0.67959,0.22687,0.66844,0.25734,0.60712,0.24922,0.60852,0.29694,0.57507,0.26749,0.49145,0.39849,0.58156,0.35919,0.75671,0.56659,0.8005,0.72612,0.59094,0.99505,0.36888,0.99049,0.27192,0.74435,0.51396,0.20717,0.56013,0.2437,0.08902,0.33006,0.22317,0.30588,0.34902,0.28371,0.48179,0.25952,0.52258,0.24995,0.54549,0.24254],"triangles":[7,9,10,8,9,7,13,14,15,12,13,15,16,12,15,11,12,16,6,7,10,29,6,10,11,29,10,11,30,29,36,29,30,6,29,36,11,19,30,16,19,11,19,16,17,35,6,36,18,19,17,34,5,6,34,6,35,21,30,19,36,30,21,33,3,4,34,33,4,34,4,5,21,19,20,32,2,3,32,3,33,31,2,32,31,1,2,33,34,22,35,36,21,34,35,22,21,22,35,0,32,33,0,33,22,31,32,0,1,31,0,22,28,0,28,26,27,22,23,24,24,28,22,28,25,26,25,28,24],"vertices":[49.55,29.85,57.31,62.6,69.54,55.68,80.9,38.11,85.14,26.61,85.98,24.31,86.62,22.58,88.85,26.15,92.02,31.24,93.51,27.98,92.88,22.62,89.66,18.69,96.4,20.36,102.36,20.04,104.62,16.47,100.15,12.59,91.43,10.2,88.16,5.02,84.09,4.94,83.49,10.76,77.62,8.93,80.39,13,61.97,15.85,69.2,9.13,48.08,-14.13,29.45,-23.8,-9.35,-14.53,-14.59,5.69,13.38,23.27,86.27,20.68,82.95,15.21,59.94,54.65,66.44,43.4,72.47,32.83,78.94,21.71,81.19,18.37,82.71,16.57],"hull":29,"edges":[0,2,2,4,4,6,16,18,18,20,20,22,22,24,24,26,26,28,28,30,30,32,32,34,34,36,36,38,38,40,40,42,42,44,44,46,46,48,48,50,50,52,52,54,54,56,0,56,12,58,58,60,60,42,22,38,2,62,62,64,64,66,66,68,68,70,12,72,72,42,70,72,10,12,6,8,8,10,12,14,14,16],"width":94,"height":129}},"huodongjuesedaiji_14":{"huodongjuesedaiji_14":{"type":"mesh","uvs":[0.41138,0.18197,0.31169,0.08997,0.33606,0.06754,0.52238,0.06922,0.66516,0.1068,0.75396,0.16232,0.6965,0.23017,0.59725,0.26719,0.57984,0.32103,0.57113,0.34122,0.62859,0.32551,0.73829,0.27111,0.87759,0.22625,1,0.24027,0.99774,0.28121,0.82361,0.40178,0.6582,0.45057,0.6642,0.48101,0.67145,0.51783,0.65566,0.59414,0.65417,0.60131,0.60727,0.68479,0.48933,0.74675,0.37146,0.81562,0.30292,0.89331,0.31937,1,0.0288,1,0.03428,0.90743,0.0425,0.83151,0,0.74675,0.06169,0.69554,0.08911,0.63639,0.13297,0.5587,0.22069,0.51014,0.34768,0.46924,0.38242,0.45805,0.33582,0.39804,0.31389,0.32299,0.3879,0.2506,0.46379,0.48273,0.39713,0.54421,0.3474,0.62459,0.29399,0.69249,0.23777,0.7767,0.16749,0.85456],"triangles":[32,33,41,41,33,40,40,33,39,33,34,39,29,30,43,30,31,43,43,31,42,31,32,42,26,44,25,44,24,25,26,27,44,27,28,44,44,43,24,24,43,23,44,28,43,28,29,43,43,42,23,23,42,22,42,41,22,22,41,21,42,32,41,41,40,21,21,40,20,20,40,19,19,39,18,39,17,18,40,39,19,39,16,17,39,9,16,9,10,16,16,11,15,16,10,11,15,12,14,15,11,12,14,12,13,39,35,9,35,36,9,36,38,9,36,37,38,9,38,8,8,38,7,38,0,7,0,3,7,7,4,6,7,3,4,6,4,5,1,2,0,0,2,3,34,35,39],"vertices":[1,12,29.95,-9.36,1,1,12,-10.13,-25.66,1,1,12,-20.26,-22.68,1,1,12,-20.85,3.97,1,1,12,-5.22,25.2,1,1,12,18.76,39.13,1,1,12,49.26,32.44,1,1,12,66.39,19.09,1,1,12,90.39,17.81,1,2,12,99.41,17.02,0.87269,13,46.2,14.51,0.12731,2,12,92.03,24.88,0.06702,13,56.62,11.76,0.93298,1,13,85.41,12.72,1,1,13,113.14,7.78,1,1,13,118.06,-10.14,1,1,13,102.96,-20.27,1,2,13,44.81,-30.49,0.96636,15,-32.97,34.08,0.03364,1,13,13.51,-23.49,1,2,13,2.92,-31.93,0.00855,15,2.21,11.28,0.99145,2,15,18.56,12.32,0.96857,16,-30.76,-0.86,0.03143,2,15,52.44,10.06,0.45688,16,1.08,10.94,0.54312,2,15,55.62,9.85,0.80804,16,4.07,12.05,0.19196,3,15,92.69,3.14,0.02382,16,40.63,21.09,0.9297,17,-29.73,15.95,0.04648,2,16,72.64,16.95,0.10318,17,2.51,17.18,0.89682,1,17,37.31,20.12,1,1,17,71.44,31.1,1,1,17,109.55,59.33,1,1,17,132.6,24.76,1,1,17,97.97,2.61,1,2,17,69.27,-15.11,0.96059,19,117.99,-0.17,0.03941,2,17,41.33,-41.04,0.33408,19,81.72,-11.9,0.66592,1,19,57.91,-6.64,1,1,19,31.35,-6.76,1,2,19,-3.7,-5.8,0.30216,18,57.24,-7.16,0.69784,1,18,32.44,-9.8,1,2,12,157.79,-12.03,0.00484,18,7.05,-5.89,0.99516,1,12,152.58,-7.32,1,2,12,126.3,-15.32,0.99903,18,-17.44,-25.95,9.7E-4,1,12,93.18,-20.13,1,1,12,60.55,-11.18,1,2,12,162.93,4.86,0.496,13,-14.11,-8.86,0.504,4,15,30.27,-26.91,0.32292,16,-4.03,-31.86,0.11204,19,-15.8,30.56,0.02833,18,29.71,19.5,0.53672,4,15,65.96,-34.02,0.00333,16,31.45,-23.75,0.59562,19,20.56,28.95,0.33546,18,62.7,34.87,0.06559,2,16,62.08,-18.39,0.67408,19,51.52,25.99,0.32592,3,16,99.49,-10.43,0.01061,17,33.53,-5.38,0.93104,19,89.69,23.73,0.05835,1,17,67.87,5.44,1],"hull":39,"edges":[0,2,2,4,4,6,6,8,8,10,10,12,12,14,14,16,16,18,18,20,20,22,22,24,24,26,26,28,28,30,30,32,40,42,42,44,44,46,46,48,48,50,50,52,52,54,54,56,56,58,58,60,60,62,62,64,64,66,70,72,72,74,74,76,0,76,70,78,78,32,18,78,70,18,18,32,66,68,68,70,68,78,32,34,34,36,78,34,78,36,78,66,36,38,38,40,38,80,80,66,78,80,80,82,82,84,84,86,86,88,88,52,48,88,88,56,58,86,86,46,44,84,84,62,86,60,64,82,82,42],"width":143,"height":444}},"zcs_bg":{"zcs_bg":{"x":323.22,"y":329.68,"width":1155,"height":724}},"zhuce_guang_02":{"zhuce_guang_02":{"x":56.16,"y":-18.69,"rotation":-1.74,"width":578,"height":242}},"zhuce_guang_03":{"zhuce_guang_03":{"x":62.19,"y":-4.92,"rotation":-2.32,"width":578,"height":82}},"zhuce_guang_04":{"zhuce_guang_04":{"x":65.01,"y":-10.72,"rotation":-0.81,"width":578,"height":190}},"zhuce_guang_05":{"zhuce_guang_05":{"type":"mesh","uvs":[0.47278,0,0.47278,1,0,1,0,0],"triangles":[1,2,3,1,3,0],"vertices":[-23.7,-36.8,-22.1,29.18,250.98,19.25,248.58,-46.71],"hull":4,"edges":[0,2,2,4,4,6,0,6],"width":578,"height":66}},"zhuce_guang_5":{"zhuce_guang_05":{"type":"mesh","uvs":[0.47278,0,0.47278,1,0,1,0,0],"triangles":[1,2,3,1,3,0],"vertices":[-23.7,-36.8,-22.1,29.18,250.98,19.25,248.58,-46.71],"hull":4,"edges":[0,2,2,4,4,6,0,6],"width":578,"height":66}},"zhuce_guang_6":{"zhuce_guang_05":{"type":"mesh","uvs":[0.47278,0,0.47278,1,0,1,0,0],"triangles":[1,2,3,1,3,0],"vertices":[-23.7,-36.8,-22.1,29.18,250.98,19.25,248.58,-46.71],"hull":4,"edges":[0,2,2,4,4,6,0,6],"width":578,"height":66}}}},"animations":{"animation":{"slots":{"choukahuode_03":{"color":[{"time":0,"color":"ffffff00"},{"time":1,"color":"ffffffff"},{"time":2,"color":"ffffff00","curve":"stepped"},{"time":2.0333,"color":"ffffff00"},{"time":3,"color":"ffffffff"},{"time":4,"color":"ffffff00"}]},"choukahuode_3":{"color":[{"time":0,"color":"ffffff00"},{"time":1,"color":"ffffffff"},{"time":2,"color":"ffffff00","curve":"stepped"},{"time":2.0333,"color":"ffffff00"},{"time":3,"color":"ffffffff"},{"time":4,"color":"ffffff00"}]},"huodongjuesedaiji_05":{"color":[{"time":0,"color":"ffffff00","curve":"stepped"},{"time":1.6667,"color":"ffffff00"},{"time":1.8333,"color":"ffffffff","curve":"stepped"},{"time":2,"color":"ffffffff"},{"time":2.1667,"color":"ffffff00"}]},"zhuce_guang_02":{"color":[{"time":0,"color":"ffffffd9"},{"time":1,"color":"ffffffff"},{"time":2,"color":"ffffffd9"},{"time":3,"color":"ffffffff"},{"time":4,"color":"ffffffd9"}]},"zhuce_guang_03":{"color":[{"time":0,"color":"ffffffcf"},{"time":1,"color":"ffffffff"},{"time":2,"color":"ffffffcf"},{"time":3,"color":"ffffffff"},{"time":4,"color":"ffffffcf"}]},"zhuce_guang_05":{"color":[{"time":0,"color":"ffffff00","curve":"stepped"},{"time":0.6667,"color":"ffffff00"},{"time":1,"color":"ffffffff"},{"time":1.6667,"color":"ffffff00","curve":"stepped"},{"time":2.6667,"color":"ffffff00"},{"time":3,"color":"ffffffff"},{"time":3.6667,"color":"ffffff00"}]},"zhuce_guang_5":{"color":[{"time":0,"color":"ffffff00","curve":"stepped"},{"time":0.3333,"color":"ffffff00"},{"time":0.6667,"color":"ffffffff"},{"time":1.3333,"color":"ffffff00","curve":"stepped"},{"time":2.3333,"color":"ffffff00"},{"time":2.6667,"color":"ffffffff"},{"time":3.3333,"color":"ffffff00"}]},"zhuce_guang_6":{"color":[{"time":0,"color":"ffffff00","curve":"stepped"},{"time":0.8333,"color":"ffffff00"},{"time":1.1667,"color":"ffffffff"},{"time":1.8333,"color":"ffffff00","curve":"stepped"},{"time":2.8333,"color":"ffffff00"},{"time":3.1667,"color":"ffffffff"},{"time":3.8333,"color":"ffffff00"}]}},"bones":{"bone":{"rotate":[{"time":0,"angle":-7.93},{"time":2,"angle":-60},{"time":2.0333,"angle":-7.93},{"time":4,"angle":-60}],"scale":[{"time":0,"x":0.8,"y":0.8},{"time":1,"x":1.2,"y":1.2},{"time":2,"x":0.8,"y":0.8,"curve":"stepped"},{"time":2.0333,"x":0.8,"y":0.8},{"time":3,"x":1.2,"y":1.2},{"time":4,"x":0.8,"y":0.8}]},"bone2":{"rotate":[{"time":0,"angle":-7.93},{"time":2,"angle":-60},{"time":2.0333,"angle":-7.93},{"time":4,"angle":-60}],"scale":[{"time":0,"x":0.8,"y":0.8},{"time":1,"x":1.2,"y":1.2},{"time":2,"x":0.8,"y":0.8,"curve":"stepped"},{"time":2.0333,"x":0.8,"y":0.8},{"time":3,"x":1.2,"y":1.2},{"time":4,"x":0.8,"y":0.8}]},"huodongjuesedaiji_06":{"rotate":[{"time":0,"angle":-0.23,"curve":[0.375,0.5,0.75,1]},{"time":0.5,"angle":1.4,"curve":[0.25,0,0.75,1]},{"time":1.5,"angle":-1.87,"curve":[0.25,0,0.625,0.5]},{"time":2,"angle":-0.23,"curve":[0.375,0.5,0.75,1]},{"time":2.5,"angle":1.4,"curve":[0.25,0,0.75,1]},{"time":3.5,"angle":-1.87,"curve":[0.25,0,0.625,0.5]},{"time":4,"angle":-0.23}]},"zhuce_guang_02":{"scale":[{"time":0,"x":1,"y":1},{"time":1,"x":1.2,"y":1.2},{"time":2,"x":1,"y":1},{"time":3,"x":1.2,"y":1.2},{"time":4,"x":1,"y":1}]},"zhuce_guang_03":{"scale":[{"time":0,"x":1,"y":1},{"time":1,"x":1.32,"y":1.2},{"time":2,"x":1,"y":1},{"time":3,"x":1.32,"y":1.2},{"time":4,"x":1,"y":1}]},"zhuce_guang_05":{"rotate":[{"time":0.6667,"angle":0},{"time":1,"angle":0.47},{"time":1.6667,"angle":1.06},{"time":2,"angle":0,"curve":"stepped"},{"time":2.6667,"angle":0},{"time":3,"angle":0.47},{"time":3.6667,"angle":1.06}],"translate":[{"time":0,"x":19.06,"y":1.05,"curve":"stepped"},{"time":0.6667,"x":19.06,"y":1.05},{"time":1,"x":106.17,"y":5.57},{"time":1.6667,"x":218.35,"y":10.9},{"time":2,"x":19.06,"y":1.05,"curve":"stepped"},{"time":2.6667,"x":19.06,"y":1.05},{"time":3,"x":106.17,"y":5.57},{"time":3.6667,"x":218.35,"y":10.9}],"scale":[{"time":0,"x":0.504,"y":0.271,"curve":"stepped"},{"time":0.6667,"x":0.504,"y":0.271},{"time":1,"x":1,"y":1},{"time":1.6667,"x":1,"y":0.7},{"time":2,"x":0.504,"y":0.271,"curve":"stepped"},{"time":2.6667,"x":0.504,"y":0.271},{"time":3,"x":1,"y":1},{"time":3.6667,"x":1,"y":0.7}]},"zhuce_guang_5":{"rotate":[{"time":0.3333,"angle":0},{"time":0.6667,"angle":0.47},{"time":1.3333,"angle":1.06},{"time":1.6667,"angle":0,"curve":"stepped"},{"time":2.3333,"angle":0},{"time":2.6667,"angle":0.47},{"time":3.3333,"angle":1.06}],"translate":[{"time":0,"x":19.06,"y":1.05,"curve":"stepped"},{"time":0.3333,"x":19.06,"y":1.05},{"time":0.6667,"x":106.17,"y":5.57},{"time":1.3333,"x":218.35,"y":10.9},{"time":1.6667,"x":19.06,"y":1.05,"curve":"stepped"},{"time":2.3333,"x":19.06,"y":1.05},{"time":2.6667,"x":106.17,"y":5.57},{"time":3.3333,"x":218.35,"y":10.9}],"scale":[{"time":0,"x":0.504,"y":0.271,"curve":"stepped"},{"time":0.3333,"x":0.504,"y":0.271},{"time":0.6667,"x":1,"y":1},{"time":1.3333,"x":1,"y":0.7},{"time":1.6667,"x":0.504,"y":0.271,"curve":"stepped"},{"time":2.3333,"x":0.504,"y":0.271},{"time":2.6667,"x":1,"y":1},{"time":3.3333,"x":1,"y":0.7}]},"zhuce_guang_6":{"rotate":[{"time":0.8333,"angle":0},{"time":1.1667,"angle":0.47},{"time":1.8333,"angle":1.06},{"time":2.1667,"angle":0,"curve":"stepped"},{"time":2.8333,"angle":0},{"time":3.1667,"angle":0.47},{"time":3.8333,"angle":1.06}],"translate":[{"time":0,"x":19.06,"y":1.05,"curve":"stepped"},{"time":0.8333,"x":19.06,"y":1.05},{"time":1.1667,"x":106.17,"y":3.54},{"time":1.8333,"x":218.35,"y":8.75},{"time":2.1667,"x":19.06,"y":1.05,"curve":"stepped"},{"time":2.8333,"x":19.06,"y":1.05},{"time":3.1667,"x":106.17,"y":5.57},{"time":3.8333,"x":218.35,"y":8.75},{"time":4,"x":218.35,"y":10.9}],"scale":[{"time":0,"x":0.504,"y":0.271,"curve":"stepped"},{"time":0.8333,"x":0.504,"y":0.271},{"time":1.1667,"x":1,"y":1},{"time":1.8333,"x":1,"y":0.471},{"time":2.1667,"x":0.504,"y":0.271,"curve":"stepped"},{"time":2.8333,"x":0.504,"y":0.271},{"time":3.1667,"x":1,"y":1},{"time":3.8333,"x":1,"y":0.471},{"time":4,"x":1,"y":0.7}]},"huodongjuesedaiji_29":{"translate":[{"time":0,"x":-45.65,"y":6.46,"curve":[0.25,0,0.75,1]},{"time":1,"x":-44.08,"y":12.07,"curve":[0.25,0,0.75,1]},{"time":2,"x":-45.88,"y":6.5,"curve":[0.25,0,0.75,1]},{"time":3,"x":-44.08,"y":12.07,"curve":[0.25,0,0.75,1]},{"time":4,"x":-45.65,"y":6.46}]},"huodongjuesedaiji_12":{"rotate":[{"time":0,"angle":-0.4,"curve":[0.382,0.57,0.735,1]},{"time":0.3333,"angle":0},{"time":1.3333,"angle":-1.42,"curve":[0.243,0,0.649,0.6]},{"time":2,"angle":-0.4,"curve":[0.382,0.57,0.735,1]},{"time":2.3333,"angle":0},{"time":3.3333,"angle":-1.42,"curve":[0.243,0,0.649,0.6]},{"time":4,"angle":-0.4}]},"huodongjuesedaiji_10":{"translate":[{"time":0,"x":-1.77,"y":-0.8,"curve":[0.375,0.5,0.75,1]},{"time":0.5,"x":-4.14,"y":0.51,"curve":[0.25,0,0.75,1]},{"time":1.5,"x":0.6,"y":-2.11,"curve":[0.25,0,0.625,0.5]},{"time":2,"x":-1.77,"y":-0.8,"curve":[0.375,0.5,0.75,1]},{"time":2.5,"x":-4.14,"y":0.51,"curve":[0.25,0,0.75,1]},{"time":3.5,"x":0.6,"y":-2.11,"curve":[0.25,0,0.625,0.5]},{"time":4,"x":-1.77,"y":-0.8}]},"huodongjuesedaiji_9":{"translate":[{"time":0,"x":-1.85,"y":-0.53,"curve":[0.375,0.5,0.75,1]},{"time":0.5,"x":-3.38,"y":-2.12,"curve":[0.25,0,0.75,1]},{"time":1.5,"x":-0.31,"y":1.05,"curve":[0.25,0,0.625,0.5]},{"time":2,"x":-1.85,"y":-0.53,"curve":[0.375,0.5,0.75,1]},{"time":2.5,"x":-3.38,"y":-2.12,"curve":[0.25,0,0.75,1]},{"time":3.5,"x":-0.31,"y":1.05,"curve":[0.25,0,0.625,0.5]},{"time":4,"x":-1.85,"y":-0.53}]},"huodongjuesedaiji_11":{"rotate":[{"time":0,"angle":-0.97,"curve":[0.371,0.62,0.71,1]},{"time":0.1667,"angle":-1.2,"curve":[0.25,0,0.75,1]},{"time":1.1667,"angle":1.26,"curve":[0.243,0,0.689,0.75]},{"time":2,"angle":-0.97,"curve":[0.371,0.62,0.71,1]},{"time":2.1667,"angle":-1.2,"curve":[0.25,0,0.75,1]},{"time":3.1667,"angle":1.26,"curve":[0.243,0,0.689,0.75]},{"time":4,"angle":-0.97}]},"huodongjuesedaiji_14":{"rotate":[{"time":0,"angle":-2.69,"curve":[0.382,0.57,0.735,1]},{"time":0.3333,"angle":-5.06,"curve":[0.25,0,0.75,1]},{"time":1.3333,"angle":3.29,"curve":[0.243,0,0.649,0.6]},{"time":2,"angle":-2.69,"curve":[0.382,0.57,0.735,1]},{"time":2.3333,"angle":-5.06,"curve":[0.25,0,0.75,1]},{"time":3.3333,"angle":3.29,"curve":[0.243,0,0.649,0.6]},{"time":4,"angle":-2.69}]},"huodongjuesedaiji_13":{"rotate":[{"time":0,"angle":0.33,"curve":[0.375,0.5,0.75,1]},{"time":0.5,"angle":-9.64,"curve":[0.25,0,0.75,1]},{"time":1.5,"angle":10.29,"curve":[0.25,0,0.625,0.5]},{"time":2,"angle":0.33,"curve":[0.375,0.5,0.75,1]},{"time":2.5,"angle":-9.64,"curve":[0.25,0,0.75,1]},{"time":3.5,"angle":10.29,"curve":[0.25,0,0.625,0.5]},{"time":4,"angle":0.33}]},"huodongjuesedaiji_07":{"rotate":[{"time":0,"angle":0.17,"curve":[0.382,0.57,0.735,1]},{"time":0.3333,"angle":0.5,"curve":[0.25,0,0.75,1]},{"time":1.3333,"angle":-0.67,"curve":[0.243,0,0.649,0.6]},{"time":2,"angle":0.17,"curve":[0.382,0.57,0.735,1]},{"time":2.3333,"angle":0.5,"curve":[0.25,0,0.75,1]},{"time":3.3333,"angle":-0.67,"curve":[0.243,0,0.649,0.6]},{"time":4,"angle":0.17}]},"huodongjuesedaiji_8":{"rotate":[{"time":0,"angle":-0.34,"curve":[0.351,0.4,0.757,1]},{"time":0.6667,"angle":0.5,"curve":[0.25,0,0.75,1]},{"time":1.6667,"angle":-0.67,"curve":[0.265,0,0.618,0.43]},{"time":2,"angle":-0.34,"curve":[0.351,0.4,0.757,1]},{"time":2.6667,"angle":0.5,"curve":[0.25,0,0.75,1]},{"time":3.6667,"angle":-0.67,"curve":[0.265,0,0.618,0.43]},{"time":4,"angle":-0.34}]},"huodongjuesedaiji_7":{"rotate":[{"time":0,"angle":-0.67,"curve":[0.25,0,0.75,1]},{"time":1,"angle":0.5,"curve":[0.25,0,0.75,1]},{"time":2,"angle":-0.67,"curve":[0.25,0,0.75,1]},{"time":3,"angle":0.5,"curve":[0.25,0,0.75,1]},{"time":4,"angle":-0.67}]},"huodongjuesedaiji_16":{"rotate":[{"time":0,"angle":1.08,"curve":[0.382,0.57,0.735,1]},{"time":0.3333,"angle":2.17,"curve":[0.25,0,0.75,1]},{"time":1.3333,"angle":-1.67,"curve":[0.243,0,0.649,0.6]},{"time":2,"angle":1.08,"curve":[0.382,0.57,0.735,1]},{"time":2.3333,"angle":2.17,"curve":[0.25,0,0.75,1]},{"time":3.3333,"angle":-1.67,"curve":[0.243,0,0.649,0.6]},{"time":4,"angle":1.08}]},"huodongjuesedaiji_15":{"rotate":[{"time":0,"angle":-0.44,"curve":[0.351,0.4,0.757,1]},{"time":0.6667,"angle":2.17,"curve":[0.25,0,0.75,1]},{"time":1.6667,"angle":-1.47,"curve":[0.265,0,0.618,0.43]},{"time":2,"angle":-0.44,"curve":[0.351,0.4,0.757,1]},{"time":2.6667,"angle":2.17,"curve":[0.25,0,0.75,1]},{"time":3.6667,"angle":-1.47,"curve":[0.265,0,0.618,0.43]},{"time":4,"angle":-0.44}]},"huodongjuesedaiji_18":{"rotate":[{"time":0,"angle":-2.04,"curve":[0.25,0,0.75,1]},{"time":1,"angle":2.17,"curve":[0.25,0,0.75,1]},{"time":2,"angle":-2.04,"curve":[0.25,0,0.75,1]},{"time":3,"angle":2.17,"curve":[0.25,0,0.75,1]},{"time":4,"angle":-2.04}]},"huodongjuesedaiji_19":{"rotate":[{"time":0,"angle":-2.67,"curve":[0.25,0,0.75,1]},{"time":1,"angle":2.36,"curve":[0.25,0,0.75,1]},{"time":2,"angle":-2.67,"curve":[0.25,0,0.75,1]},{"time":3,"angle":2.36,"curve":[0.25,0,0.75,1]},{"time":4,"angle":-2.67}]},"huodongjuesedaiji_17":{"rotate":[{"time":0,"angle":-4.96,"curve":[0.25,0,0.75,1]},{"time":1,"angle":2.36,"curve":[0.25,0,0.75,1]},{"time":2,"angle":-4.96,"curve":[0.25,0,0.75,1]},{"time":3,"angle":2.36,"curve":[0.25,0,0.75,1]},{"time":4,"angle":-4.96}]},"huodongjuesedaiji_21":{"rotate":[{"time":0,"angle":-7.68,"curve":[0.25,0,0.75,1]},{"time":1,"angle":2.36,"curve":[0.25,0,0.75,1]},{"time":2,"angle":-7.68,"curve":[0.25,0,0.75,1]},{"time":3,"angle":2.36,"curve":[0.25,0,0.75,1]},{"time":4,"angle":-7.68}]},"huodongjuesedaiji_22":{"rotate":[{"time":0,"angle":-2.35,"curve":[0.371,0.62,0.71,1]},{"time":0.1667,"angle":-2.8,"curve":[0.25,0,0.75,1]},{"time":1.1667,"angle":1.87,"curve":[0.243,0,0.689,0.75]},{"time":2,"angle":-2.35,"curve":[0.371,0.62,0.71,1]},{"time":2.1667,"angle":-2.8,"curve":[0.25,0,0.75,1]},{"time":3.1667,"angle":1.87,"curve":[0.243,0,0.689,0.75]},{"time":4,"angle":-2.35}]},"huodongjuesedaiji_20":{"rotate":[{"time":0,"angle":-3.18,"curve":[0.382,0.57,0.735,1]},{"time":0.3333,"angle":-6.19,"curve":[0.25,0,0.75,1]},{"time":1.3333,"angle":4.42,"curve":[0.243,0,0.649,0.6]},{"time":2,"angle":-3.18,"curve":[0.382,0.57,0.735,1]},{"time":2.3333,"angle":-6.19,"curve":[0.25,0,0.75,1]},{"time":3.3333,"angle":4.42,"curve":[0.243,0,0.649,0.6]},{"time":4,"angle":-3.18}]},"huodongjuesedaiji_23":{"rotate":[{"time":0,"angle":-0.61,"curve":[0.382,0.57,0.735,1]},{"time":0.3333,"angle":-1.1,"curve":[0.25,0,0.75,1]},{"time":1.3333,"angle":0.62,"curve":[0.243,0,0.649,0.6]},{"time":2,"angle":-0.61,"curve":[0.382,0.57,0.735,1]},{"time":2.3333,"angle":-1.1,"curve":[0.25,0,0.75,1]},{"time":3.3333,"angle":0.62,"curve":[0.243,0,0.649,0.6]},{"time":4,"angle":-0.61}]},"huodongjuesedaiji_25":{"rotate":[{"time":0,"angle":-0.96,"curve":[0.351,0.4,0.757,1]},{"time":0.6667,"angle":5.19,"curve":[0.25,0,0.75,1]},{"time":1.6667,"angle":-3.4,"curve":[0.265,0,0.618,0.43]},{"time":2,"angle":-0.96,"curve":[0.351,0.4,0.757,1]},{"time":2.6667,"angle":5.19,"curve":[0.25,0,0.75,1]},{"time":3.6667,"angle":-3.4,"curve":[0.265,0,0.618,0.43]},{"time":4,"angle":-0.96}]},"huodongjuesedaiji_08":{"rotate":[{"time":0,"angle":-1.79,"curve":[0.25,0,0.75,1]},{"time":1,"angle":0.13,"curve":[0.25,0,0.75,1]},{"time":2,"angle":-1.79,"curve":[0.25,0,0.75,1]},{"time":3,"angle":0.13,"curve":[0.25,0,0.75,1]},{"time":4,"angle":-1.79}]},"huodongjuesedaiji_2":{"rotate":[{"time":0,"angle":0.21,"curve":[0.382,0.57,0.735,1]},{"time":0.3333,"angle":0.64,"curve":[0.25,0,0.75,1]},{"time":1.3333,"angle":-0.9,"curve":[0.243,0,0.649,0.6]},{"time":2,"angle":0.21,"curve":[0.382,0.57,0.735,1]},{"time":2.3333,"angle":0.64,"curve":[0.25,0,0.75,1]},{"time":3.3333,"angle":-0.9,"curve":[0.243,0,0.649,0.6]},{"time":4,"angle":0.21}]},"huodongjuesedaiji_5":{"rotate":[{"time":0,"angle":-1.18,"curve":[0.351,0.4,0.757,1]},{"time":0.6667,"angle":2.39,"curve":[0.25,0,0.75,1]},{"time":1.6667,"angle":-2.59,"curve":[0.265,0,0.618,0.43]},{"time":2,"angle":-1.18,"curve":[0.351,0.4,0.757,1]},{"time":2.6667,"angle":2.39,"curve":[0.25,0,0.75,1]},{"time":3.6667,"angle":-2.59,"curve":[0.265,0,0.618,0.43]},{"time":4,"angle":-1.18}]},"huodongjuesedaiji_4":{"rotate":[{"time":0,"angle":-3.23,"curve":[0.371,0.62,0.71,1]},{"time":0.1667,"angle":-3.93,"curve":[0.25,0,0.75,1]},{"time":1.1667,"angle":3.29,"curve":[0.243,0,0.689,0.75]},{"time":2,"angle":-3.23,"curve":[0.371,0.62,0.71,1]},{"time":2.1667,"angle":-3.93,"curve":[0.25,0,0.75,1]},{"time":3.1667,"angle":3.29,"curve":[0.243,0,0.689,0.75]},{"time":4,"angle":-3.23}]},"huodongjuesedaiji_31":{"rotate":[{"time":0,"angle":-1.2,"curve":[0.382,0.57,0.735,1]},{"time":0.3333,"angle":-2.11,"curve":[0.25,0,0.75,1]},{"time":1.3333,"angle":1.09,"curve":[0.243,0,0.649,0.6]},{"time":2,"angle":-1.2,"curve":[0.382,0.57,0.735,1]},{"time":2.3333,"angle":-2.11,"curve":[0.25,0,0.75,1]},{"time":3.3333,"angle":1.09,"curve":[0.243,0,0.649,0.6]},{"time":4,"angle":-1.2}]},"huodongjuesedaiji_32":{"rotate":[{"time":0,"angle":1.67,"curve":[0.351,0.4,0.757,1]},{"time":0.6667,"angle":-3.26,"curve":[0.25,0,0.75,1]},{"time":1.6667,"angle":3.62,"curve":[0.265,0,0.618,0.43]},{"time":2,"angle":1.67,"curve":[0.351,0.4,0.757,1]},{"time":2.6667,"angle":-3.26,"curve":[0.25,0,0.75,1]},{"time":3.6667,"angle":3.62,"curve":[0.265,0,0.618,0.43]},{"time":4,"angle":1.67}]},"huodongjuesedaiji_6":{"rotate":[{"time":0,"angle":4.78,"curve":[0.25,0,0.75,1]},{"time":1,"angle":-6.13,"curve":[0.25,0,0.75,1]},{"time":2,"angle":4.78,"curve":[0.25,0,0.75,1]},{"time":3,"angle":-6.13,"curve":[0.25,0,0.75,1]},{"time":4,"angle":4.78}]},"huodongjuesedaiji_04":{"rotate":[{"time":0,"angle":0.19,"curve":[0.351,0.4,0.757,1]},{"time":0.6667,"angle":1.24,"curve":[0.25,0,0.75,1]},{"time":1.6667,"angle":-0.23,"curve":[0.265,0,0.618,0.43]},{"time":2,"angle":0.19,"curve":[0.351,0.4,0.757,1]},{"time":2.6667,"angle":1.24,"curve":[0.25,0,0.75,1]},{"time":3.6667,"angle":-0.23,"curve":[0.265,0,0.618,0.43]},{"time":4,"angle":0.19}]},"huodongjuesedaiji_34":{"rotate":[{"time":0,"angle":-1.92,"curve":[0.25,0,0.75,1]},{"time":1,"angle":0.87,"curve":[0.25,0,0.75,1]},{"time":2,"angle":-1.92,"curve":[0.25,0,0.75,1]},{"time":3,"angle":0.87,"curve":[0.25,0,0.75,1]},{"time":4,"angle":-1.92}]},"huodongjuesedaiji_37":{"rotate":[{"time":0,"angle":-0.41,"curve":[0.351,0.4,0.757,1]},{"time":0.6667,"angle":1.19,"curve":[0.25,0,0.75,1]},{"time":1.6667,"angle":-1.04,"curve":[0.265,0,0.618,0.43]},{"time":2,"angle":-0.41,"curve":[0.351,0.4,0.757,1]},{"time":2.6667,"angle":1.19,"curve":[0.25,0,0.75,1]},{"time":3.6667,"angle":-1.04,"curve":[0.265,0,0.618,0.43]},{"time":4,"angle":-0.41}]},"huodongjuesedaiji_35":{"rotate":[{"time":0,"angle":-2.88,"curve":[0.25,0,0.75,1]},{"time":1,"angle":8.85,"curve":[0.25,0,0.75,1]},{"time":2,"angle":-2.88,"curve":[0.25,0,0.75,1]},{"time":3,"angle":8.85,"curve":[0.25,0,0.75,1]},{"time":4,"angle":-2.88}]},"huodongjuesedaiji_28":{"rotate":[{"time":0,"angle":0.43,"curve":[0.382,0.57,0.735,1]},{"time":0.3333,"angle":1.09,"curve":[0.25,0,0.75,1]},{"time":1.3333,"angle":-1.21,"curve":[0.243,0,0.649,0.6]},{"time":2,"angle":0.43,"curve":[0.382,0.57,0.735,1]},{"time":2.3333,"angle":1.09,"curve":[0.25,0,0.75,1]},{"time":3.3333,"angle":-1.21,"curve":[0.243,0,0.649,0.6]},{"time":4,"angle":0.43}]},"huodongjuesedaiji_27":{"rotate":[{"time":0,"angle":-1.77,"curve":[0.351,0.4,0.757,1]},{"time":0.6667,"angle":2.05,"curve":[0.25,0,0.75,1]},{"time":1.6667,"angle":-3.28,"curve":[0.265,0,0.618,0.43]},{"time":2,"angle":-1.77,"curve":[0.351,0.4,0.757,1]},{"time":2.6667,"angle":2.05,"curve":[0.25,0,0.75,1]},{"time":3.6667,"angle":-3.28,"curve":[0.265,0,0.618,0.43]},{"time":4,"angle":-1.77}]},"huodongjuesedaiji_30":{"rotate":[{"time":0,"angle":-5.48,"curve":[0.25,0,0.75,1]},{"time":1,"angle":4.43,"curve":[0.25,0,0.75,1]},{"time":2,"angle":-5.48,"curve":[0.25,0,0.75,1]},{"time":3,"angle":4.43,"curve":[0.25,0,0.75,1]},{"time":4,"angle":-5.48}]},"huodongjuesedaiji_09":{"rotate":[{"time":0,"angle":0.1,"curve":[0.375,0.5,0.75,1]},{"time":0.5,"angle":-1.09,"curve":[0.25,0,0.75,1]},{"time":1.5,"angle":1.3,"curve":[0.25,0,0.625,0.5]},{"time":2,"angle":0.1,"curve":[0.375,0.5,0.75,1]},{"time":2.5,"angle":-1.09,"curve":[0.25,0,0.75,1]},{"time":3.5,"angle":1.3,"curve":[0.25,0,0.625,0.5]},{"time":4,"angle":0.1}]},"huodongjuesedaiji_26":{"rotate":[{"time":0,"angle":-0.83,"curve":[0.382,0.57,0.735,1]},{"time":0.3333,"angle":-1.63,"curve":[0.25,0,0.75,1]},{"time":1.3333,"angle":1.18,"curve":[0.243,0,0.649,0.6]},{"time":2,"angle":-0.83,"curve":[0.382,0.57,0.735,1]},{"time":2.3333,"angle":-1.63,"curve":[0.25,0,0.75,1]},{"time":3.3333,"angle":1.18,"curve":[0.243,0,0.649,0.6]},{"time":4,"angle":-0.83}]},"huodongjuesedaiji_24":{"rotate":[{"time":0,"angle":1.7,"curve":[0.351,0.4,0.757,1]},{"time":0.6667,"angle":-3.49,"curve":[0.25,0,0.75,1]},{"time":1.6667,"angle":3.75,"curve":[0.265,0,0.618,0.43]},{"time":2,"angle":1.7,"curve":[0.351,0.4,0.757,1]},{"time":2.6667,"angle":-3.49,"curve":[0.25,0,0.75,1]},{"time":3.6667,"angle":3.75,"curve":[0.265,0,0.618,0.43]},{"time":4,"angle":1.7}]},"huodongjuesedaiji_01":{"rotate":[{"time":0,"angle":0.17,"curve":[0.371,0.62,0.71,1]},{"time":0.1667,"angle":0.2,"curve":[0.25,0,0.75,1]},{"time":1.1667,"angle":-0.13,"curve":[0.243,0,0.689,0.75]},{"time":2,"angle":0.17,"curve":[0.371,0.62,0.71,1]},{"time":2.1667,"angle":0.2,"curve":[0.25,0,0.75,1]},{"time":3.1667,"angle":-0.13,"curve":[0.243,0,0.689,0.75]},{"time":4,"angle":0.17}]},"huodongjuesedaiji_1":{"rotate":[{"time":0,"angle":1.04,"curve":[0.375,0.5,0.75,1]},{"time":0.5,"angle":2.61,"curve":[0.25,0,0.75,1]},{"time":1.5,"angle":-0.53,"curve":[0.25,0,0.625,0.5]},{"time":2,"angle":1.04,"curve":[0.375,0.5,0.75,1]},{"time":2.5,"angle":2.61,"curve":[0.25,0,0.75,1]},{"time":3.5,"angle":-0.53,"curve":[0.25,0,0.625,0.5]},{"time":4,"angle":1.04}]},"huodongjuesedaiji_03":{"rotate":[{"time":0,"angle":-0.32,"curve":[0.311,0.25,0.757,1]},{"time":0.8333,"angle":2,"curve":[0.25,0,0.75,1]},{"time":1.8333,"angle":-0.57,"curve":[0.29,0,0.629,0.38]},{"time":2,"angle":-0.32,"curve":[0.311,0.25,0.757,1]},{"time":2.8333,"angle":2,"curve":[0.25,0,0.75,1]},{"time":3.8333,"angle":-0.57,"curve":[0.29,0,0.629,0.38]},{"time":4,"angle":-0.32}]},"huodongjuesedaiji_39":{"rotate":[{"time":0,"angle":-3.89,"curve":[0.25,0,0.75,1]},{"time":1,"angle":2.18,"curve":[0.25,0,0.75,1]},{"time":2,"angle":-3.89,"curve":[0.25,0,0.75,1]},{"time":3,"angle":2.18,"curve":[0.25,0,0.75,1]},{"time":4,"angle":-3.89}]},"huodongjuesedaiji_33":{"rotate":[{"time":0,"angle":0.38,"curve":[0.382,0.57,0.735,1]},{"time":0.3333,"angle":0.71,"curve":[0.25,0,0.75,1]},{"time":1.3333,"angle":-0.47,"curve":[0.243,0,0.649,0.6]},{"time":2,"angle":0.38,"curve":[0.382,0.57,0.735,1]},{"time":2.3333,"angle":0.71,"curve":[0.25,0,0.75,1]},{"time":3.3333,"angle":-0.47,"curve":[0.243,0,0.649,0.6]},{"time":4,"angle":0.38}]},"huodongjuesedaiji_36":{"rotate":[{"time":0,"angle":-0.44,"curve":[0.351,0.4,0.757,1]},{"time":0.6667,"angle":1.14,"curve":[0.25,0,0.75,1]},{"time":1.6667,"angle":-1.06,"curve":[0.265,0,0.618,0.43]},{"time":2,"angle":-0.44,"curve":[0.351,0.4,0.757,1]},{"time":2.6667,"angle":1.14,"curve":[0.25,0,0.75,1]},{"time":3.6667,"angle":-1.06,"curve":[0.265,0,0.618,0.43]},{"time":4,"angle":-0.44}]},"zhuce_guang_04":{"scale":[{"time":0,"x":1.2,"y":1.2},{"time":1,"x":1,"y":1},{"time":2,"x":1.2,"y":1.2},{"time":3,"x":1,"y":1},{"time":4,"x":1.2,"y":1.2}]},"root":{"scale":[{"time":0,"x":1.2,"y":1.2}]}},"deform":{"default":{"huodongjuesedaiji_05":{"huodongjuesedaiji_05":[{"time":0,"vertices":[0.88347,-0.0573,-0.09208,0.02718,2.0E-5,1.0E-5,2.23937,-0.55225,7.67344,-0.43506,12.82625,1.46356,16.04382,1.52634,13.91653,3.14587,7.91069,2.09554,3.23733,1.15694],"curve":"stepped"},{"time":1.2333,"vertices":[-146.02296,35.48238,-146.9985,35.56686,-146.90642,35.53969,-144.66707,34.98743,-139.233,35.10462,-134.08018,37.00324,-130.86261,37.06602,-132.9899,38.68555,-138.99574,37.63522,-143.6691,36.69662],"curve":"stepped"},{"time":1.6667,"vertices":[0.88347,-0.0573,-0.09208,0.02718,2.0E-5,1.0E-5,2.23937,-0.55225,7.67344,-0.43506,12.82625,1.46356,16.04382,1.52634,13.91653,3.14587,7.91069,2.09554,3.23733,1.15694]},{"time":1.8333,"offset":2,"vertices":[-0.09208,0.02718],"curve":"stepped"},{"time":2,"offset":2,"vertices":[-0.09208,0.02718]},{"time":2.1667,"vertices":[0.88347,-0.0573,-0.09208,0.02718,2.0E-5,1.0E-5,2.23937,-0.55225,7.67344,-0.43506,12.82625,1.46356,16.04382,1.52634,13.91653,3.14587,7.91069,2.09554,3.23733,1.15694]}]},"huodongjuesedaiji_13":{"huodongjuesedaiji_13":[{"time":0,"offset":28,"vertices":[-0.06084,-0.11671]},{"time":0.3333,"offset":8,"vertices":[-0.37824,0.5009,-1.35316,2.3776,-2.24007,3.66121,-3.20478,3.20774,-3.79144,1.11195,-1.76675,0.13757,-1.11662,0.94782,-0.29227,0.99428,-1.61419,1.40651,-3.72859,3.25961,-4.87035,5.45648,-4.80257,4.80634,-2.21175,4.05834,-2.82196,4.5301,-2.84097,5.82476,-1.68478,1.12466,-2.29491,2.27,-0.62569,1.77559,-3.0E-5,-1.0E-5,-2.0E-5,-1.0E-5,-2.0E-5,0,-4.0E-5,-1.0E-5,-2.0E-5,0,0,0,-4.0E-5,-1.0E-5,-2.60033,3.36961,-2.17924,1.88166,-3.0E-5,-1.0E-5,-3.0E-5,0,-6.0E-5,-2.0E-5,0,0,-0.35541,0.84811,-2.11245,2.31839]},{"time":0.6667,"offset":12,"vertices":[0.81517,-0.41503,0.91879,-0.93285,2.13017,-1.09607,0.29491,-1.86694,-0.34521,-0.06409,0.38919,-0.48802,3.23692,-1.35759,2.66679,-2.53285,2.15342,-3.72833,2.41954,-3.28605,1.04216,-2.1342,1.25327,-1.52863,0.4429,-1.64268,-0.17089,-0.65394,0.50889,-0.12458,0.75471,-0.14886,-3.0E-5,-1.0E-5,-2.0E-5,-1.0E-5,-2.0E-5,0,-4.0E-5,-1.0E-5,-2.0E-5,0,0,0,-4.0E-5,-1.0E-5,0.42582,-0.46334,0.14942,-0.12609]},{"time":1,"offset":8,"vertices":[-0.37824,0.5009,-1.35316,2.3776,-2.24007,3.66121,-3.20478,3.20774,-3.79144,1.11195,-1.76675,0.13757,-1.11662,0.94782,-0.29227,0.99428,-1.61419,1.40651,-3.72859,3.25961,-4.87035,5.45648,-4.80257,4.80634,-2.21175,4.05834,-2.82196,4.5301,-2.84097,5.82476,-1.68478,1.12466,-2.29491,2.27,-0.62569,1.77559,-3.0E-5,-1.0E-5,-2.0E-5,-1.0E-5,-2.0E-5,0,-4.0E-5,-1.0E-5,-2.0E-5,0,0,0,-4.0E-5,-1.0E-5,-2.60033,3.36961,-2.17924,1.88166,-3.0E-5,-1.0E-5,-3.0E-5,0,-6.0E-5,-2.0E-5,0,0,-0.35541,0.84811,-2.11245,2.31839]},{"time":1.3333,"offset":12,"vertices":[0.81517,-0.41503,0.91879,-0.93285,2.13017,-1.09607,0.29491,-1.86694,-0.34521,-0.06409,0.38919,-0.48802,3.23692,-1.35759,2.66679,-2.53285,2.15342,-3.72833,2.41954,-3.28605,1.04216,-2.1342,1.25327,-1.52863,0.4429,-1.64268,-0.17089,-0.65394,0.50889,-0.12458,0.75471,-0.14886,-3.0E-5,-1.0E-5,-2.0E-5,-1.0E-5,-2.0E-5,0,-4.0E-5,-1.0E-5,-2.0E-5,0,0,0,-4.0E-5,-1.0E-5,0.42582,-0.46334,0.14942,-0.12609]},{"time":1.6667,"offset":8,"vertices":[-0.37824,0.5009,-1.35316,2.3776,-2.24007,3.66121,-3.20478,3.20774,-3.79144,1.11195,-1.76675,0.13757,-1.11662,0.94782,-0.29227,0.99428,-1.61419,1.40651,-3.72859,3.25961,-4.87035,5.45648,-4.80257,4.80634,-2.21175,4.05834,-2.82196,4.5301,-2.84097,5.82476,-1.68478,1.12466,-2.29491,2.27,-0.62569,1.77559,-3.0E-5,-1.0E-5,-2.0E-5,-1.0E-5,-2.0E-5,0,-4.0E-5,-1.0E-5,-2.0E-5,0,0,0,-4.0E-5,-1.0E-5,-2.60033,3.36961,-2.17924,1.88166,-3.0E-5,-1.0E-5,-3.0E-5,0,-6.0E-5,-2.0E-5,0,0,-0.35541,0.84811,-2.11245,2.31839]},{"time":2,"offset":28,"vertices":[-0.06084,-0.11671]},{"time":2.3333,"offset":8,"vertices":[-0.37824,0.5009,-1.35316,2.3776,-2.24007,3.66121,-3.20478,3.20774,-3.79144,1.11195,-1.76675,0.13757,-1.11662,0.94782,-0.29227,0.99428,-1.61419,1.40651,-3.72859,3.25961,-4.87035,5.45648,-4.80257,4.80634,-2.21175,4.05834,-2.82196,4.5301,-2.84097,5.82476,-1.68478,1.12466,-2.29491,2.27,-0.62569,1.77559,-3.0E-5,-1.0E-5,-2.0E-5,-1.0E-5,-2.0E-5,0,-4.0E-5,-1.0E-5,-2.0E-5,0,0,0,-4.0E-5,-1.0E-5,-2.60033,3.36961,-2.17924,1.88166,-3.0E-5,-1.0E-5,-3.0E-5,0,-6.0E-5,-2.0E-5,0,0,-0.35541,0.84811,-2.11245,2.31839]},{"time":2.6667,"offset":12,"vertices":[0.81517,-0.41503,0.91879,-0.93285,2.13017,-1.09607,0.29491,-1.86694,-0.34521,-0.06409,0.38919,-0.48802,3.23692,-1.35759,2.66679,-2.53285,2.15342,-3.72833,2.41954,-3.28605,1.04216,-2.1342,1.25327,-1.52863,0.4429,-1.64268,-0.17089,-0.65394,0.50889,-0.12458,0.75471,-0.14886,-3.0E-5,-1.0E-5,-2.0E-5,-1.0E-5,-2.0E-5,0,-4.0E-5,-1.0E-5,-2.0E-5,0,0,0,-4.0E-5,-1.0E-5,0.42582,-0.46334,0.14942,-0.12609]},{"time":3,"offset":8,"vertices":[-0.37824,0.5009,-1.35316,2.3776,-2.24007,3.66121,-3.20478,3.20774,-3.79144,1.11195,-1.76675,0.13757,-1.11662,0.94782,-0.29227,0.99428,-1.61419,1.40651,-3.72859,3.25961,-4.87035,5.45648,-4.80257,4.80634,-2.21175,4.05834,-2.82196,4.5301,-2.84097,5.82476,-1.68478,1.12466,-2.29491,2.27,-0.62569,1.77559,-3.0E-5,-1.0E-5,-2.0E-5,-1.0E-5,-2.0E-5,0,-4.0E-5,-1.0E-5,-2.0E-5,0,0,0,-4.0E-5,-1.0E-5,-2.60033,3.36961,-2.17924,1.88166,-3.0E-5,-1.0E-5,-3.0E-5,0,-6.0E-5,-2.0E-5,0,0,-0.35541,0.84811,-2.11245,2.31839]},{"time":3.3333,"offset":12,"vertices":[0.81517,-0.41503,0.91879,-0.93285,2.13017,-1.09607,0.29491,-1.86694,-0.34521,-0.06409,0.38919,-0.48802,3.23692,-1.35759,2.66679,-2.53285,2.15342,-3.72833,2.41954,-3.28605,1.04216,-2.1342,1.25327,-1.52863,0.4429,-1.64268,-0.17089,-0.65394,0.50889,-0.12458,0.75471,-0.14886,-3.0E-5,-1.0E-5,-2.0E-5,-1.0E-5,-2.0E-5,0,-4.0E-5,-1.0E-5,-2.0E-5,0,0,0,-4.0E-5,-1.0E-5,0.42582,-0.46334,0.14942,-0.12609]},{"time":3.6667,"offset":8,"vertices":[-0.37824,0.5009,-1.35316,2.3776,-2.24007,3.66121,-3.20478,3.20774,-3.79144,1.11195,-1.76675,0.13757,-1.11662,0.94782,-0.29227,0.99428,-1.61419,1.40651,-3.72859,3.25961,-4.87035,5.45648,-4.80257,4.80634,-2.21175,4.05834,-2.82196,4.5301,-2.84097,5.82476,-1.68478,1.12466,-2.29491,2.27,-0.62569,1.77559,-3.0E-5,-1.0E-5,-2.0E-5,-1.0E-5,-2.0E-5,0,-4.0E-5,-1.0E-5,-2.0E-5,0,0,0,-4.0E-5,-1.0E-5,-2.60033,3.36961,-2.17924,1.88166,-3.0E-5,-1.0E-5,-3.0E-5,0,-6.0E-5,-2.0E-5,0,0,-0.35541,0.84811,-2.11245,2.31839]},{"time":4,"offset":28,"vertices":[-0.06084,-0.11671]}]}}}}}}